Code;Name;Description;Price;Link;Image;Brand;Categories;ShippingCost;Availability;Vat
00665d5d-65a7-455e-9661-8bb94a64494b;Cartella archivio con lacci - dorso 8 cm - grigio - Euro-cart;Cartella archivio con legacci rivettati. Dimensioni 35x25 cm. Dorso 8 cm.;3.42;https://www.asforniture.it/prodotti/cartella-archivio-con-lacci-dorso-8-cm-grigio-euro-cart--00665d5d-65a7-455e-9661-8bb94a64494b;https://odmultimedia.eu/immagini/HD/73590.jpg;Euro-cart;Archivio > Cartelle archivio con lacci;0.00;1;22
01e7fc03-a705-4233-aaeb-2c5d4d8960f7;Registratore Oxford G85 - dorso 5 cm - protocollo 23 x 33 cm - Verde - Esselte;Registratore Oxford G85 con meccanismo a leva, dorso 8cm, formato protocollo.;5.49;https://www.asforniture.it/prodotti/registratore-oxford-g85-dorso-5-cm-protocollo-23-x-33-cm-verde-esselte--01e7fc03-a705-4233-aaeb-2c5d4d8960f7;https://odmultimedia.eu/immagini/HD/50925.jpg;Astro Forniture;Archivio > Raccoglitori Archivio;0.00;1;22
0404c951-a58a-4a57-aaa3-516a8d46ab26;Matita in grafite Noris - gradazione 2H - Staedtler - conf. 12 pezzi;Matita di alta qualità per scrivere, disegnare e fare schizzi. Gradazione: 2H. Conf. 12 pz.;5.49;https://www.asforniture.it/prodotti/matita-in-grafite-noris-gradazione-2h-staedtler-conf-12-pezzi--0404c951-a58a-4a57-aaa3-516a8d46ab26;https://odmultimedia.eu/immagini/MD/37046.jpg;Staedtler;Cancelleria > Scrittura;0.00;1;22
04b3687d-5f69-4d30-9919-baa8fb87eccd;Buste a sacco Soft - 22 x 30 cm - conf. 25 pz;Buste a sacco in PPL morbido, formato 22x30 cm.;5.12;https://www.asforniture.it/prodotti/buste-a-sacco-soft-22-x-30-cm-conf-25-pz--04b3687d-5f69-4d30-9919-baa8fb87eccd;https://odmultimedia.eu/immagini/HD/25958.jpg;Sei Rota;Archivio > Buste Trasparenti;0.00;1;22
0752cec2-4f0b-4220-b085-fabc05af855e;Scatola progetto Eurobox - dorso 8 cm - giallo;Scatola progetto Esselte in cartone robusto;7.56;https://www.asforniture.it/prodotti/scatola-progetto-eurobox-dorso-8-cm-giallo--0752cec2-4f0b-4220-b085-fabc05af855e;https://odmultimedia.eu/immagini/HD/48350.jpg;Esselte;Archivio > Scatole Archivio;0.00;1;22
079cc737-bebb-4e8c-b5ce-b5621c1cfc63;Scatola progetto Eurobox - dorso 15 cm - blu;Scatola progetto Esselte in cartone robusto;8.17;https://www.asforniture.it/prodotti/scatola-progetto-eurobox-dorso-15-cm-blu--079cc737-bebb-4e8c-b5ce-b5621c1cfc63;https://odmultimedia.eu/immagini/HD/48357.jpg;Esselte;Archivio > Scatole Archivio;0.00;1;22
08823da2-9c4c-446e-8dc5-e8c836540298;Fermagli zincati - n. 1 - 2 cm - Leone - conf. 100 pezzi;Fermagli metallici zincati Leone n. 1. Lunghezza 20mm. Confezione da 100 pezzi.;0.73;https://www.asforniture.it/prodotti/fermagli-zincati-n-1-2-cm-leone-conf-100-pezzi--08823da2-9c4c-446e-8dc5-e8c836540298;https://odmultimedia.eu/immagini/MD/49756.jpg;Leone;Cancelleria > Accessori Scrivania;0.00;1;22
0bb03389-f8e0-4c7e-ab3a-906f65f7d42f;Pennarello Stabilo OHPen 841 - punta superfine 0.4 mm - rosso;Pennarello universale permanente per quasi tutte le superfici lisce;1.83;https://www.asforniture.it/prodotti/pennarello-stabilo-ohpen-841-punta-superfine-0-4-mm-rosso--0bb03389-f8e0-4c7e-ab3a-906f65f7d42f;https://odmultimedia.eu/immagini/MD/27705.jpg;Stabilo;Cancelleria;0.00;1;22
0ebb8943-6be7-417a-b9bf-456e3432b497;Cartella archivio con lacci - dorso 15 cm - grigio - Euro-cart;Cartella archivio con legacci rivettati. Dimensioni 35x25 cm. Dorso 15 cm.;3.42;https://www.asforniture.it/prodotti/cartella-archivio-con-lacci-dorso-15-cm-grigio-euro-cart--0ebb8943-6be7-417a-b9bf-456e3432b497;https://odmultimedia.eu/immagini/HD/73590.jpg;Euro-cart;Archivio > Cartelle archivio con lacci;0.00;1;22
0eccbec2-f2a6-42d6-9aae-bc2addd2537a;Evidenziatore Tratto Video - verde;Evidenziatore con punta a scalpello, tratto 1.0-5.0mm. Ideale per carta, fax e fotocopie.;1.10;https://www.asforniture.it/prodotti/evidenziatore-tratto-video-verde--0eccbec2-f2a6-42d6-9aae-bc2addd2537a;https://odmultimedia.eu/immagini/MD/73535.jpg;Tratto;Cancelleria;0.00;1;22
100195;Rotolo per distributore self service - 57 mm x 85 m - 70 gr - diametro esterno 87 mm - anima 12 mm - carta termica BPA free - Sabacart;Rotolo carta termica BPA free Sabacart per distributore self service, 57 mm × 85 m, 70 gr, diametro esterno 87 mm, anima 12 mm.;2.44;https://www.asforniture.it/prodotti/rotolo-per-distributore-self-service-57-mm-x-85-m-70-gr-diametro-esterno-87-mm-a--100195;https://www.asforniture.it/images/carta-termica-100195.jpg;Sabacart;Carta > Carta Termica;0.00;1;22
100332;Rotolo per bilancia - 62,5 mm x 30 m - 55 gr - diametro esterno 50 mm - anima 12 mm - carta termica BPA free - Sabacart - blister 10 pezzi;Rotolo carta termica BPA free Sabacart per bilancia, 62,5 mm × 30 m, 55 gr, diametro esterno 50 mm, anima 12 mm. Blister da 10 pezzi.;12.81;https://www.asforniture.it/prodotti/rotolo-per-bilancia-62-5-mm-x-30-m-55-gr-diametro-esterno-50-mm-anima-12-mm-cart--100332;https://www.asforniture.it/images/carta-termica-100332.jpg;Sabacart;Carta > Carta Termica;0.00;1;22
100335;Rotolo per bilancia - 57 mm x 38 m - 112 gr - diametro esterno 82 mm - anima 25 mm - carta termica adesiva BPA free - Sabacart - blister 4 pezzi;Rotolo carta termica adesiva BPA free Sabacart per bilancia, 57 mm × 38 m, 112 gr, diametro esterno 82 mm, anima 25 mm. Blister da 4 pezzi.;22.57;https://www.asforniture.it/prodotti/rotolo-per-bilancia-57-mm-x-38-m-112-gr-diametro-esterno-82-mm-anima-25-mm-carta--100335;https://www.asforniture.it/images/carta-termica-100335.jpg;Sabacart;Carta > Carta Termica;0.00;1;22
100337;Rotolo per bilancia - 62,5 mm x 38 m - 112 gr - diametro esterno 82 mm - anima 25 mm - carta termica adesiva BPA free - Sabacart - blister 4 pezzi;Rotolo carta termica adesiva BPA free Sabacart per bilancia, 62,5 mm × 38 m, 112 gr, diametro esterno 82 mm, anima 25 mm. Blister da 4 pezzi.;25.62;https://www.asforniture.it/prodotti/rotolo-per-bilancia-62-5-mm-x-38-m-112-gr-diametro-esterno-82-mm-anima-25-mm-car--100337;https://www.asforniture.it/images/carta-termica-100337.jpg;Sabacart;Carta > Carta Termica;0.00;1;22
101355;Nastro adesivo antiscivolo DURALINE GRIP+ FORMFIT - 5 cm x 15 m - nero - Durable;Nastro antiscivolo Durable DURALINE GRIP+ FORMFIT, 5 cm × 15 m, nero. Versione formfit per adattarsi meglio a profili e superfici irregolari mantenendo grip elevato. Indicato per scale metalliche, piattaforme e zone ad alto passaggio. Preparare il supporto (sgrassare, asciugare), applicare senza bolle d’aria e pressare. Verificare compatibilità con detergenti industriali usati in manutenzione.;146.40;https://www.asforniture.it/prodotti/nastro-adesivo-antiscivolo-duraline-grip-formfit-5-cm-x-15-m-nero-durable--101355;https://odmultimedia.eu/immagini/MD/101355.jpg;Durable;Sicurezza > Nastri;0.00;1;22
101356;Nastro adesivo antiscivolo DURALINE GRIP+ - 5 cm x 15 m - giallo/nero - Durable;"Nastro antiscivolo Durable DURALINE GRIP+, 5 cm × 15 m, giallo/nero. Larghezza maggiorata per gradini e percorsi pedonali ad alto rischio scivolamento. Texture abrasiva ad alta aderenza; adesivo permanente per interni. Pulire e asciugare il supporto, applicare con pressione uniforme, non calpestare subito dopo l’applicazione. Elemento tipico dei piani di prevenzione antinfortunistica su scale e rampe.";97.60;https://www.asforniture.it/prodotti/nastro-adesivo-antiscivolo-duraline-grip-5-cm-x-15-m-giallo-nero-durable--101356;https://odmultimedia.eu/immagini/MD/101356.jpg;Durable;Sicurezza > Nastri;0.00;1;22
101358;Nastro adesivo antiscivolo DURALINE GRIP+ - 2,5 cm x 15 m - giallo/nero - Durable;"Nastro antiscivolo Durable DURALINE GRIP+, 2,5 cm × 15 m, giallo/nero a contrasto. Superficie abrasiva per ridurre il rischio di scivolamento su scale, rampe e soglie. Adesivo forte per pavimenti interni; applicare su fondo pulito e asciutto, lasciare maturare l’adesione prima del traffico intenso. Controllare usura periodicamente e sostituire se la grana è consumata. Contribuisce alle misure antinfortunistiche di prevenzione cadute.";48.80;https://www.asforniture.it/prodotti/nastro-adesivo-antiscivolo-duraline-grip-2-5-cm-x-15-m-giallo-nero-durable--101358;https://odmultimedia.eu/immagini/MD/101358.jpg;Durable;Sicurezza > Nastri;0.00;1;22
101802;Nastro adesivo antiscivolo ANTISLIP - 2,5 cm x 5 m - giallo/nero - Geko;"Nastro antiscivolo Geko ANTISLIP, 2,5 cm × 5 m, giallo/nero. Formato corto per interventi puntuali su gradini, pedane e soglie. Superficie grit ad alta aderenza; applicazione su fondo sgrassato. Pressare i bordi e verificare dopo le prime ore di traffico. Soluzione economica per la messa in sicurezza di punti critici.";8.54;https://www.asforniture.it/prodotti/nastro-adesivo-antiscivolo-antislip-2-5-cm-x-5-m-giallo-nero-geko--101802;https://odmultimedia.eu/immagini/MD/101802.jpg;Geko;Sicurezza > Nastri;0.00;1;22
101803;Striscia adesiva antiscivolo ANTISLIP - 1,9 x 61 cm - nero - Geko - conf. 5 pezzi;Strisce adesive antiscivolo Geko ANTISLIP, 1,9 × 61 cm, nero, conf. 5 pezzi. Pronte all’uso per gradini, pedane e soglie: riducono lo scivolamento con superficie grit. Tagliare se necessario, applicare su fondo sgrassato e asciutto, pressare bene. Controllare l’usura e sostituire le strisce consumate. Soluzione rapida per interventi di messa in sicurezza puntuale.;7.32;https://www.asforniture.it/prodotti/striscia-adesiva-antiscivolo-antislip-1-9-x-61-cm-nero-geko-conf-5-pezzi--101803;https://odmultimedia.eu/immagini/MD/101803.jpg;Geko;Sicurezza > Nastri;0.00;1;22
101808;Nastro adesivo antiscivolo fosforescente ANTISLIP - 5 cm x 15 m - giallo - Geko;"Nastro antiscivolo fosforescente Geko ANTISLIP, 5 cm × 15 m, giallo. Grip + effetto luminoso dopo esposizione alla luce, per scale e passaggi critici anche in scarsa illuminazione. Applicare su supporto pulito e asciutto; lasciare maturare l’adesivo. Ricaricare periodicamente esponendo alla luce artificiale/naturale. Integrabile nei piani di sicurezza antincendio e antinfortunistica.";73.20;https://www.asforniture.it/prodotti/nastro-adesivo-antiscivolo-fosforescente-antislip-5-cm-x-15-m-giallo-geko--101808;https://odmultimedia.eu/immagini/MD/101808.jpg;Geko;Sicurezza > Nastri;0.00;1;22
102020;Nastro mascheratura PRO Sensitive - per superfici delicate - 2,5 cm x 50 m - carta washi - rosa - Geko - conf. 6 pezzi;"Nastro mascheratura Geko PRO Sensitive, 2,5 cm × 50 m, carta washi rosa, conf. 6 pezzi. Pensato per superfici delicate (vernici fresche, laminati, plastiche): adesione controllata e rimozione pulita nei tempi consigliati. Ideale in verniciatura di precisione e protezione temporanea. Non lasciare oltre i limiti d’uso; rimuovere lentamente. Utile anche in ambiti tecnici dove serve mascheratura senza danneggiare il supporto.";48.80;https://www.asforniture.it/prodotti/nastro-mascheratura-pro-sensitive-per-superfici-delicate-2-5-cm-x-50-m-carta-was--102020;https://odmultimedia.eu/immagini/MD/102020.jpg;Geko;Sicurezza > Nastri;0.00;1;22
102021;Nastro mascheratura PRO Outdoor - per esterni - 2,5 cm x 50 m - carta washi - blu - Geko - conf. 6 pezzi;"Nastro mascheratura Geko PRO Outdoor, 2,5 cm × 50 m, carta washi blu, conf. 6 pezzi. Formulato per esterni: buona tenuta su intonaci e superfici irregolari, rimozione pulita se rispettati tempi d’uso. Ideale per verniciatura e demarcazioni temporanee di cantiere. Applicare su superficie asciutta; non esporre oltre i limiti dichiarati dal produttore per evitare residui. Utile anche per proteggere profili durante lavori di manutenzione.";48.80;https://www.asforniture.it/prodotti/nastro-mascheratura-pro-outdoor-per-esterni-2-5-cm-x-50-m-carta-washi-blu-geko-c--102021;https://odmultimedia.eu/immagini/MD/102021.jpg;Geko;Sicurezza > Nastri;0.00;1;22
102066;Carrello per le pulizie Uni-J 4.1 - multifunzione - 12 L - 75 x 60 x 118 cm - Taxon;Carrello pulizie Taxon Uni-J 4.1 multifunzione, 12 L, 75??60??118 cm.;359.90;https://www.asforniture.it/prodotti/carrello-per-le-pulizie-uni-j-4-1-multifunzione-12-l-75-x-60-x-118-cm-taxon--102066;https://odmultimedia.eu/immagini/MD/102066.jpg;Taxon;Prodotti per igiene > Attrezzature e Panni;0.00;1;22
102069;Aspirapolvere e liquidi semiprofessionale WTP 30XE - 1600 W - 30 L - 68 x 34 x 34 cm - Lavor;"Aspirapolvere aspiraliquidi semiprofessionale Lavor WTP 30XE: 1600 W, serbatoio 30 L, dimensioni 68×34×34 cm. Versatile per negozi, uffici e piccole attività: aspira polvere e liquidi con buona autonomia di carico. Svuotare e pulire filtro/serbatoio dopo l’uso; verificare tenuta e accessori prima di ogni intervento. Non impiegare su liquidi infiammabili o chimici non compatibili con le specifiche del costruttore.";341.60;https://www.asforniture.it/prodotti/aspirapolvere-e-liquidi-semiprofessionale-wtp-30xe-1600-w-30-l-68-x-34-x-34-cm-l--102069;https://odmultimedia.eu/immagini/MD/102069.jpg;Lavor;Prodotti per igiene > Macchine per Pulizia;0.00;1;22
102071;Aspirapolvere e liquidi professionale Windy 265IF - 2400 W - 65 L - 96 x 44 x 46 cm - Lavor;"Aspirapolvere aspiraliquidi professionale Lavor Windy 265IF: potenza 2400 W, serbatoio 65 L, ingombro 96×44×46 cm. Pensato per pulizie industriali e cantieri: aspira solidi e liquidi, con struttura robusta e grande capacità per interventi prolungati. Utilizzare con filtri e accessori previsti; dopo aspirazione liquidi svuotare e asciugare il serbatoio. DPI e procedure di sicurezza secondo manuale; non aspirare sostanze infiammabili o corrosive non autorizzate.";634.40;https://www.asforniture.it/prodotti/aspirapolvere-e-liquidi-professionale-windy-265if-2400-w-65-l-96-x-44-x-46-cm-la--102071;https://odmultimedia.eu/immagini/MD/102071.jpg;Lavor;Prodotti per igiene > Macchine per Pulizia;0.00;1;22
103584;Detergente disinfettante Lysoform Plus - per pavimenti - freschezza alpina - 5 L - Lysoform;"Detergente disinfettante concentrato Lysoform Plus per pavimenti duri e superfici lavabili. Formulazione professionale ad azione detergente e igienizzante, idonea ai piani di sanificazione in ambienti civili e commerciali. Profumazione «freschezza alpina». Dosaggio tipico: diluire in acqua secondo le indicazioni in etichetta (generalmente poche decine di ml per litro d’acqua per la manutenzione ordinaria). Applicare con mop, frangia o lavasciuga; non miscelare con prodotti a base di ammoniaca o acidi. Tanica da 5 L per uso intensivo.";29.28;https://www.asforniture.it/prodotti/detergente-disinfettante-lysoform-plus-per-pavimenti-freschezza-alpina-5-l-lysof--103584;https://odmultimedia.eu/immagini/MD/103584.jpg;Lysoform;Prodotti per igiene > Detergenti;0.00;1;22
103816;Aspirapolvere cordless - 30 W - 37 x 12 x 11 cm - bianco/verde - Girmi;"Aspirapolvere cordless compatto Girmi, 30 W, dimensioni 37×12×11 cm, finitura bianco/verde. Ideale per riprese rapide su scrivanie, auto, divani e angoli difficili grazie all’assenza di cavo. Autonomia e tempi di ricarica secondo scheda tecnica del produttore; svuotare il serbatoio polvere dopo ogni utilizzo intensivo. Non sostituisce un aspirapolvere a piena potenza per grandi superfici.";67.10;https://www.asforniture.it/prodotti/aspirapolvere-cordless-30-w-37-x-12-x-11-cm-bianco-verde-girmi--103816;https://odmultimedia.eu/immagini/MD/103816.jpg;Girmi;Prodotti per igiene > Macchine per Pulizia;0.00;1;22
103843;Sovraocchiali regolabili Haruna Clear - trasparente/nero - Deltaplus;"Sovraocchiali regolabili Deltaplus Haruna Clear, trasparente/nero. Sistema di regolazione per adattarsi a diverse montature da vista e morfologie. Lente chiara per interni; EN 166; UV EN 170; classe ottica 1 ove dichiarata. Buona alternativa premium agli overglasses fissi. Indicati per produzione, quality control e laboratori. Regolare le stanghette/ponte prima dell’uso; sostituire se la lente presenta distorsioni.";19.52;https://www.asforniture.it/prodotti/sovraocchiali-regolabili-haruna-clear-trasparente-nero-deltaplus--103843;https://odmultimedia.eu/immagini/LD/103843.jpg;Deltaplus;Sicurezza > Occhiali;0.00;1;22
103844;Sovraocchiali regolabili Haruna Smoke - fumé/nero - Deltaplus;Sovraocchiali regolabili Deltaplus Haruna Smoke, fumé/nero. Stessa piattaforma regolabile del modello Clear, con lente smoke per esterni e riduzione abbagliamento (EN 172 ove marcato) oltre a EN 166 e UV. Ideali per operatori con occhiali da vista che lavorano all’aperto o in aree molto illuminate. Non idonei alla saldatura (richiede EN 169). Conservare in custodia per proteggere i coating.;19.52;https://www.asforniture.it/prodotti/sovraocchiali-regolabili-haruna-smoke-fume-nero-deltaplus--103844;https://odmultimedia.eu/immagini/LD/103844.jpg;Deltaplus;Sicurezza > Occhiali;0.00;1;22
103955;Occhiali Meia Smoke - policarbonato - Deltaplus;"Occhiali Deltaplus Meia Smoke in policarbonato, lente fumé. Stile sportivo wraparound per protezione e comfort in esterni. EN 166; filtro solare EN 172; UV secondo marcatura; classe ottica 1 per uso continuo ove dichiarata. Trattamenti antigraffio/antiappannamento da confermare sull’etichetta. Indicati per edilizia, giardinaggio professionale e logistica outdoor. Non sostituiscono occhiali da saldatura EN 169.";14.64;https://www.asforniture.it/prodotti/occhiali-meia-smoke-policarbonato-deltaplus--103955;https://odmultimedia.eu/immagini/LD/103955.jpg;Deltaplus;Sicurezza > Occhiali;0.00;1;22
104148;Occhiali Brava2 Wheat - policarbonato - lente antiappannamento e antigraffio - incolore - Deltaplus;"Occhiali Deltaplus Brava2 Wheat in policarbonato, lente incolore con trattamenti antiappannamento e antigraffio (simboli N e K EN 166 ove marcati). Versione “Wheat” della famiglia Brava2 per ambienti con umidità e rischio abrasione superficiale. Classe ottica 1; UV EN 170. Adatti a industria alimentare, magazzino refrigerato e officina. Evitare panni abrasivi; sostituire se i coating risultano consumati.";6.10;https://www.asforniture.it/prodotti/occhiali-brava2-wheat-policarbonato-lente-antiappannamento-e-antigraffio-incolor--104148;https://odmultimedia.eu/immagini/LD/104148.jpg;Deltaplus;Sicurezza > Occhiali;0.00;1;22
104279;Rotolo per registratori di cassa - carta termica BPA free - 79 mm x 60 mt - 48 gr - diametro esterno 64 mm - anima 12 mm - Rotolificio Pugliese - bli...;Rotolo carta termica BPA free Rotolificio Pugliese per registratori di cassa, 79 mm × 60 m, 48 gr, diametro esterno 64 mm, anima 12 mm. Blister da 10 pezzi.;18.30;https://www.asforniture.it/prodotti/rotolo-per-registratori-di-cassa-carta-termica-bpa-free-79-mm-x-60-mt-48-gr-diam--104279;https://www.asforniture.it/images/carta-termica-104279.jpg;Rotolificio Pugliese;Carta > Carta Termica;0.00;1;22
104541;Giacca Softshell 2 in 1 Soccia - taglia L - nero/rosso - Deltaplus;"Giacca Softshell 2 in 1 Deltaplus Soccia, taglia L, nero/rosso. Sistema convertibile: strato Softshell antivento/idrorepellente/traspirante abbinabile a un secondo elemento (tipicamente pile o lining removibile — verificare configurazione sul lotto) per adattarsi a temperature variabili. Vestibilità L comoda per uso quotidiano in cantiere leggero e logistica. Contrasto rosso estetico, non EN ISO 20471. Ideale mezza stagione; smontare e lavare i componenti secondo etichetta.";79.30;https://www.asforniture.it/prodotti/giacca-softshell-2-in-1-soccia-taglia-l-nero-rosso-deltaplus--104541;https://odmultimedia.eu/immagini/LD/104541.jpg;Deltaplus;Sicurezza > Giacche;0.00;1;22
104546;Giacca Softshell Lulea2 - taglia XL - grigio/nero - Deltaplus;"Giacca Softshell Deltaplus Lulea2, taglia XL, grigio/nero. Capospalla tecnico Softshell per uso professionale: barriera al vento, superficie idrorepellente e traspirabilità per microclima asciutto sotto sforzo. Vestibilità XL ampia, adatta sopra pile o maglia. Profilo scuro discreto per produzione e magazzino. Non certificata EN ISO 20471. Controllare cuciture e zip dopo usi intensivi; non esporre a fiamme libere se non presente certificazione termica dedicata.";73.20;https://www.asforniture.it/prodotti/giacca-softshell-lulea2-taglia-xl-grigio-nero-deltaplus--104546;https://odmultimedia.eu/immagini/LD/104546.jpg;Deltaplus;Sicurezza > Giacche;0.00;1;22
105049;Registratore Oxford G85 - dorso 8 cm - protocollo 23 x 33 cm - Bianco - Esselte;Registratore Oxford G85 con meccanismo a leva, dorso 8cm, formato protocollo.;5.49;https://www.asforniture.it/prodotti/registratore-oxford-g85-dorso-8-cm-protocollo-23-x-33-cm-bianco-esselte--105049;https://odmultimedia.eu/immagini/HD/105049.jpg;Astro Forniture;Archivio > Raccoglitori Archivio;0.00;1;22
105192;Giacca da lavoro Softshell Texpel™ Splash Eco - L - nero/grigio - Portwest;Giacca da lavoro Softshell Portwest Texpel™ Splash Eco, taglia L, nero/grigio. Tecnologia Texpel Splash Eco orientata a idrorepellenza e resistenza agli schizzi con approach più sostenibile rispetto a trattamenti tradizionali (verificare claim Eco sul lotto). Softshell antivento e traspirante per lavoro outdoor e indoor non climatizzato. Vestibilità L professionale Portwest. Non è un capo alta visibilità EN ISO 20471. Seguire istruzioni di lavaggio per mantenere performance Splash.;73.20;https://www.asforniture.it/prodotti/giacca-da-lavoro-softshell-texpel-splash-eco-l-nero-grigio-portwest--105192;https://odmultimedia.eu/immagini/LD/105192.jpg;Portwest;Sicurezza > Giacche;0.00;1;22
105442;Aspirapolvere e liquidi Rudy 20S - 1200 W - 20 L - Lavor;Aspirapolvere e liquidi Lavor Rudy 20S, 1200 W, 20 L.;122.00;https://www.asforniture.it/prodotti/aspirapolvere-e-liquidi-rudy-20s-1200-w-20-l-lavor--105442;https://odmultimedia.eu/immagini/MD/105442.jpg;Lavor;Prodotti per igiene > Macchine per Pulizia;0.00;1;22
105489;Aspirapolvere MultiCiclonico - 700W - 17KPa - 2 filtri HEPA - Girmi;"Aspirapolvere multiciclonico Girmi da 700 W con pressione di aspirazione dichiarata 17 kPa. Sistema a cicloni per separare polvere e detriti riducendo l’intasamento del filtro; doppio filtro HEPA per trattenere particelle fini e allergeni. Adatto a pavimenti duri e tappeti in ambienti domestici e uffici di piccole/medie dimensioni. Svuotare periodicamente il contenitore e pulire i filtri HEPA secondo le istruzioni del produttore per mantenere le prestazioni.";146.40;https://www.asforniture.it/prodotti/aspirapolvere-multiciclonico-700w-17kpa-2-filtri-hepa-girmi--105489;https://odmultimedia.eu/immagini/MD/105489.jpg;Girmi;Prodotti per igiene > Macchine per Pulizia;0.00;1;22
105579;Occhiali a mascherina GoggleGear™ serie 3000 - cinturino neoprene - 3M;"Occhiali a mascherina 3M GoggleGear™ serie 3000 con cinturino in neoprene. Stessa piattaforma di protezione della versione tela, con cinturino neoprene più adatto ad ambienti umidi o dove serve maggiore aderenza e comfort sulla fronte. EN 166; UV EN 170; trattamenti antigraffio/antiappannamento secondo configurazione lente. Ideali per industria, cantieri e lavaggi. Non usare per saldatura ad arco senza filtro EN 169 dedicato.";29.28;https://www.asforniture.it/prodotti/occhiali-a-mascherina-gogglegear-serie-3000-cinturino-neoprene-3m--105579;https://odmultimedia.eu/immagini/LD/105579.jpg;3M;Sicurezza > Occhiali;0.00;1;22
105580;Occhiali a mascherina GoggleGear™ serie 3000 - cinturino tela - 3M;"Occhiali a mascherina 3M GoggleGear™ serie 3000 con cinturino in tela. Protezione a tenuta contro polveri e schizzi, compatibile con altri DPI 3M ove previsto. Conformità EN 166; possibili simbologie liquidi/polveri; classe ottica 1 tipica; UV EN 170 su lenti chiare. Cinturino tessuto regolabile per uso prolungato in ambienti asciutti. Ideali per chimica leggera, falegnameria e manutenzione. Controllare tenuta della guarnizione e sostituire lenti graffiate con ricambi originali.";19.52;https://www.asforniture.it/prodotti/occhiali-a-mascherina-gogglegear-serie-3000-cinturino-tela-3m--105580;https://odmultimedia.eu/immagini/LD/105580.jpg;3M;Sicurezza > Occhiali;0.00;1;22
105817;Detergente bagno Bio trigger - eucalipto - 750 ml - Alca;Detergente bagno Alca Bio in trigger da 750 ml, fragranza eucalipto. Formulato per sanitari, rubinetterie, cabine doccia e superfici smaltate: rimuove residui di sapone, aloni e sporco quotidiano lasciando una sensazione di freschezza. Pronto all’uso: spruzzare, lasciare agire brevemente, risciacquare. Adatto a routine di igiene in bagni aziendali e strutture ricettive. Verificare compatibilità su materiali sensibili prima dell’uso prolungato.;8.54;https://www.asforniture.it/prodotti/detergente-bagno-bio-trigger-eucalipto-750-ml-alca--105817;https://odmultimedia.eu/immagini/MD/105817.jpg;Alca;Prodotti per igiene > Detergenti;0.00;1;22
105934;Superfici Spray Multiuso battericida e virucida - 750 ml - Amuchina Professional;"Spray multiuso Amuchina Professional Superfici per la disinfezione di superfici dure non porose. Azione battericida e virucida dichiarata dal produttore; adatto a uffici, ambulatori, negozi e aree ad alto passaggio. Flacone trigger da 750 ml pronto all’uso: spruzzare uniformemente, lasciare agire il tempo di contatto indicato in etichetta, quindi asciugare o risciacquare se previsto. Non diluire. Conservare lontano da fonti di calore e tenere fuori dalla portata dei bambini.";7.56;https://www.asforniture.it/prodotti/superfici-spray-multiuso-battericida-e-virucida-750-ml-amuchina-professional--105934;https://odmultimedia.eu/immagini/MD/105934.jpg;Amuchina Professional;Prodotti per igiene > Detergenti;0.00;1;22
105939;Acqua demineralizzata - 2 L - Amacasa;Acqua demineralizzata Amacasa in tanica da 2 L. Acqua demineralizzata/deionizzata per uso tecnico: rabbocco ferri da stiro, umidificatori, autoclave leggera, diluizioni di prodotti concentrati e pulizia di vetri/specchi senza residui calcarei. Non potabile. Conservare a temperatura ambiente, chiusa ermeticamente per evitare contaminazioni. Ideale a supporto delle operazioni di igiene professionale.;3.05;https://www.asforniture.it/prodotti/acqua-demineralizzata-2-l-amacasa--105939;https://odmultimedia.eu/immagini/MD/105939.jpg;Amacasa;Prodotti per igiene > Detergenti;0.00;1;22
105942;Carrello per le pulizie UniJ-K 3.1 - multifunzione - 74 x 60 x 104 cm - Taxon;Carrello pulizie Taxon UniJ-K 3.1 multifunzione, 74??60??104 cm.;292.80;https://www.asforniture.it/prodotti/carrello-per-le-pulizie-unij-k-3-1-multifunzione-74-x-60-x-104-cm-taxon--105942;https://odmultimedia.eu/immagini/MD/105942.jpg;Taxon;Prodotti per igiene > Attrezzature e Panni;0.00;1;22
105949;Profumatore Deo Spray - per ambienti e tessuti - trigger 300 ml - gold argan - Sanitec;"Profumatore Deo Spray Sanitec Gold Argan per ambienti e tessuti, trigger 300 ml. Elimina gli odori e lascia una nota olfattiva calda e persistente su tende, divani, moquette e aria ambienti (secondo istruzioni). Spruzzare a distanza, evitando il contatto diretto con occhi e superfici delicate. Non saturare i tessuti; effettuare prova su angolo nascosto. Complemento ideale alle routine di pulizia in uffici, hotel e aree comuni.";8.54;https://www.asforniture.it/prodotti/profumatore-deo-spray-per-ambienti-e-tessuti-trigger-300-ml-gold-argan-sanitec--105949;https://odmultimedia.eu/immagini/MD/105949.jpg;Sanitec;Prodotti per igiene > Detergenti;0.00;1;22
106019;Igienizzante multiuso senza risciacquo - 750 ml - Amuchina Professional;"Igienizzante multiuso Amuchina Professional senza risciacquo, flacone 750 ml. Pensato per la sanificazione rapida di superfici dure non porose tra un intervento e l’altro: uffici, reception, spogliatoi, punti vendita. Pronto all’uso; spruzzare e lasciare asciugare secondo le indicazioni del produttore (senza risciacquo se dichiarato in etichetta). Verificare compatibilità con materiali sensibili. Tenere lontano da alimenti non protetti durante l’applicazione.";7.93;https://www.asforniture.it/prodotti/igienizzante-multiuso-senza-risciacquo-750-ml-amuchina-professional--106019;https://odmultimedia.eu/immagini/MD/106019.jpg;Amuchina Professional;Prodotti per igiene > Detergenti;0.00;1;22
10a19314-a1c5-45c9-884c-3d43f45f2c4a;Scatola progetto Eurobox - dorso 4 cm - verde;Scatola progetto Esselte in cartone robusto;7.56;https://www.asforniture.it/prodotti/scatola-progetto-eurobox-dorso-4-cm-verde--10a19314-a1c5-45c9-884c-3d43f45f2c4a;https://odmultimedia.eu/immagini/HD/48344.jpg;Esselte;Archivio > Scatole Archivio;0.00;1;22
12269422-40cf-403e-9670-e42f24dc25d0;Roller Hi Tecpoint V5 - punta 0,5 mm - azzurro - Pilot;Roller a inchiostro liquido con punta ad ago 0,5mm. Tratto ultra preciso e costante. Colore: Azzurro.;3.05;https://www.asforniture.it/prodotti/roller-hi-tecpoint-v5-punta-0-5-mm-azzurro-pilot--12269422-40cf-403e-9670-e42f24dc25d0;https://odmultimedia.eu/immagini/MD/29236.jpg;Pilot;Cancelleria > Scrittura;0.00;1;22
12653c7f-6058-4c67-b456-c4c82346da55;Raccoglitore Registratore Starbox - dorso 5 cm - Verde;Raccoglitore Registratore Starbox - dorso 5 cm - Verde;5.06;https://www.asforniture.it/prodotti/raccoglitore-registratore-starbox-dorso-5-cm-verde--12653c7f-6058-4c67-b456-c4c82346da55;https://odmultimedia.eu/immagini/HD/STL4010.jpg;Astro Forniture;Archivio > Raccoglitori Archivio;0.00;1;22
126e0a13-ae06-4e93-8fc4-a659dc4a99fc;Cartellina semplice - 25x34 cm - 200 gr - 5 colori assortiti - Starline - conf. 50 pz;Cartellina semplice in cartoncino bristol 200gr. Confezione da 50 pezzi in 5 colori assortiti.;15.25;https://www.asforniture.it/prodotti/cartellina-semplice-25x34-cm-200-gr-5-colori-assortiti-starline-conf-50-pz--126e0a13-ae06-4e93-8fc4-a659dc4a99fc;https://odmultimedia.eu/immagini/HD/STL6110.jpg;Starline;Archivio > Cartelline in carta;0.00;1;22
13530dc4-be66-452e-92f4-7c9daedd69a1;Scatola progetto Eurobox - dorso 4 cm - giallo;Scatola progetto Esselte in cartone robusto;7.56;https://www.asforniture.it/prodotti/scatola-progetto-eurobox-dorso-4-cm-giallo--13530dc4-be66-452e-92f4-7c9daedd69a1;https://odmultimedia.eu/immagini/HD/48342.jpg;Esselte;Archivio > Scatole Archivio;0.00;1;22
1395613e-cf93-499f-b10e-24f881203d26;Cartellina semplice - 25x34 cm - 200 gr - bianco - Starline - conf. 50 pz;Cartellina semplice in cartoncino bristol 200gr. Colore: Bianco.;15.25;https://www.asforniture.it/prodotti/cartellina-semplice-25x34-cm-200-gr-bianco-starline-conf-50-pz--1395613e-cf93-499f-b10e-24f881203d26;https://odmultimedia.eu/immagini/HD/STL6129.jpg;Starline;Archivio > Cartelline in carta;0.00;1;22
13f3d419-f276-4f6c-a065-49056656ab90;Cartellina semplice - 25x34 cm - 200 gr - arancio - Starline - conf. 50 pz;Cartellina semplice in cartoncino bristol 200gr. Colore: Arancio.;15.25;https://www.asforniture.it/prodotti/cartellina-semplice-25x34-cm-200-gr-arancio-starline-conf-50-pz--13f3d419-f276-4f6c-a065-49056656ab90;https://odmultimedia.eu/immagini/HD/STL6124.jpg;Starline;Archivio > Cartelline in carta;0.00;1;22
147dcefc-0a07-4159-be01-1dd6700b2c27;Scatola progetto Eurobox - dorso 12 cm - blu;Scatola progetto Esselte in cartone robusto;8.78;https://www.asforniture.it/prodotti/scatola-progetto-eurobox-dorso-12-cm-blu--147dcefc-0a07-4159-be01-1dd6700b2c27;https://odmultimedia.eu/immagini/HD/49432.jpg;Esselte;Archivio > Scatole Archivio;0.00;1;22
1619f43e-2665-4cd8-80fe-8a333a41d022;Cucitrice a pinza Allegra Fluo - passo 6 - verde - Iternet;Cucitrice Allegra con colori fluorescenti. Passo 6. Colore: Verde Fluo.;12.08;https://www.asforniture.it/prodotti/cucitrice-a-pinza-allegra-fluo-passo-6-verde-iternet--1619f43e-2665-4cd8-80fe-8a333a41d022;https://odmultimedia.eu/immagini/MD/101195.jpg;Iternet;Cancelleria > Accessori Scrivania;0.00;1;22
17e939ff-9f59-40a6-b6d4-86c1c4b88e01;Busta a sacco Mailpack - 30 x 40 cm;Busta bianca 100gr con strip adesivo. Conf. 25 pezzi.;12.08;https://www.asforniture.it/prodotti/busta-a-sacco-mailpack-30-x-40-cm--17e939ff-9f59-40a6-b6d4-86c1c4b88e01;https://odmultimedia.eu/immagini/MD/46149.jpg;Blasetti;Cancelleria > Buste;0.00;1;22
197aee81-bc8b-4a0e-bee2-4779734c2a38;Cucitrice a pinza - passo 6 - nero - Titanium;Cucitrice a pinza colorata, passo 6. Colore: Nero.;9.15;https://www.asforniture.it/prodotti/cucitrice-a-pinza-passo-6-nero-titanium--197aee81-bc8b-4a0e-bee2-4779734c2a38;https://odmultimedia.eu/immagini/MD/72779.jpg;Titanium;Cancelleria > Accessori Scrivania;0.00;1;22
1bcd9b73-4238-4350-b1fc-03abce5b7ebf;Pennarello Stabilo OHPen 843 - punta media 1.0 mm - blu;Pennarello universale permanente per quasi tutte le superfici lisce;1.83;https://www.asforniture.it/prodotti/pennarello-stabilo-ohpen-843-punta-media-1-0-mm-blu--1bcd9b73-4238-4350-b1fc-03abce5b7ebf;https://odmultimedia.eu/immagini/MD/27722.jpg;Stabilo;Cancelleria;0.00;1;22
1e6715ce-b47b-4b35-a54e-97e8cccccfcd;Cartellina semplice - 25x34 cm - 200 gr - blu - Starline - conf. 50 pz;Cartellina semplice in cartoncino bristol 200gr. Colore: Blu.;15.25;https://www.asforniture.it/prodotti/cartellina-semplice-25x34-cm-200-gr-blu-starline-conf-50-pz--1e6715ce-b47b-4b35-a54e-97e8cccccfcd;https://odmultimedia.eu/immagini/HD/STL6127.jpg;Starline;Archivio > Cartelline in carta;0.00;1;22
1f9be0bd-b8f4-4011-98df-023622e95726;Cartellina semplice - 25x34 cm - 200 gr - verde - Starline - conf. 50 pz;Cartellina semplice in cartoncino bristol 200gr. Colore: Verde.;15.25;https://www.asforniture.it/prodotti/cartellina-semplice-25x34-cm-200-gr-verde-starline-conf-50-pz--1f9be0bd-b8f4-4011-98df-023622e95726;https://odmultimedia.eu/immagini/HD/STL6128.jpg;Starline;Archivio > Cartelline in carta;0.00;1;22
20b304fd-74b3-47a1-8887-61f37c75d3a7;Scatola archivio Big Sei Rota - dorso 16 cm - blu;Scatola progetto Big in cartone plastificato con maniglia;23.79;https://www.asforniture.it/prodotti/scatola-archivio-big-sei-rota-dorso-16-cm-blu--20b304fd-74b3-47a1-8887-61f37c75d3a7;https://odmultimedia.eu/immagini/HD/25630.jpg;Sei Rota;Archivio > Scatole Archivio;0.00;1;22
22f44ecb-1486-4331-8bf6-2ccab90d6a55;Busta a sacco Mailpack - 23 x 33 cm;Busta bianca 80gr con strip adesivo. Conf. 25 pezzi.;8.30;https://www.asforniture.it/prodotti/busta-a-sacco-mailpack-23-x-33-cm--22f44ecb-1486-4331-8bf6-2ccab90d6a55;https://odmultimedia.eu/immagini/MD/46147.jpg;Blasetti;Cancelleria > Buste;0.00;1;22
26d74a68-042a-4f27-81d9-fe149c987426;Scatola progetto Eurobox - dorso 8 cm - blu;Scatola progetto Esselte in cartone robusto;7.56;https://www.asforniture.it/prodotti/scatola-progetto-eurobox-dorso-8-cm-blu--26d74a68-042a-4f27-81d9-fe149c987426;https://odmultimedia.eu/immagini/HD/48349.jpg;Esselte;Archivio > Scatole Archivio;0.00;1;22
270941fe-134c-42c2-901d-361914221dd5;Marcatore permanente N50 - Rosso;Marcatore a punta tonda, fusto in metallo.;2.20;https://www.asforniture.it/prodotti/marcatore-permanente-n50-rosso--270941fe-134c-42c2-901d-361914221dd5;https://odmultimedia.eu/immagini/MD/29883.jpg;Pentel;Cancelleria > Marcatori;0.00;1;22
2828bec8-220d-435a-ac58-84a24d747990;Fermagli zincati - n. 5 - 4,9 cm - Leone - conf. 100 pezzi;Fermagli metallici zincati Leone n. 5. Lunghezza 49mm. Confezione da 100 pezzi.;0.73;https://www.asforniture.it/prodotti/fermagli-zincati-n-5-4-9-cm-leone-conf-100-pezzi--2828bec8-220d-435a-ac58-84a24d747990;https://odmultimedia.eu/immagini/MD/44688.jpg;Leone;Cancelleria > Accessori Scrivania;0.00;1;22
2913f3d2-f3d9-4f32-9be3-8ed0789e509a;Roller Hi Tecpoint V5 - punta 0,5 mm - viola - Pilot;Roller a inchiostro liquido con punta ad ago 0,5mm. Tratto ultra preciso e costante. Colore: Viola.;3.05;https://www.asforniture.it/prodotti/roller-hi-tecpoint-v5-punta-0-5-mm-viola-pilot--2913f3d2-f3d9-4f32-9be3-8ed0789e509a;https://odmultimedia.eu/immagini/MD/29238.jpg;Pilot;Cancelleria > Scrittura;0.00;1;22
29e5e128-9121-453e-b9bc-1dc247674e3d;Evidenziatore Tratto Video - giallo;Evidenziatore con punta a scalpello, tratto 1.0-5.0mm. Ideale per carta, fax e fotocopie.;1.10;https://www.asforniture.it/prodotti/evidenziatore-tratto-video-giallo--29e5e128-9121-453e-b9bc-1dc247674e3d;https://odmultimedia.eu/immagini/MD/73532.jpg;Tratto;Cancelleria;0.00;1;22
2a0ac290-12b4-4d87-a41e-80ec5594dc97;Evidenziatore Tratto Video - fucsia;Evidenziatore con punta a scalpello, tratto 1.0-5.0mm. Ideale per carta, fax e fotocopie.;1.10;https://www.asforniture.it/prodotti/evidenziatore-tratto-video-fucsia--2a0ac290-12b4-4d87-a41e-80ec5594dc97;https://odmultimedia.eu/immagini/MD/73533.jpg;Tratto;Cancelleria;0.00;1;22
2af90008-87c8-4136-9415-751d20db26ee;Nastro adesivo carta - 50 mm x 50 m - beige - Starline;Nastro adesivo in carta per mascheratura Starline. Misura: 50mm x 50m.;2.81;https://www.asforniture.it/prodotti/nastro-adesivo-carta-50-mm-x-50-m-beige-starline--2af90008-87c8-4136-9415-751d20db26ee;https://odmultimedia.eu/immagini/MD/STL6303.jpg;Starline;Cancelleria > Imballaggio;0.00;1;22
2ba1c0fe-31b8-4b40-918e-3d96625de3fe;Scatola progetto Eurobox - dorso 6 cm - blu;Scatola progetto in robusto cartone rivestito Esselte;7.56;https://www.asforniture.it/prodotti/scatola-progetto-eurobox-dorso-6-cm-blu--2ba1c0fe-31b8-4b40-918e-3d96625de3fe;https://odmultimedia.eu/immagini/HD/48345.jpg;Esselte;Archivio > Scatole Archivio;0.00;1;22
2c423bce-f1e5-4ac3-a466-b314b03dbf3c;Cartellina 3 lembi - 25x34 cm - rosso - Starline - conf. 25 pz;Cartellina a 3 lembi in cartoncino pesante con elastico. Colore: Rosso. Conf. 25pz;11.59;https://www.asforniture.it/prodotti/cartellina-3-lembi-25x34-cm-rosso-starline-conf-25-pz--2c423bce-f1e5-4ac3-a466-b314b03dbf3c;https://odmultimedia.eu/immagini/HD/STL6115.jpg;Starline;Archivio > Cartelline in carta;0.00;1;22
2fca1a09-c34c-450c-9663-09c3715ca46c;Raccoglitore Registratore Starbox - dorso 5 cm - Blu;Raccoglitore Registratore Starbox - dorso 5 cm - Blu;5.06;https://www.asforniture.it/prodotti/raccoglitore-registratore-starbox-dorso-5-cm-blu--2fca1a09-c34c-450c-9663-09c3715ca46c;https://odmultimedia.eu/immagini/HD/STL4008.jpg;Astro Forniture;Archivio > Raccoglitori Archivio;0.00;1;22
3022d3ed-7ed6-4713-b33b-3e98540df363;Scatola progetto Eurobox - dorso 6 cm - verde;Scatola progetto in robusto cartone rivestito Esselte;7.56;https://www.asforniture.it/prodotti/scatola-progetto-eurobox-dorso-6-cm-verde--3022d3ed-7ed6-4713-b33b-3e98540df363;https://odmultimedia.eu/immagini/HD/48348.jpg;Esselte;Archivio > Scatole Archivio;0.00;1;22
31fffda5-1c50-4591-9a1d-169bc503c556;Roller Hi Tecpoint V5 - punta 0,5 mm - verde - Pilot;Roller a inchiostro liquido con punta ad ago 0,5mm. Tratto ultra preciso e costante. Colore: Verde.;3.05;https://www.asforniture.it/prodotti/roller-hi-tecpoint-v5-punta-0-5-mm-verde-pilot--31fffda5-1c50-4591-9a1d-169bc503c556;https://odmultimedia.eu/immagini/MD/34537.jpg;Pilot;Cancelleria > Scrittura;0.00;1;22
3259fcab-33c6-4c32-8109-a1709be0f626;Busta a sacco Mailpack - 16 x 23 cm;Busta bianca 80gr con strip adesivo. Conf. 25 pezzi.;5.49;https://www.asforniture.it/prodotti/busta-a-sacco-mailpack-16-x-23-cm--3259fcab-33c6-4c32-8109-a1709be0f626;https://odmultimedia.eu/immagini/MD/46145.jpg;Blasetti;Cancelleria > Buste;0.00;1;22
3305b000-463f-4e9c-8f1d-0fefa5a131a2;Busta a sacco Mailpack - 30 x 40 cm;Busta bianca 100gr con strip adesivo. Conf. 25 pezzi.;12.08;https://www.asforniture.it/prodotti/busta-a-sacco-mailpack-30-x-40-cm--3305b000-463f-4e9c-8f1d-0fefa5a131a2;https://odmultimedia.eu/immagini/MD/46149.jpg;Blasetti;Cancelleria > Buste;0.00;1;22
3422f782-c7e3-4cfc-b556-94e94937cd3c;Cucitrice a pinza 548/E Pastel - azzurro - Zenith;Cucitrice Zenith 548/E serie Pastel. Alta qualità made in Italy. Colore: Azzurro.;27.45;https://www.asforniture.it/prodotti/cucitrice-a-pinza-548-e-pastel-azzurro-zenith--3422f782-c7e3-4cfc-b556-94e94937cd3c;https://odmultimedia.eu/immagini/MD/77510.jpg;Zenith;Cancelleria > Accessori Scrivania;0.00;1;22
356b29a9-a129-49e5-8ab0-ef512031137e;Matita in grafite Noris - gradazione HB - Staedtler - conf. 12 pezzi;Matita di alta qualità per scrivere, disegnare e fare schizzi. Gradazione: HB. Conf. 12 pz.;5.49;https://www.asforniture.it/prodotti/matita-in-grafite-noris-gradazione-hb-staedtler-conf-12-pezzi--356b29a9-a129-49e5-8ab0-ef512031137e;https://odmultimedia.eu/immagini/MD/37044.jpg;Staedtler;Cancelleria > Scrittura;0.00;1;22
35db12bc-e195-4c8b-b5e0-880a7be440c6;Nastro adesivo carta - 25 mm x 50 m - beige - Comet;Nastro adesivo in carta coprente, ideale per mascheratura. Misura: 25mm x 50m.;1.83;https://www.asforniture.it/prodotti/nastro-adesivo-carta-25-mm-x-50-m-beige-comet--35db12bc-e195-4c8b-b5e0-880a7be440c6;https://odmultimedia.eu/immagini/MD/37914.jpg;Comet;Cancelleria > Imballaggio;0.00;1;22
36683;Carta Color Copy - A4 - 100 gr - bianco - Mondi - conf. 500 fogli;Carta patinata non lucida di altissima qualità, ideale per stampe digitali a colori. Formato A4, 100gr/m².;17.69;https://www.asforniture.it/prodotti/carta-color-copy-a4-100-gr-bianco-mondi-conf-500-fogli--36683;https://odmultimedia.eu/immagini/HD/36683.jpg;Astro Forniture;Carta > Formato Carta A4;0.00;1;22
36a2da09-fede-4f63-a0d3-bfd64f0866ab;Buste a sacco Soft - 25 x 35 cm - conf. 25 pz;Buste a sacco in PPL morbido, formato 25x35 cm.;7.20;https://www.asforniture.it/prodotti/buste-a-sacco-soft-25-x-35-cm-conf-25-pz--36a2da09-fede-4f63-a0d3-bfd64f0866ab;https://odmultimedia.eu/immagini/HD/25960.jpg;Sei Rota;Archivio > Buste Trasparenti;0.00;1;22
37717d07-c2d9-47b4-b84c-2ffd4b4a8d3f;Registratore Oxford G85 - dorso 5 cm - protocollo 23 x 33 cm - Blu - Esselte;Registratore Oxford G85 con meccanismo a leva, dorso 8cm, formato protocollo.;5.49;https://www.asforniture.it/prodotti/registratore-oxford-g85-dorso-5-cm-protocollo-23-x-33-cm-blu-esselte--37717d07-c2d9-47b4-b84c-2ffd4b4a8d3f;https://odmultimedia.eu/immagini/HD/50923.jpg;Astro Forniture;Archivio > Raccoglitori Archivio;0.00;1;22
38211;Carta Color Copy - A3 - 100 gr - bianco - Mondi - conf. 500 fogli;Carta patinata di altissima qualità in formato A3. Ideale per stampe digitali professionali, presentazioni e poster. 100gr/m².;35.26;https://www.asforniture.it/prodotti/carta-color-copy-a3-100-gr-bianco-mondi-conf-500-fogli--38211;https://odmultimedia.eu/immagini/HD/38211.jpg;Astro Forniture;Carta > Formato Carta A3;0.00;1;22
38212;Carta Color Copy - A4 - 160 gr - bianco - Mondi - conf. 250 fogli;La scelta ideale per stampe digitali a colori di alto livello. Grammatura da 160 gr/m² per una consistenza superiore, perfetta per brochure e documenti professionali.;20.62;https://www.asforniture.it/prodotti/carta-color-copy-a4-160-gr-bianco-mondi-conf-250-fogli--38212;https://odmultimedia.eu/immagini/HD/38212.jpg;Astro Forniture;Carta > Formato Carta A4;0.00;1;22
38213;Carta Color Copy - A3 - 160 gr - bianco - Mondi - conf. 250 fogli;Carta premium da 160 gr/m². Spessore elevato ideale per copertine, diplomi e presentazioni di lusso. Formato A3, finitura liscia.;39.65;https://www.asforniture.it/prodotti/carta-color-copy-a3-160-gr-bianco-mondi-conf-250-fogli--38213;https://odmultimedia.eu/immagini/HD/38213.jpg;Astro Forniture;Carta > Formato Carta A3;0.00;1;22
3866d9d7-032d-441f-9ae8-092d6d5de026;Cartellina 3 lembi - 25x34 cm - ciclamino - Starline - conf. 25 pz;Cartellina a 3 lembi in cartoncino pesante con elastico. Colore: Ciclamino. Conf. 25pz;11.59;https://www.asforniture.it/prodotti/cartellina-3-lembi-25x34-cm-ciclamino-starline-conf-25-pz--3866d9d7-032d-441f-9ae8-092d6d5de026;https://odmultimedia.eu/immagini/HD/STL6122.jpg;Starline;Archivio > Cartelline in carta;0.00;1;22
39257;Carta Universal - A4 - 80 gr - bianco - Navigator - conf. 500 fogli;Carta premium leader di mercato, garantisce il 99,99% di assenza di inceppamenti. Superficie extra-liscia per ridurre il consumo di toner e prolungare la vita della stampante.;7.93;https://www.asforniture.it/prodotti/carta-universal-a4-80-gr-bianco-navigator-conf-500-fogli--39257;https://odmultimedia.eu/immagini/HD/39257.jpg;Astro Forniture;Carta > Formato Carta A4;0.00;1;22
395d2430-8abf-4a16-ae83-84a6e453ecc7;Buste a sacco Soft - 23 x 33 cm - conf. 25 pz;Buste a sacco in PPL morbido, formato 23x33 cm.;5.98;https://www.asforniture.it/prodotti/buste-a-sacco-soft-23-x-33-cm-conf-25-pz--395d2430-8abf-4a16-ae83-84a6e453ecc7;https://odmultimedia.eu/immagini/HD/25959.jpg;Sei Rota;Archivio > Buste Trasparenti;0.00;1;22
39db867b-aebe-4758-8210-988149962035;Nastro adesivo PVC - 5 cm x 66 m - avana - Comet;Nastro adesivo professionale in PVC colore avana. Silenzioso nello srotolamento.;3.42;https://www.asforniture.it/prodotti/nastro-adesivo-pvc-5-cm-x-66-m-avana-comet--39db867b-aebe-4758-8210-988149962035;https://odmultimedia.eu/immagini/MD/37919.jpg;Comet;Cancelleria > Imballaggio;0.00;1;22
3b7e430d-9c25-4c09-a1ef-5436e06cd865;Raccoglitore Registratore Starbox - dorso 5 cm - Giallo;Raccoglitore Registratore Starbox - dorso 5 cm - Giallo;5.06;https://www.asforniture.it/prodotti/raccoglitore-registratore-starbox-dorso-5-cm-giallo--3b7e430d-9c25-4c09-a1ef-5436e06cd865;https://odmultimedia.eu/immagini/HD/STL4011.jpg;Astro Forniture;Archivio > Raccoglitori Archivio;0.00;1;22
3bbdf9ad-4756-40a8-8159-6e1176c604b1;Scatola progetto Eurobox - dorso 8 cm - rosso;Scatola progetto Esselte in cartone robusto;7.56;https://www.asforniture.it/prodotti/scatola-progetto-eurobox-dorso-8-cm-rosso--3bbdf9ad-4756-40a8-8159-6e1176c604b1;https://odmultimedia.eu/immagini/HD/48351.jpg;Esselte;Archivio > Scatole Archivio;0.00;1;22
3c370839-4ce9-4179-8155-75ce24af07e3;Scatola progetto Eurobox - dorso 6 cm - rosso;Scatola progetto in robusto cartone rivestito Esselte;7.56;https://www.asforniture.it/prodotti/scatola-progetto-eurobox-dorso-6-cm-rosso--3c370839-4ce9-4179-8155-75ce24af07e3;https://odmultimedia.eu/immagini/HD/48347.jpg;Esselte;Archivio > Scatole Archivio;0.00;1;22
3d056254-9773-48b6-9153-4392aca703d0;Cucitrice a pinza Allegra Fluo - passo 6 - rosa - Iternet;Cucitrice Allegra con colori fluorescenti. Passo 6. Colore: Rosa Fluo.;12.08;https://www.asforniture.it/prodotti/cucitrice-a-pinza-allegra-fluo-passo-6-rosa-iternet--3d056254-9773-48b6-9153-4392aca703d0;https://odmultimedia.eu/immagini/MD/101194.jpg;Iternet;Cancelleria > Accessori Scrivania;0.00;1;22
3d6a0268-88e6-49fe-8497-b3ae0ad905fc;Busta a sacco Mailpack - 23 x 33 cm;Busta bianca 80gr con strip adesivo. Conf. 25 pezzi.;8.30;https://www.asforniture.it/prodotti/busta-a-sacco-mailpack-23-x-33-cm--3d6a0268-88e6-49fe-8497-b3ae0ad905fc;https://odmultimedia.eu/immagini/MD/46147.jpg;Blasetti;Cancelleria > Buste;0.00;1;22
3d8ff7b5-b2ca-4659-afee-33e5392bacf7;Marcatore permanente N50 - Verde;Marcatore a punta tonda, fusto in metallo.;2.20;https://www.asforniture.it/prodotti/marcatore-permanente-n50-verde--3d8ff7b5-b2ca-4659-afee-33e5392bacf7;https://odmultimedia.eu/immagini/MD/29885.jpg;Pentel;Cancelleria > Marcatori;0.00;1;22
3e009fd5-e5ab-457a-91b6-130fc23cdc54;Pennarello Stabilo OHPen 843 - punta media 1.0 mm - nero;Pennarello universale permanente per quasi tutte le superfici lisce;1.83;https://www.asforniture.it/prodotti/pennarello-stabilo-ohpen-843-punta-media-1-0-mm-nero--3e009fd5-e5ab-457a-91b6-130fc23cdc54;https://odmultimedia.eu/immagini/MD/27719.jpg;Stabilo;Cancelleria;0.00;1;22
3e94050a-21de-447f-8d75-c70f924c3cb0;Scatola progetto Eurobox - dorso 8 cm - verde;Scatola progetto Esselte in cartone robusto;7.56;https://www.asforniture.it/prodotti/scatola-progetto-eurobox-dorso-8-cm-verde--3e94050a-21de-447f-8d75-c70f924c3cb0;https://odmultimedia.eu/immagini/HD/48352.jpg;Esselte;Archivio > Scatole Archivio;0.00;1;22
40408;Carta Universal - A3 - 80 gr - bianco - Navigator - conf. 500 fogli;La carta Navigator nel formato A3. Offre la stessa qualità e levigatezza della versione A4, ideale per stampanti laser e inkjet ad alta velocità. Prestazioni imbattibili.;16.96;https://www.asforniture.it/prodotti/carta-universal-a3-80-gr-bianco-navigator-conf-500-fogli--40408;https://odmultimedia.eu/immagini/HD/40408.jpg;Astro Forniture;Carta > Formato Carta A3;0.00;1;22
43fa553f-8dfd-44aa-a386-c3aa4e26060a;Roller Hi Tecpoint V5 - punta 0,5 mm - rosso - Pilot;Roller a inchiostro liquido con punta ad ago 0,5mm. Tratto ultra preciso e costante. Colore: Rosso.;3.05;https://www.asforniture.it/prodotti/roller-hi-tecpoint-v5-punta-0-5-mm-rosso-pilot--43fa553f-8dfd-44aa-a386-c3aa4e26060a;https://odmultimedia.eu/immagini/MD/29235.jpg;Pilot;Cancelleria > Scrittura;0.00;1;22
4842d2df-2cd3-4063-a6c3-e281849a0949;Fermagli zincati - n. 3 - 2,8 cm - Leone - conf. 100 pezzi;Fermagli metallici zincati Leone n. 3. Lunghezza 28mm. Confezione da 100 pezzi.;0.73;https://www.asforniture.it/prodotti/fermagli-zincati-n-3-2-8-cm-leone-conf-100-pezzi--4842d2df-2cd3-4063-a6c3-e281849a0949;https://odmultimedia.eu/immagini/MD/44686.jpg;Leone;Cancelleria > Accessori Scrivania;0.00;1;22
487baaa9-d617-47d1-b974-070f15b20eb0;Cartellina semplice - 25x34 cm - 200 gr - azzurro - Starline - conf. 50 pz;Cartelline semplici STARLINE in robusto cartoncino bristol 200gr formato 25x34cm. Confezione da 50 cartelline. Colore azzurro.;15.25;https://www.asforniture.it/prodotti/cartellina-semplice-25x34-cm-200-gr-azzurro-starline-conf-50-pz--487baaa9-d617-47d1-b974-070f15b20eb0;https://odmultimedia.eu/immagini/HD/STL6126.jpg;Starline;Archivio > Cartelline in carta;0.00;1;22
48a52415-8eb9-4444-aed9-d50564d7d7c1;Cucitrice a pinza - acciaio cromato - Titanium;Cucitrice a pinza in robusto acciaio cromato. Design classico e duraturo.;10.37;https://www.asforniture.it/prodotti/cucitrice-a-pinza-acciaio-cromato-titanium--48a52415-8eb9-4444-aed9-d50564d7d7c1;https://odmultimedia.eu/immagini/MD/72780.jpg;Titanium;Cancelleria > Accessori Scrivania;0.00;1;22
49804;Disincrostante disinfettante - 700 ml - WC Net;Disincrostante disinfettante WC Net, flacone 700 ml. Formulazione acida per rimuovere calcare, urina e incrostazioni da WC, bidet e scarichi, con azione disinfettante dichiarata. Applicare sotto il bordo e sulle superfici interne, lasciare agire, spazzolare e risciacquare. Non miscelare con candeggina o prodotti clorati (rischio di vapori tossici). Usare guanti e aerare il bagno.;6.10;https://www.asforniture.it/prodotti/disincrostante-disinfettante-700-ml-wc-net--49804;https://odmultimedia.eu/immagini/MD/49804.jpg;WC Net;Prodotti per igiene > Detergenti;0.00;1;22
49805;Candeggina Gel Instant White - 700 ml - WC Net;Candeggina in gel WC Net Instant White, flacone 700 ml. Gel addensato per la pulizia e l’igienizzazione di WC e superfici verticali del bagno: aderisce sotto il bordo e nelle zone critiche. Azione sbiancante su aloni e residui. Applicare, lasciare agire, spazzolare se serve e risciacquare. Non mischiare con altri detergenti (in particolare acidi). Aerare il locale durante l’uso.;6.71;https://www.asforniture.it/prodotti/candeggina-gel-instant-white-700-ml-wc-net--49805;https://odmultimedia.eu/immagini/MD/49805.jpg;WC Net;Prodotti per igiene > Detergenti;0.00;1;22
4f912c47-926a-4807-ad11-6d6c00efd00a;Cartella archivio con lacci - dorso 18 cm - grigio - Euro-cart;Cartella archivio con legacci rivettati. Dimensioni 35x25 cm. Dorso 18 cm.;3.42;https://www.asforniture.it/prodotti/cartella-archivio-con-lacci-dorso-18-cm-grigio-euro-cart--4f912c47-926a-4807-ad11-6d6c00efd00a;https://odmultimedia.eu/immagini/HD/73590.jpg;Euro-cart;Archivio > Cartelle archivio con lacci;0.00;1;22
50923;Registratore Oxford G85 - dorso 8 cm - protocollo 23 x 33 cm - Blu - Esselte;Registratore Oxford G85 con meccanismo a leva, dorso 8cm, formato protocollo.;5.49;https://www.asforniture.it/prodotti/registratore-oxford-g85-dorso-8-cm-protocollo-23-x-33-cm-blu-esselte--50923;https://odmultimedia.eu/immagini/HD/50923.jpg;Astro Forniture;Archivio > Raccoglitori Archivio;0.00;1;22
50924;Registratore Oxford G85 - dorso 8 cm - protocollo 23 x 33 cm - Rosso - Esselte;Registratore Oxford G85 con meccanismo a leva, dorso 8cm, formato protocollo.;5.49;https://www.asforniture.it/prodotti/registratore-oxford-g85-dorso-8-cm-protocollo-23-x-33-cm-rosso-esselte--50924;https://odmultimedia.eu/immagini/HD/50924.jpg;Astro Forniture;Archivio > Raccoglitori Archivio;0.00;1;22
50925;Registratore Oxford G85 - dorso 8 cm - protocollo 23 x 33 cm - Verde - Esselte;Registratore Oxford G85 con meccanismo a leva, dorso 8cm, formato protocollo.;5.49;https://www.asforniture.it/prodotti/registratore-oxford-g85-dorso-8-cm-protocollo-23-x-33-cm-verde-esselte--50925;https://odmultimedia.eu/immagini/HD/50925.jpg;Astro Forniture;Archivio > Raccoglitori Archivio;0.00;1;22
50c6109c-3318-4dba-ab01-45261244c3b9;Raccoglitore Registratore Starbox - dorso 5 cm - Rosso;Raccoglitore Registratore Starbox - dorso 5 cm - Rosso;5.06;https://www.asforniture.it/prodotti/raccoglitore-registratore-starbox-dorso-5-cm-rosso--50c6109c-3318-4dba-ab01-45261244c3b9;https://odmultimedia.eu/immagini/HD/STL4001.jpg;Astro Forniture;Archivio > Raccoglitori Archivio;0.00;1;22
527697e3-6aa5-4a7e-9dd7-392734c2f59b;Cucitrice a pinza 548/E Pastel - rosa - Zenith;Cucitrice Zenith 548/E serie Pastel. Alta qualità made in Italy. Colore: Rosa.;27.45;https://www.asforniture.it/prodotti/cucitrice-a-pinza-548-e-pastel-rosa-zenith--527697e3-6aa5-4a7e-9dd7-392734c2f59b;https://odmultimedia.eu/immagini/MD/77508.jpg;Zenith;Cancelleria > Accessori Scrivania;0.00;1;22
53734;Nastro adesivo vinilico 471 - 5 cm x 33 m - giallo - Scotch;"Nastro adesivo vinilico Scotch 471, 5 cm × 33 m, giallo. Classico nastro di demarcazione pavimenti e segnaletica a terra: buona flessibilità, bordi nitidi e resistenza moderata a solventi/oli a seconda dell’ambiente. Applicare su superfici lisce; pressare con rullo. Usato in linee produttive e aree logistiche per codifica percorsi. Sostituire se sollevato o usurato per mantenere leggibilità e sicurezza.";73.20;https://www.asforniture.it/prodotti/nastro-adesivo-vinilico-471-5-cm-x-33-m-giallo-scotch--53734;https://odmultimedia.eu/immagini/MD/53734.jpg;Scotch;Sicurezza > Nastri;0.00;1;22
53a295af-7916-4019-ab1e-471daabddb37;Cartellina 3 lembi - 25x34 cm - verde - Starline - conf. 25 pz;Cartellina a 3 lembi in cartoncino pesante con elastico. Colore: Verde. Conf. 25pz;11.59;https://www.asforniture.it/prodotti/cartellina-3-lembi-25x34-cm-verde-starline-conf-25-pz--53a295af-7916-4019-ab1e-471daabddb37;https://odmultimedia.eu/immagini/HD/STL6118.jpg;Starline;Archivio > Cartelline in carta;0.00;1;22
55acce14-88cd-4b12-807d-cd2753894639;Raccoglitore Registratore Starbox - dorso 5 cm - Arancio;Raccoglitore Registratore Starbox - dorso 5 cm - Arancio;5.06;https://www.asforniture.it/prodotti/raccoglitore-registratore-starbox-dorso-5-cm-arancio--55acce14-88cd-4b12-807d-cd2753894639;https://odmultimedia.eu/immagini/HD/STL4013.jpg;Astro Forniture;Archivio > Raccoglitori Archivio;0.00;1;22
55b18974-d9c3-4cfe-8b41-46ff1422ab1d;Penna a sfera Bic Cristal - nero - conf. 50 pezzi;Penna a sfera classica con punta media 1,0 mm. Confezione risparmio da 50 pezzi.;15.25;https://www.asforniture.it/prodotti/penna-a-sfera-bic-cristal-nero-conf-50-pezzi--55b18974-d9c3-4cfe-8b41-46ff1422ab1d;https://odmultimedia.eu/immagini/MD/33048.jpg;Bic;Cancelleria;0.00;1;22
5678c0eb-18c4-4248-8665-bbe322cc1f64;Marcatore permanente N50 - Viola;Marcatore a punta tonda, fusto in metallo.;2.20;https://www.asforniture.it/prodotti/marcatore-permanente-n50-viola--5678c0eb-18c4-4248-8665-bbe322cc1f64;https://odmultimedia.eu/immagini/MD/29889.jpg;Pentel;Cancelleria > Marcatori;0.00;1;22
56820d8a-ab53-446d-ba61-b7ed35f5a9fb;Roller Hi Tecpoint V7 - punta 0,7 mm - blu - Pilot;Roller a inchiostro liquido con punta ad ago 0,7mm. Tratto fluido e visibile. Colore: Blu.;3.05;https://www.asforniture.it/prodotti/roller-hi-tecpoint-v7-punta-0-7-mm-blu-pilot--56820d8a-ab53-446d-ba61-b7ed35f5a9fb;https://odmultimedia.eu/immagini/MD/29240.jpg;Pilot;Cancelleria > Scrittura;0.00;1;22
572266d0-e868-4c5f-a3ea-15e1bd38154c;Cartellina 3 lembi - 25x34 cm - giallo sole - Starline - conf. 25 pz;Cartellina a 3 lembi in cartoncino pesante con elastico. Colore: Giallo Sole. Conf. 25pz;11.59;https://www.asforniture.it/prodotti/cartellina-3-lembi-25x34-cm-giallo-sole-starline-conf-25-pz--572266d0-e868-4c5f-a3ea-15e1bd38154c;https://odmultimedia.eu/immagini/HD/STL6113.jpg;Starline;Archivio > Cartelline in carta;0.00;1;22
573ebb9a-ff16-4101-a49d-4bba992dab37;Cartellina 3 lembi - 25x34 cm - bianco - Starline - conf. 25 pz;Cartellina a 3 lembi in cartoncino pesante con elastico. Colore: Bianco. Conf. 25pz;11.59;https://www.asforniture.it/prodotti/cartellina-3-lembi-25x34-cm-bianco-starline-conf-25-pz--573ebb9a-ff16-4101-a49d-4bba992dab37;https://odmultimedia.eu/immagini/HD/STL6119.jpg;Starline;Archivio > Cartelline in carta;0.00;1;22
5b8796e9-3178-4f17-8fc0-991bfa51dd2e;Cartellina 3 lembi - 25x34 cm - blu - Starline - conf. 25 pz;Cartellina a 3 lembi in cartoncino pesante con elastico. Colore: Blu. Conf. 25pz;11.59;https://www.asforniture.it/prodotti/cartellina-3-lembi-25x34-cm-blu-starline-conf-25-pz--5b8796e9-3178-4f17-8fc0-991bfa51dd2e;https://odmultimedia.eu/immagini/HD/STL6117.jpg;Starline;Archivio > Cartelline in carta;0.00;1;22
5c9c0976-b994-4928-aa48-9d9ead801e74;Cartella archivio con lacci - dorso 10 cm - grigio - Euro-cart;Cartella archivio con legacci rivettati. Dimensioni 35x25 cm. Dorso 10 cm.;3.42;https://www.asforniture.it/prodotti/cartella-archivio-con-lacci-dorso-10-cm-grigio-euro-cart--5c9c0976-b994-4928-aa48-9d9ead801e74;https://odmultimedia.eu/immagini/HD/73590.jpg;Euro-cart;Archivio > Cartelle archivio con lacci;0.00;1;22
5cb39068-164f-4afa-98f0-86926672fa6a;Scatola progetto Eurobox - dorso 15 cm - verde;Scatola progetto Esselte in cartone robusto;8.17;https://www.asforniture.it/prodotti/scatola-progetto-eurobox-dorso-15-cm-verde--5cb39068-164f-4afa-98f0-86926672fa6a;https://odmultimedia.eu/immagini/HD/48360.jpg;Esselte;Archivio > Scatole Archivio;0.00;1;22
5e783362-fb42-4415-9481-c973388aaafb;Raccoglitore Registratore Starbox - dorso 5 cm - Lilla;Raccoglitore Registratore Starbox - dorso 5 cm - Lilla;5.06;https://www.asforniture.it/prodotti/raccoglitore-registratore-starbox-dorso-5-cm-lilla--5e783362-fb42-4415-9481-c973388aaafb;https://odmultimedia.eu/immagini/HD/STL4014.jpg;Astro Forniture;Archivio > Raccoglitori Archivio;0.00;1;22
5e8b008e-46ae-44d6-9b07-bf1a77b1e230;Scatola progetto Eurobox - dorso 15 cm - giallo;Scatola progetto Esselte in cartone robusto;8.17;https://www.asforniture.it/prodotti/scatola-progetto-eurobox-dorso-15-cm-giallo--5e8b008e-46ae-44d6-9b07-bf1a77b1e230;https://odmultimedia.eu/immagini/HD/48358.jpg;Esselte;Archivio > Scatole Archivio;0.00;1;22
60997;Sgrassatore per pavimenti - limone - Svelto - tanica da 5 L;"Sgrassatore per pavimenti Svelto alla fragranza limone, tanica 5 L. Detergente professionale ad alto potere sgrassante per pavimenti di cucine, mense e aree industriali leggere. Diluire in acqua secondo scheda tecnica; applicare a mop, lavasciuga o straccio. Efficace su grassi alimentari e calpestio. Non miscelare con candeggina o acidi. Conservare chiuso e al riparo dal gelo.";24.40;https://www.asforniture.it/prodotti/sgrassatore-per-pavimenti-limone-svelto-tanica-da-5-l--60997;https://odmultimedia.eu/immagini/MD/60997.jpg;Svelto;Prodotti per igiene > Detergenti;0.00;1;22
61000;Detergente per piatti - Scric - tanica da 5 L;"Detergente concentrato per piatti Scric in tanica professionale da 5 L. Elevato potere sgrassante su stoviglie, posate e utensili da cucina; genera schiuma controllata e risciacquo facilitato. Ideale per lavaggio manuale in cucine collettive, mensa e bar. Dosare poche gocce o ml in acqua calda secondo intensità dello sporco. Compatibile con piani di igiene alimentare se usato correttamente e seguito da risciacquo accurato.";20.74;https://www.asforniture.it/prodotti/detergente-per-piatti-scric-tanica-da-5-l--61000;https://odmultimedia.eu/immagini/MD/61000.jpg;Scric;Prodotti per igiene > Detergenti;0.00;1;22
61002;Crema Cif classica - sgrassante - 2 L - Cif;Crema abrasiva delicata Cif classica sgrassante, confezione professionale da 2 L. Ideale per smacchiare e lucidare lavelli, piani in ceramica/acciaio, piastrelle e sanitari, rimuovendo calcare leggero, grasso e aloni. Applicare con spugna umida, strofinare, risciacquare abbondantemente. Non usare su superfici delicate, legno non protetto o materiali abrasione-sensibili. Adatta a pulizie quotidiane in bagni e cucine di uffici e attività commerciali.;24.40;https://www.asforniture.it/prodotti/crema-cif-classica-sgrassante-2-l-cif--61002;https://odmultimedia.eu/immagini/MD/61002.jpg;Cif;Prodotti per igiene > Detergenti;0.00;1;22
61175;Inserti auricolari con archetto 1310 - SNR 26 dB - blu/arancio - 3M;"Inserti auricolari con archetto 3M 1310, blu/arancio, SNR 26 dB. Sistema banded: tamponi su archetto per uso rapido e intermittente (ingressi in zona rumorosa senza maneggiare inserti monouso). Conformità EN 352-2. Comodi quando i guanti o le mani sporche sconsigliano i tappi a schiuma. Attenuazione inferiore ai tappi SNR 37: adatti a rumori medi. Usare ricambi 1311 quando i tamponi sono usurati; non modificare l’archetto. Igienizzare secondo protocollo aziendale.";12.20;https://www.asforniture.it/prodotti/inserti-auricolari-con-archetto-1310-snr-26-db-blu-arancio-3m--61175;https://odmultimedia.eu/immagini/LD/61175.jpg;3M;Sicurezza > Dispositivi di protezione per l'udito;0.00;1;22
613ac1b2-97bd-4419-a340-c1b1de75f6e5;Scatola archivio Big Sei Rota - dorso 20 cm - blu;Scatola progetto Big in cartone plastificato con maniglia;25.01;https://www.asforniture.it/prodotti/scatola-archivio-big-sei-rota-dorso-20-cm-blu--613ac1b2-97bd-4419-a340-c1b1de75f6e5;https://odmultimedia.eu/immagini/HD/25630.jpg;Sei Rota;Archivio > Scatole Archivio;0.00;1;22
61838;Nastro segnaletico di sicurezza - 7 cm x 200 m - PE - rosso/bianco - Viva;"Nastro segnaletico Viva in polietilene (PE), 7 cm × 200 m, bicolore rosso/bianco. Ideale per delimitare temporaneamente aree di lavoro, cantieri e zone interdette al passaggio. Non adesivo: da fissare a coni, pali o barriere. Leggero e ad alta visibilità; sostituire se usurato o sporco. Non sostituisce barriere strutturali o DPI obbligatori.";6.71;https://www.asforniture.it/prodotti/nastro-segnaletico-di-sicurezza-7-cm-x-200-m-pe-rosso-bianco-viva--61838;https://odmultimedia.eu/immagini/MD/61838.jpg;Viva;Sicurezza > Nastri;0.00;1;22
62bc5f67-0f00-48fa-b47c-7df8792194ae;Scatola progetto Eurobox - dorso 12 cm - giallo;Scatola progetto Esselte in cartone robusto;8.78;https://www.asforniture.it/prodotti/scatola-progetto-eurobox-dorso-12-cm-giallo--62bc5f67-0f00-48fa-b47c-7df8792194ae;https://odmultimedia.eu/immagini/HD/49433.jpg;Esselte;Archivio > Scatole Archivio;0.00;1;22
6300db23-bc3a-44ce-9e66-d856b742ae57;Scatola progetto Eurobox - dorso 15 cm - rosso;Scatola progetto Esselte in cartone robusto;8.17;https://www.asforniture.it/prodotti/scatola-progetto-eurobox-dorso-15-cm-rosso--6300db23-bc3a-44ce-9e66-d856b742ae57;https://odmultimedia.eu/immagini/HD/48359.jpg;Esselte;Archivio > Scatole Archivio;0.00;1;22
63416;Registratore Oxford G85 - dorso 8 cm - protocollo 23 x 33 cm - Giallo - Esselte;Registratore Oxford G85 con meccanismo a leva, dorso 8cm, formato protocollo.;5.49;https://www.asforniture.it/prodotti/registratore-oxford-g85-dorso-8-cm-protocollo-23-x-33-cm-giallo-esselte--63416;https://odmultimedia.eu/immagini/HD/63416.jpg;Astro Forniture;Archivio > Raccoglitori Archivio;0.00;1;22
63417;Registratore Oxford G85 - dorso 8 cm - protocollo 23 x 33 cm - Arancione - Esselte;Registratore Oxford G85 con meccanismo a leva, dorso 8cm, formato protocollo.;5.49;https://www.asforniture.it/prodotti/registratore-oxford-g85-dorso-8-cm-protocollo-23-x-33-cm-arancione-esselte--63417;https://odmultimedia.eu/immagini/HD/63417.jpg;Astro Forniture;Archivio > Raccoglitori Archivio;0.00;1;22
63418;Registratore Oxford G85 - dorso 8 cm - protocollo 23 x 33 cm - Fucsia - Esselte;Registratore Oxford G85 con meccanismo a leva, dorso 8cm, formato protocollo.;5.49;https://www.asforniture.it/prodotti/registratore-oxford-g85-dorso-8-cm-protocollo-23-x-33-cm-fucsia-esselte--63418;https://odmultimedia.eu/immagini/HD/63418.jpg;Astro Forniture;Archivio > Raccoglitori Archivio;0.00;1;22
63420;Registratore Oxford G85 - dorso 8 cm - protocollo 23 x 33 cm - Azzurro - Esselte;Registratore Oxford G85 con meccanismo a leva, dorso 8cm, formato protocollo.;5.49;https://www.asforniture.it/prodotti/registratore-oxford-g85-dorso-8-cm-protocollo-23-x-33-cm-azzurro-esselte--63420;https://odmultimedia.eu/immagini/HD/63420.jpg;Astro Forniture;Archivio > Raccoglitori Archivio;0.00;1;22
636bbd97-8465-4dbb-afe3-9cc8f001cfc4;Correttore Pocket Pen Pritt - 8 ml;Correttore a penna con punta metallica per un'applicazione fluida.;3.05;https://www.asforniture.it/prodotti/correttore-pocket-pen-pritt-8-ml--636bbd97-8465-4dbb-afe3-9cc8f001cfc4;https://odmultimedia.eu/immagini/MD/49899.jpg;Pritt;Cancelleria;0.00;1;22
6496080e-a498-47b0-88b0-497a3ed1b6b6;Penna a sfera Bic Cristal - rosso - conf. 50 pezzi;Penna a sfera classica con punta media 1,0 mm. Confezione risparmio da 50 pezzi.;15.25;https://www.asforniture.it/prodotti/penna-a-sfera-bic-cristal-rosso-conf-50-pezzi--6496080e-a498-47b0-88b0-497a3ed1b6b6;https://odmultimedia.eu/immagini/MD/33051.jpg;Bic;Cancelleria;0.00;1;22
64ab17ef-1b2d-4e56-b2e4-3b409e2167ae;Cartellina semplice - 25x34 cm - 200 gr - ciclamino - Starline - conf. 50 pz;Cartellina semplice in cartoncino bristol 200gr. Colore: Ciclamino.;15.25;https://www.asforniture.it/prodotti/cartellina-semplice-25x34-cm-200-gr-ciclamino-starline-conf-50-pz--64ab17ef-1b2d-4e56-b2e4-3b409e2167ae;https://odmultimedia.eu/immagini/HD/STL6131.jpg;Starline;Archivio > Cartelline in carta;0.00;1;22
65245;Plastificatrice Lunar A4 A Caldo - Fellowes;Plastificatrice compatta ed elegante progettata da Fellowes per l’uso domestico e l’hobby. Garantisce un processo di plastificazione a caldo rapido, sicuro e privo di inceppamenti. Specifiche: Formato A4, Plastificazione a caldo.;85.28;https://www.asforniture.it/prodotti/plastificatrice-lunar-a4-a-caldo-fellowes--65245;https://odmultimedia.eu/immagini/MD/65245.jpg;Fellowes;Macchine per Ufficio > Plastificatrici e Materiale;0.00;1;22
67538;Candeggina igienizzante - profumo floreale - 1 L - Amacasa;"Candeggina liquida igienizzante Amacasa da 1 L, profumo floreale. Adatta a sbiancare e igienizzare superfici lavabili, pavimenti e tessuti resistenti al cloro, secondo le diluizioni indicate in etichetta. Utilizzo tipico: diluire in acqua fredda per la pulizia ordinaria; non impiegare su lana, seta o colori non solidi. Non mischiare con detergenti acidi o a base ammoniacale. Conservare in luogo fresco, al riparo dalla luce.";3.05;https://www.asforniture.it/prodotti/candeggina-igienizzante-profumo-floreale-1-l-amacasa--67538;https://odmultimedia.eu/immagini/MD/67538.jpg;Amacasa;Prodotti per igiene > Detergenti;0.00;1;22
68536;Pouches A3 Pesanti - Titanium (Conf. 100 pezzi);Pouches A3 pesanti (303×426 mm), spessore 2×125 micron. Confezione da 100 pezzi Titanium per una plastificazione A3 più robusta.;34.16;https://www.asforniture.it/prodotti/pouches-a3-pesanti-titanium-conf-100-pezzi--68536;https://odmultimedia.eu/immagini/MD/68536.jpg;Titanium;Macchine per Ufficio > Plastificatrici e Materiale;0.00;1;22
68537;Pouches A4 Pesanti - Titanium (Conf. 100 pezzi);Pouches A4 pesanti (216×330 mm), spessore 2×125 micron. Confezione da 100 pezzi Titanium per plastificazione resistente di documenti A4.;18.30;https://www.asforniture.it/prodotti/pouches-a4-pesanti-titanium-conf-100-pezzi--68537;https://odmultimedia.eu/immagini/MD/68537.jpg;Titanium;Macchine per Ufficio > Plastificatrici e Materiale;0.00;1;22
68538;Pouches A5 Pesanti - Titanium (Conf. 100 pezzi);Pouches A5 pesanti (154×216 mm), spessore 2×125 micron. Confezione da 100 pezzi Titanium per una finitura più rigida e resistente.;12.08;https://www.asforniture.it/prodotti/pouches-a5-pesanti-titanium-conf-100-pezzi--68538;https://odmultimedia.eu/immagini/MD/68538.jpg;Titanium;Macchine per Ufficio > Plastificatrici e Materiale;0.00;1;22
68539;Pouches A6 - Titanium (Conf. 100 pezzi);Pouches per plastificazione formato A6 (111×154 mm), spessore 2×125 micron (pesante). Confezione da 100 pezzi Titanium per foto, cartoncini e documenti tascabili.;7.32;https://www.asforniture.it/prodotti/pouches-a6-titanium-conf-100-pezzi--68539;https://odmultimedia.eu/immagini/MD/68539.jpg;Titanium;Macchine per Ufficio > Plastificatrici e Materiale;0.00;1;22
68540;Pouches A7 - Titanium (Conf. 100 pezzi);Pouches per plastificazione formato A7 (80×111 mm), spessore 2×125 micron (pesante). Confezione da 100 pezzi Titanium, ideale per badge, tessere e documenti di piccolo formato.;3.66;https://www.asforniture.it/prodotti/pouches-a7-titanium-conf-100-pezzi--68540;https://odmultimedia.eu/immagini/MD/68540.jpg;Titanium;Macchine per Ufficio > Plastificatrici e Materiale;0.00;1;22
68553;Pouches A3 Leggere - Titanium (Conf. 100 pezzi);Pouches A3 leggere (303×426 mm), spessore 2×80 micron. Confezione da 100 pezzi Titanium per poster, mappe e documenti grande formato.;24.40;https://www.asforniture.it/prodotti/pouches-a3-leggere-titanium-conf-100-pezzi--68553;https://odmultimedia.eu/immagini/MD/68553.jpg;Titanium;Macchine per Ufficio > Plastificatrici e Materiale;0.00;1;22
68554;Pouches A4 Leggere - Titanium (Conf. 100 pezzi);Pouches A4 leggere (216×303 mm), spessore 2×80 micron. Confezione da 100 pezzi Titanium per documenti standard da ufficio.;10.98;https://www.asforniture.it/prodotti/pouches-a4-leggere-titanium-conf-100-pezzi--68554;https://odmultimedia.eu/immagini/MD/68554.jpg;Titanium;Macchine per Ufficio > Plastificatrici e Materiale;0.00;1;22
68555;Pouches A5 Leggere - Titanium (Conf. 100 pezzi);Pouches A5 leggere (154×216 mm), spessore 2×80 micron. Confezione da 100 pezzi Titanium per plastificazione quotidiana di documenti e fogli A5.;7.93;https://www.asforniture.it/prodotti/pouches-a5-leggere-titanium-conf-100-pezzi--68555;https://odmultimedia.eu/immagini/MD/68555.jpg;Titanium;Macchine per Ufficio > Plastificatrici e Materiale;0.00;1;22
6a05c26d-563a-4d04-b310-8b5ffc42d938;Scatola progetto Eurobox - dorso 4 cm - blu;Scatola progetto Esselte in cartone robusto;7.56;https://www.asforniture.it/prodotti/scatola-progetto-eurobox-dorso-4-cm-blu--6a05c26d-563a-4d04-b310-8b5ffc42d938;https://odmultimedia.eu/immagini/HD/48341.jpg;Esselte;Archivio > Scatole Archivio;0.00;1;22
6b422736-7c89-4fcf-a9d7-58510c9ee60c;Evidenziatore Tratto Video - lime;Evidenziatore con punta a scalpello, tratto 1.0-5.0mm. Ideale per carta, fax e fotocopie.;1.10;https://www.asforniture.it/prodotti/evidenziatore-tratto-video-lime--6b422736-7c89-4fcf-a9d7-58510c9ee60c;https://odmultimedia.eu/immagini/MD/79989.jpg;Tratto;Cancelleria;0.00;1;22
6cb6b29a-7d0b-4f57-be7a-e33f1bf999a6;Correttore a nastro Il Bianchetto Pentel - conf. 4 pezzi;Correttore a nastro 10 mt x 4,2 mm. Confezione da 4 pezzi.;10.37;https://www.asforniture.it/prodotti/correttore-a-nastro-il-bianchetto-pentel-conf-4-pezzi--6cb6b29a-7d0b-4f57-be7a-e33f1bf999a6;https://odmultimedia.eu/immagini/MD/73399.jpg;Pentel;Cancelleria;0.00;1;22
6e26e08d-5c9d-4a07-bd5f-03b264d3abb3;Buste forate Altea T - 30 x 42 cm (Libro) - pesante liscio - Sei Rota - conf. 10 pz;Buste a foratura universale spessore pesante con finitura liscia. Formato 30x42 cm ideale per cataloghi e documenti formato libro.;10.37;https://www.asforniture.it/prodotti/buste-forate-altea-t-30-x-42-cm-libro-pesante-liscio-sei-rota-conf-10-pz--6e26e08d-5c9d-4a07-bd5f-03b264d3abb3;https://odmultimedia.eu/immagini/HD/26044.jpg;Sei Rota;Archivio > Buste Trasparenti;0.00;1;22
70970;Panno PVAmicro - azzurro - 35x38 cm - Vileda;Panno microfibra Vileda PVAmicro azzurro, 35??38 cm.;6.10;https://www.asforniture.it/prodotti/panno-pvamicro-azzurro-35x38-cm-vileda--70970;https://odmultimedia.eu/immagini/MD/70970.jpg;Vileda;Prodotti per igiene > Attrezzature e Panni;0.00;1;22
7123AF-AZZURRO;Agenda Giornaliera ALFA - 9x13 cm - Azzurro 2027;Agenda giornaliera ALFA a blocco fisso, ideale per ufficio e studio. Seleziona misura e colore della copertina: codice articolo e prezzo si aggiornano in base al formato scelto.;5.61;https://www.asforniture.it/prodotti/agenda-giornaliera-alfa-9x13-cm-azzurro-2027--7123AF-AZZURRO;https://www.bocchiosrl.it/ftp/bocchio/immagini/thumb/A7123AF-1024-1024-0.jpg;ALFA;Agende 2027 > InTempo > ALFA;0.00;1;22
7123AF-BLU;Agenda Giornaliera ALFA - 9x13 cm - Blu 2027;Agenda giornaliera ALFA a blocco fisso, ideale per ufficio e studio. Seleziona misura e colore della copertina: codice articolo e prezzo si aggiornano in base al formato scelto.;5.61;https://www.asforniture.it/prodotti/agenda-giornaliera-alfa-9x13-cm-blu-2027--7123AF-BLU;https://www.bocchiosrl.it/ftp/bocchio/immagini/thumb/A7123AF-1024-1024-0.jpg;ALFA;Agende 2027 > InTempo > ALFA;0.00;1;22
7123AF-NERO;Agenda Giornaliera ALFA - 9x13 cm - Nero 2027;Agenda giornaliera ALFA a blocco fisso, ideale per ufficio e studio. Seleziona misura e colore della copertina: codice articolo e prezzo si aggiornano in base al formato scelto.;5.61;https://www.asforniture.it/prodotti/agenda-giornaliera-alfa-9x13-cm-nero-2027--7123AF-NERO;https://www.bocchiosrl.it/ftp/bocchio/immagini/thumb/A7123AF-1024-1024-0.jpg;ALFA;Agende 2027 > InTempo > ALFA;0.00;1;22
7123AF-ROSSO;Agenda Giornaliera ALFA - 9x13 cm - Rosso 2027;Agenda giornaliera ALFA a blocco fisso, ideale per ufficio e studio. Seleziona misura e colore della copertina: codice articolo e prezzo si aggiornano in base al formato scelto.;5.61;https://www.asforniture.it/prodotti/agenda-giornaliera-alfa-9x13-cm-rosso-2027--7123AF-ROSSO;https://www.bocchiosrl.it/ftp/bocchio/immagini/thumb/A7123AF-1024-1024-0.jpg;ALFA;Agende 2027 > InTempo > ALFA;0.00;1;22
7123AF-VERDE-LIME;Agenda Giornaliera ALFA - 9x13 cm - Verde Lime 2027;Agenda giornaliera ALFA a blocco fisso, ideale per ufficio e studio. Seleziona misura e colore della copertina: codice articolo e prezzo si aggiornano in base al formato scelto.;5.61;https://www.asforniture.it/prodotti/agenda-giornaliera-alfa-9x13-cm-verde-lime-2027--7123AF-VERDE-LIME;https://www.bocchiosrl.it/ftp/bocchio/immagini/thumb/A7123AF-1024-1024-0.jpg;ALFA;Agende 2027 > InTempo > ALFA;0.00;1;22
7136AF-AZZURRO;Agenda Giornaliera ALFA - 15x21 cm A5 - Azzurro 2027;Agenda giornaliera ALFA a blocco fisso, ideale per ufficio e studio. Seleziona misura e colore della copertina: codice articolo e prezzo si aggiornano in base al formato scelto.;6.34;https://www.asforniture.it/prodotti/agenda-giornaliera-alfa-15x21-cm-a5-azzurro-2027--7136AF-AZZURRO;https://www.bocchiosrl.it/ftp/bocchio/immagini/thumb/A7136AF-1024-1024-0.jpg;ALFA;Agende 2027 > InTempo > ALFA;0.00;1;22
7136AF-BLU;Agenda Giornaliera ALFA - 15x21 cm A5 - Blu 2027;Agenda giornaliera ALFA a blocco fisso, ideale per ufficio e studio. Seleziona misura e colore della copertina: codice articolo e prezzo si aggiornano in base al formato scelto.;6.34;https://www.asforniture.it/prodotti/agenda-giornaliera-alfa-15x21-cm-a5-blu-2027--7136AF-BLU;https://www.bocchiosrl.it/ftp/bocchio/immagini/thumb/A7136AF-1024-1024-0.jpg;ALFA;Agende 2027 > InTempo > ALFA;0.00;1;22
7136AF-NERO;Agenda Giornaliera ALFA - 15x21 cm A5 - Nero 2027;Agenda giornaliera ALFA a blocco fisso, ideale per ufficio e studio. Seleziona misura e colore della copertina: codice articolo e prezzo si aggiornano in base al formato scelto.;6.34;https://www.asforniture.it/prodotti/agenda-giornaliera-alfa-15x21-cm-a5-nero-2027--7136AF-NERO;https://www.bocchiosrl.it/ftp/bocchio/immagini/thumb/A7136AF-1024-1024-0.jpg;ALFA;Agende 2027 > InTempo > ALFA;0.00;1;22
7136AF-ROSSO;Agenda Giornaliera ALFA - 15x21 cm A5 - Rosso 2027;Agenda giornaliera ALFA a blocco fisso, ideale per ufficio e studio. Seleziona misura e colore della copertina: codice articolo e prezzo si aggiornano in base al formato scelto.;6.34;https://www.asforniture.it/prodotti/agenda-giornaliera-alfa-15x21-cm-a5-rosso-2027--7136AF-ROSSO;https://www.bocchiosrl.it/ftp/bocchio/immagini/thumb/A7136AF-1024-1024-0.jpg;ALFA;Agende 2027 > InTempo > ALFA;0.00;1;22
7136AF-VERDE-LIME;Agenda Giornaliera ALFA - 15x21 cm A5 - Verde Lime 2027;Agenda giornaliera ALFA a blocco fisso, ideale per ufficio e studio. Seleziona misura e colore della copertina: codice articolo e prezzo si aggiornano in base al formato scelto.;6.34;https://www.asforniture.it/prodotti/agenda-giornaliera-alfa-15x21-cm-a5-verde-lime-2027--7136AF-VERDE-LIME;https://www.bocchiosrl.it/ftp/bocchio/immagini/thumb/A7136AF-1024-1024-0.jpg;ALFA;Agende 2027 > InTempo > ALFA;0.00;1;22
7137DE-BLU;Agenda Giornaliera DELTA - 15x21 cm A5 - Sabato/Domenica Separati - Blu 2027;"Agenda giornaliera DELTA a blocco fisso, con sabato e domenica separati. Ideale per ufficio e studio: seleziona misura e colore della copertina; codice articolo e prezzo si aggiornano in base al formato scelto.";9.64;https://www.asforniture.it/prodotti/agenda-giornaliera-delta-15x21-cm-a5-sabato-domenica-separati-blu-2027--7137DE-BLU;https://www.bocchiosrl.it/ftp/bocchio/immagini/thumb/A7137DE-1024-1024-0.jpg;DELTA;Agende 2027 > InTempo > DELTA;0.00;1;22
7137DE-BORDEAUX;Agenda Giornaliera DELTA - 15x21 cm A5 - Sabato/Domenica Separati - Rosso Bordeaux 2027;"Agenda giornaliera DELTA a blocco fisso, con sabato e domenica separati. Ideale per ufficio e studio: seleziona misura e colore della copertina; codice articolo e prezzo si aggiornano in base al formato scelto.";9.64;https://www.asforniture.it/prodotti/agenda-giornaliera-delta-15x21-cm-a5-sabato-domenica-separati-rosso-bordeaux-202--7137DE-BORDEAUX;https://www.bocchiosrl.it/ftp/bocchio/immagini/thumb/A7137DE-1024-1024-0.jpg;DELTA;Agende 2027 > InTempo > DELTA;0.00;1;22
7137DE-NERO;Agenda Giornaliera DELTA - 15x21 cm A5 - Sabato/Domenica Separati - Nero 2027;"Agenda giornaliera DELTA a blocco fisso, con sabato e domenica separati. Ideale per ufficio e studio: seleziona misura e colore della copertina; codice articolo e prezzo si aggiornano in base al formato scelto.";9.64;https://www.asforniture.it/prodotti/agenda-giornaliera-delta-15x21-cm-a5-sabato-domenica-separati-nero-2027--7137DE-NERO;https://www.bocchiosrl.it/ftp/bocchio/immagini/thumb/A7137DE-1024-1024-0.jpg;DELTA;Agende 2027 > InTempo > DELTA;0.00;1;22
7137DE-VERDE;Agenda Giornaliera DELTA - 15x21 cm A5 - Sabato/Domenica Separati - Verde 2027;"Agenda giornaliera DELTA a blocco fisso, con sabato e domenica separati. Ideale per ufficio e studio: seleziona misura e colore della copertina; codice articolo e prezzo si aggiornano in base al formato scelto.";9.64;https://www.asforniture.it/prodotti/agenda-giornaliera-delta-15x21-cm-a5-sabato-domenica-separati-verde-2027--7137DE-VERDE;https://www.bocchiosrl.it/ftp/bocchio/immagini/thumb/A7137DE-1024-1024-0.jpg;DELTA;Agende 2027 > InTempo > DELTA;0.00;1;22
7137TX-BEIGE;Agenda Giornaliera TEXT - 15x21 cm A5 - Sabato/Domenica Separati - Beige 2027;"Agenda giornaliera TEXT a blocco fisso, con sabato e domenica separati. Ideale per ufficio e studio: seleziona misura e colore della copertina; codice articolo e prezzo si aggiornano in base al formato scelto.";12.08;https://www.asforniture.it/prodotti/agenda-giornaliera-text-15x21-cm-a5-sabato-domenica-separati-beige-2027--7137TX-BEIGE;https://www.bocchiosrl.it/ftp/bocchio/immagini/thumb/A7137TX-1024-1024-0.jpg;TEXT;Agende 2027 > InTempo > TEXT;0.00;1;22
7137TX-BLU;Agenda Giornaliera TEXT - 15x21 cm A5 - Sabato/Domenica Separati - Blu 2027;"Agenda giornaliera TEXT a blocco fisso, con sabato e domenica separati. Ideale per ufficio e studio: seleziona misura e colore della copertina; codice articolo e prezzo si aggiornano in base al formato scelto.";12.08;https://www.asforniture.it/prodotti/agenda-giornaliera-text-15x21-cm-a5-sabato-domenica-separati-blu-2027--7137TX-BLU;https://www.bocchiosrl.it/ftp/bocchio/immagini/thumb/A7137TX-1024-1024-0.jpg;TEXT;Agende 2027 > InTempo > TEXT;0.00;1;22
7137TX-ROSSO;Agenda Giornaliera TEXT - 15x21 cm A5 - Sabato/Domenica Separati - Rosso 2027;"Agenda giornaliera TEXT a blocco fisso, con sabato e domenica separati. Ideale per ufficio e studio: seleziona misura e colore della copertina; codice articolo e prezzo si aggiornano in base al formato scelto.";12.08;https://www.asforniture.it/prodotti/agenda-giornaliera-text-15x21-cm-a5-sabato-domenica-separati-rosso-2027--7137TX-ROSSO;https://www.bocchiosrl.it/ftp/bocchio/immagini/thumb/A7137TX-1024-1024-0.jpg;TEXT;Agende 2027 > InTempo > TEXT;0.00;1;22
7137TX-TURCHESE;Agenda Giornaliera TEXT - 15x21 cm A5 - Sabato/Domenica Separati - Turchese 2027;"Agenda giornaliera TEXT a blocco fisso, con sabato e domenica separati. Ideale per ufficio e studio: seleziona misura e colore della copertina; codice articolo e prezzo si aggiornano in base al formato scelto.";12.08;https://www.asforniture.it/prodotti/agenda-giornaliera-text-15x21-cm-a5-sabato-domenica-separati-turchese-2027--7137TX-TURCHESE;https://www.bocchiosrl.it/ftp/bocchio/immagini/thumb/A7137TX-1024-1024-0.jpg;TEXT;Agende 2027 > InTempo > TEXT;0.00;1;22
7141AF-AZZURRO;Agenda Giornaliera ALFA - 17x24 cm - Azzurro 2027;Agenda giornaliera ALFA a blocco fisso, ideale per ufficio e studio. Seleziona misura e colore della copertina: codice articolo e prezzo si aggiornano in base al formato scelto.;10.49;https://www.asforniture.it/prodotti/agenda-giornaliera-alfa-17x24-cm-azzurro-2027--7141AF-AZZURRO;https://www.bocchiosrl.it/ftp/bocchio/immagini/thumb/A7141AF-1024-1024-0.jpg;ALFA;Agende 2027 > InTempo > ALFA;0.00;1;22
7141AF-BLU;Agenda Giornaliera ALFA - 17x24 cm - Blu 2027;Agenda giornaliera ALFA a blocco fisso, ideale per ufficio e studio. Seleziona misura e colore della copertina: codice articolo e prezzo si aggiornano in base al formato scelto.;10.49;https://www.asforniture.it/prodotti/agenda-giornaliera-alfa-17x24-cm-blu-2027--7141AF-BLU;https://www.bocchiosrl.it/ftp/bocchio/immagini/thumb/A7141AF-1024-1024-0.jpg;ALFA;Agende 2027 > InTempo > ALFA;0.00;1;22
7141AF-NERO;Agenda Giornaliera ALFA - 17x24 cm - Nero 2027;Agenda giornaliera ALFA a blocco fisso, ideale per ufficio e studio. Seleziona misura e colore della copertina: codice articolo e prezzo si aggiornano in base al formato scelto.;10.49;https://www.asforniture.it/prodotti/agenda-giornaliera-alfa-17x24-cm-nero-2027--7141AF-NERO;https://www.bocchiosrl.it/ftp/bocchio/immagini/thumb/A7141AF-1024-1024-0.jpg;ALFA;Agende 2027 > InTempo > ALFA;0.00;1;22
7141AF-ROSSO;Agenda Giornaliera ALFA - 17x24 cm - Rosso 2027;Agenda giornaliera ALFA a blocco fisso, ideale per ufficio e studio. Seleziona misura e colore della copertina: codice articolo e prezzo si aggiornano in base al formato scelto.;10.49;https://www.asforniture.it/prodotti/agenda-giornaliera-alfa-17x24-cm-rosso-2027--7141AF-ROSSO;https://www.bocchiosrl.it/ftp/bocchio/immagini/thumb/A7141AF-1024-1024-0.jpg;ALFA;Agende 2027 > InTempo > ALFA;0.00;1;22
7141AF-VERDE-LIME;Agenda Giornaliera ALFA - 17x24 cm - Verde Lime 2027;Agenda giornaliera ALFA a blocco fisso, ideale per ufficio e studio. Seleziona misura e colore della copertina: codice articolo e prezzo si aggiornano in base al formato scelto.;10.49;https://www.asforniture.it/prodotti/agenda-giornaliera-alfa-17x24-cm-verde-lime-2027--7141AF-VERDE-LIME;https://www.bocchiosrl.it/ftp/bocchio/immagini/thumb/A7141AF-1024-1024-0.jpg;ALFA;Agende 2027 > InTempo > ALFA;0.00;1;22
7141DE-BLU;Agenda Giornaliera DELTA - 17x24 cm - Sabato/Domenica Separati - Blu 2027;"Agenda giornaliera DELTA a blocco fisso, con sabato e domenica separati. Ideale per ufficio e studio: seleziona misura e colore della copertina; codice articolo e prezzo si aggiornano in base al formato scelto.";12.08;https://www.asforniture.it/prodotti/agenda-giornaliera-delta-17x24-cm-sabato-domenica-separati-blu-2027--7141DE-BLU;https://www.bocchiosrl.it/ftp/bocchio/immagini/thumb/A7141DE-1024-1024-0.jpg;DELTA;Agende 2027 > InTempo > DELTA;0.00;1;22
7141DE-BORDEAUX;Agenda Giornaliera DELTA - 17x24 cm - Sabato/Domenica Separati - Rosso Bordeaux 2027;"Agenda giornaliera DELTA a blocco fisso, con sabato e domenica separati. Ideale per ufficio e studio: seleziona misura e colore della copertina; codice articolo e prezzo si aggiornano in base al formato scelto.";12.08;https://www.asforniture.it/prodotti/agenda-giornaliera-delta-17x24-cm-sabato-domenica-separati-rosso-bordeaux-2027--7141DE-BORDEAUX;https://www.bocchiosrl.it/ftp/bocchio/immagini/thumb/A7141DE-1024-1024-0.jpg;DELTA;Agende 2027 > InTempo > DELTA;0.00;1;22
7141DE-NERO;Agenda Giornaliera DELTA - 17x24 cm - Sabato/Domenica Separati - Nero 2027;"Agenda giornaliera DELTA a blocco fisso, con sabato e domenica separati. Ideale per ufficio e studio: seleziona misura e colore della copertina; codice articolo e prezzo si aggiornano in base al formato scelto.";12.08;https://www.asforniture.it/prodotti/agenda-giornaliera-delta-17x24-cm-sabato-domenica-separati-nero-2027--7141DE-NERO;https://www.bocchiosrl.it/ftp/bocchio/immagini/thumb/A7141DE-1024-1024-0.jpg;DELTA;Agende 2027 > InTempo > DELTA;0.00;1;22
7141DE-VERDE;Agenda Giornaliera DELTA - 17x24 cm - Sabato/Domenica Separati - Verde 2027;"Agenda giornaliera DELTA a blocco fisso, con sabato e domenica separati. Ideale per ufficio e studio: seleziona misura e colore della copertina; codice articolo e prezzo si aggiornano in base al formato scelto.";12.08;https://www.asforniture.it/prodotti/agenda-giornaliera-delta-17x24-cm-sabato-domenica-separati-verde-2027--7141DE-VERDE;https://www.bocchiosrl.it/ftp/bocchio/immagini/thumb/A7141DE-1024-1024-0.jpg;DELTA;Agende 2027 > InTempo > DELTA;0.00;1;22
7141TX-BEIGE;Agenda Giornaliera TEXT - 17x24 cm - Sabato/Domenica Separati - Beige 2027;"Agenda giornaliera TEXT a blocco fisso, con sabato e domenica separati. Ideale per ufficio e studio: seleziona misura e colore della copertina; codice articolo e prezzo si aggiornano in base al formato scelto.";18.18;https://www.asforniture.it/prodotti/agenda-giornaliera-text-17x24-cm-sabato-domenica-separati-beige-2027--7141TX-BEIGE;https://www.bocchiosrl.it/ftp/bocchio/immagini/thumb/A7141TX-1024-1024-0.jpg;TEXT;Agende 2027 > InTempo > TEXT;0.00;1;22
7141TX-BLU;Agenda Giornaliera TEXT - 17x24 cm - Sabato/Domenica Separati - Blu 2027;"Agenda giornaliera TEXT a blocco fisso, con sabato e domenica separati. Ideale per ufficio e studio: seleziona misura e colore della copertina; codice articolo e prezzo si aggiornano in base al formato scelto.";18.18;https://www.asforniture.it/prodotti/agenda-giornaliera-text-17x24-cm-sabato-domenica-separati-blu-2027--7141TX-BLU;https://www.bocchiosrl.it/ftp/bocchio/immagini/thumb/A7141TX-1024-1024-0.jpg;TEXT;Agende 2027 > InTempo > TEXT;0.00;1;22
7141TX-ROSSO;Agenda Giornaliera TEXT - 17x24 cm - Sabato/Domenica Separati - Rosso 2027;"Agenda giornaliera TEXT a blocco fisso, con sabato e domenica separati. Ideale per ufficio e studio: seleziona misura e colore della copertina; codice articolo e prezzo si aggiornano in base al formato scelto.";18.18;https://www.asforniture.it/prodotti/agenda-giornaliera-text-17x24-cm-sabato-domenica-separati-rosso-2027--7141TX-ROSSO;https://www.bocchiosrl.it/ftp/bocchio/immagini/thumb/A7141TX-1024-1024-0.jpg;TEXT;Agende 2027 > InTempo > TEXT;0.00;1;22
7141TX-TURCHESE;Agenda Giornaliera TEXT - 17x24 cm - Sabato/Domenica Separati - Turchese 2027;"Agenda giornaliera TEXT a blocco fisso, con sabato e domenica separati. Ideale per ufficio e studio: seleziona misura e colore della copertina; codice articolo e prezzo si aggiornano in base al formato scelto.";18.18;https://www.asforniture.it/prodotti/agenda-giornaliera-text-17x24-cm-sabato-domenica-separati-turchese-2027--7141TX-TURCHESE;https://www.bocchiosrl.it/ftp/bocchio/immagini/thumb/A7141TX-1024-1024-0.jpg;TEXT;Agende 2027 > InTempo > TEXT;0.00;1;22
7142AF-AZZURRO;Agenda Giornaliera ALFA - 12x17 cm - Azzurro 2027;Agenda giornaliera ALFA a blocco fisso, ideale per ufficio e studio. Seleziona misura e colore della copertina: codice articolo e prezzo si aggiornano in base al formato scelto.;6.34;https://www.asforniture.it/prodotti/agenda-giornaliera-alfa-12x17-cm-azzurro-2027--7142AF-AZZURRO;https://www.bocchiosrl.it/ftp/bocchio/immagini/thumb/A7142AF-1024-1024-0.jpg;ALFA;Agende 2027 > InTempo > ALFA;0.00;1;22
7142AF-BLU;Agenda Giornaliera ALFA - 12x17 cm - Blu 2027;Agenda giornaliera ALFA a blocco fisso, ideale per ufficio e studio. Seleziona misura e colore della copertina: codice articolo e prezzo si aggiornano in base al formato scelto.;6.34;https://www.asforniture.it/prodotti/agenda-giornaliera-alfa-12x17-cm-blu-2027--7142AF-BLU;https://www.bocchiosrl.it/ftp/bocchio/immagini/thumb/A7142AF-1024-1024-0.jpg;ALFA;Agende 2027 > InTempo > ALFA;0.00;1;22
7142AF-NERO;Agenda Giornaliera ALFA - 12x17 cm - Nero 2027;Agenda giornaliera ALFA a blocco fisso, ideale per ufficio e studio. Seleziona misura e colore della copertina: codice articolo e prezzo si aggiornano in base al formato scelto.;6.34;https://www.asforniture.it/prodotti/agenda-giornaliera-alfa-12x17-cm-nero-2027--7142AF-NERO;https://www.bocchiosrl.it/ftp/bocchio/immagini/thumb/A7142AF-1024-1024-0.jpg;ALFA;Agende 2027 > InTempo > ALFA;0.00;1;22
7142AF-ROSSO;Agenda Giornaliera ALFA - 12x17 cm - Rosso 2027;Agenda giornaliera ALFA a blocco fisso, ideale per ufficio e studio. Seleziona misura e colore della copertina: codice articolo e prezzo si aggiornano in base al formato scelto.;6.34;https://www.asforniture.it/prodotti/agenda-giornaliera-alfa-12x17-cm-rosso-2027--7142AF-ROSSO;https://www.bocchiosrl.it/ftp/bocchio/immagini/thumb/A7142AF-1024-1024-0.jpg;ALFA;Agende 2027 > InTempo > ALFA;0.00;1;22
7142AF-VERDE-LIME;Agenda Giornaliera ALFA - 12x17 cm - Verde Lime 2027;Agenda giornaliera ALFA a blocco fisso, ideale per ufficio e studio. Seleziona misura e colore della copertina: codice articolo e prezzo si aggiornano in base al formato scelto.;6.34;https://www.asforniture.it/prodotti/agenda-giornaliera-alfa-12x17-cm-verde-lime-2027--7142AF-VERDE-LIME;https://www.bocchiosrl.it/ftp/bocchio/immagini/thumb/A7142AF-1024-1024-0.jpg;ALFA;Agende 2027 > InTempo > ALFA;0.00;1;22
7145AF-AZZURRO;Agenda Giornaliera ALFA - 21x30 cm A4 - Sabato/Domenica Separati - Azzurro 2027;Agenda giornaliera ALFA a blocco fisso, ideale per ufficio e studio. Seleziona misura e colore della copertina: codice articolo e prezzo si aggiornano in base al formato scelto.;17.93;https://www.asforniture.it/prodotti/agenda-giornaliera-alfa-21x30-cm-a4-sabato-domenica-separati-azzurro-2027--7145AF-AZZURRO;https://www.bocchiosrl.it/ftp/bocchio/immagini/thumb/A7145AF-1024-1024-0.jpg;ALFA;Agende 2027 > InTempo > ALFA;0.00;1;22
7145AF-BLU;Agenda Giornaliera ALFA - 21x30 cm A4 - Sabato/Domenica Separati - Blu 2027;Agenda giornaliera ALFA a blocco fisso, ideale per ufficio e studio. Seleziona misura e colore della copertina: codice articolo e prezzo si aggiornano in base al formato scelto.;17.93;https://www.asforniture.it/prodotti/agenda-giornaliera-alfa-21x30-cm-a4-sabato-domenica-separati-blu-2027--7145AF-BLU;https://www.bocchiosrl.it/ftp/bocchio/immagini/thumb/A7145AF-1024-1024-0.jpg;ALFA;Agende 2027 > InTempo > ALFA;0.00;1;22
7145AF-NERO;Agenda Giornaliera ALFA - 21x30 cm A4 - Sabato/Domenica Separati - Nero 2027;Agenda giornaliera ALFA a blocco fisso, ideale per ufficio e studio. Seleziona misura e colore della copertina: codice articolo e prezzo si aggiornano in base al formato scelto.;17.93;https://www.asforniture.it/prodotti/agenda-giornaliera-alfa-21x30-cm-a4-sabato-domenica-separati-nero-2027--7145AF-NERO;https://www.bocchiosrl.it/ftp/bocchio/immagini/thumb/A7145AF-1024-1024-0.jpg;ALFA;Agende 2027 > InTempo > ALFA;0.00;1;22
7145AF-ROSSO;Agenda Giornaliera ALFA - 21x30 cm A4 - Sabato/Domenica Separati - Rosso 2027;Agenda giornaliera ALFA a blocco fisso, ideale per ufficio e studio. Seleziona misura e colore della copertina: codice articolo e prezzo si aggiornano in base al formato scelto.;17.93;https://www.asforniture.it/prodotti/agenda-giornaliera-alfa-21x30-cm-a4-sabato-domenica-separati-rosso-2027--7145AF-ROSSO;https://www.bocchiosrl.it/ftp/bocchio/immagini/thumb/A7145AF-1024-1024-0.jpg;ALFA;Agende 2027 > InTempo > ALFA;0.00;1;22
7145AF-VERDE-LIME;Agenda Giornaliera ALFA - 21x30 cm A4 - Sabato/Domenica Separati - Verde Lime 2027;Agenda giornaliera ALFA a blocco fisso, ideale per ufficio e studio. Seleziona misura e colore della copertina: codice articolo e prezzo si aggiornano in base al formato scelto.;17.93;https://www.asforniture.it/prodotti/agenda-giornaliera-alfa-21x30-cm-a4-sabato-domenica-separati-verde-lime-2027--7145AF-VERDE-LIME;https://www.bocchiosrl.it/ftp/bocchio/immagini/thumb/A7145AF-1024-1024-0.jpg;ALFA;Agende 2027 > InTempo > ALFA;0.00;1;22
7145DE-BLU;Agenda Giornaliera DELTA - 21x30 cm A4 - Sabato/Domenica Separati - Blu 2027;"Agenda giornaliera DELTA a blocco fisso, con sabato e domenica separati. Ideale per ufficio e studio: seleziona misura e colore della copertina; codice articolo e prezzo si aggiornano in base al formato scelto.";18.18;https://www.asforniture.it/prodotti/agenda-giornaliera-delta-21x30-cm-a4-sabato-domenica-separati-blu-2027--7145DE-BLU;https://www.bocchiosrl.it/ftp/bocchio/immagini/thumb/A7145DE-1024-1024-0.jpg;DELTA;Agende 2027 > InTempo > DELTA;0.00;1;22
7145DE-BORDEAUX;Agenda Giornaliera DELTA - 21x30 cm A4 - Sabato/Domenica Separati - Rosso Bordeaux 2027;"Agenda giornaliera DELTA a blocco fisso, con sabato e domenica separati. Ideale per ufficio e studio: seleziona misura e colore della copertina; codice articolo e prezzo si aggiornano in base al formato scelto.";18.18;https://www.asforniture.it/prodotti/agenda-giornaliera-delta-21x30-cm-a4-sabato-domenica-separati-rosso-bordeaux-202--7145DE-BORDEAUX;https://www.bocchiosrl.it/ftp/bocchio/immagini/thumb/A7145DE-1024-1024-0.jpg;DELTA;Agende 2027 > InTempo > DELTA;0.00;1;22
7145DE-NERO;Agenda Giornaliera DELTA - 21x30 cm A4 - Sabato/Domenica Separati - Nero 2027;"Agenda giornaliera DELTA a blocco fisso, con sabato e domenica separati. Ideale per ufficio e studio: seleziona misura e colore della copertina; codice articolo e prezzo si aggiornano in base al formato scelto.";18.18;https://www.asforniture.it/prodotti/agenda-giornaliera-delta-21x30-cm-a4-sabato-domenica-separati-nero-2027--7145DE-NERO;https://www.bocchiosrl.it/ftp/bocchio/immagini/thumb/A7145DE-1024-1024-0.jpg;DELTA;Agende 2027 > InTempo > DELTA;0.00;1;22
7145DE-VERDE;Agenda Giornaliera DELTA - 21x30 cm A4 - Sabato/Domenica Separati - Verde 2027;"Agenda giornaliera DELTA a blocco fisso, con sabato e domenica separati. Ideale per ufficio e studio: seleziona misura e colore della copertina; codice articolo e prezzo si aggiornano in base al formato scelto.";18.18;https://www.asforniture.it/prodotti/agenda-giornaliera-delta-21x30-cm-a4-sabato-domenica-separati-verde-2027--7145DE-VERDE;https://www.bocchiosrl.it/ftp/bocchio/immagini/thumb/A7145DE-1024-1024-0.jpg;DELTA;Agende 2027 > InTempo > DELTA;0.00;1;22
7145TX-BEIGE;Agenda Giornaliera TEXT - 21x30 cm A4 - Sabato/Domenica Separati - Beige 2027;"Agenda giornaliera TEXT a blocco fisso, con sabato e domenica separati. Ideale per ufficio e studio: seleziona misura e colore della copertina; codice articolo e prezzo si aggiornano in base al formato scelto.";24.28;https://www.asforniture.it/prodotti/agenda-giornaliera-text-21x30-cm-a4-sabato-domenica-separati-beige-2027--7145TX-BEIGE;https://www.bocchiosrl.it/ftp/bocchio/immagini/thumb/A7145TX-1024-1024-0.jpg;TEXT;Agende 2027 > InTempo > TEXT;0.00;1;22
7145TX-BLU;Agenda Giornaliera TEXT - 21x30 cm A4 - Sabato/Domenica Separati - Blu 2027;"Agenda giornaliera TEXT a blocco fisso, con sabato e domenica separati. Ideale per ufficio e studio: seleziona misura e colore della copertina; codice articolo e prezzo si aggiornano in base al formato scelto.";24.28;https://www.asforniture.it/prodotti/agenda-giornaliera-text-21x30-cm-a4-sabato-domenica-separati-blu-2027--7145TX-BLU;https://www.bocchiosrl.it/ftp/bocchio/immagini/thumb/A7145TX-1024-1024-0.jpg;TEXT;Agende 2027 > InTempo > TEXT;0.00;1;22
7145TX-ROSSO;Agenda Giornaliera TEXT - 21x30 cm A4 - Sabato/Domenica Separati - Rosso 2027;"Agenda giornaliera TEXT a blocco fisso, con sabato e domenica separati. Ideale per ufficio e studio: seleziona misura e colore della copertina; codice articolo e prezzo si aggiornano in base al formato scelto.";24.28;https://www.asforniture.it/prodotti/agenda-giornaliera-text-21x30-cm-a4-sabato-domenica-separati-rosso-2027--7145TX-ROSSO;https://www.bocchiosrl.it/ftp/bocchio/immagini/thumb/A7145TX-1024-1024-0.jpg;TEXT;Agende 2027 > InTempo > TEXT;0.00;1;22
7145TX-TURCHESE;Agenda Giornaliera TEXT - 21x30 cm A4 - Sabato/Domenica Separati - Turchese 2027;"Agenda giornaliera TEXT a blocco fisso, con sabato e domenica separati. Ideale per ufficio e studio: seleziona misura e colore della copertina; codice articolo e prezzo si aggiornano in base al formato scelto.";24.28;https://www.asforniture.it/prodotti/agenda-giornaliera-text-21x30-cm-a4-sabato-domenica-separati-turchese-2027--7145TX-TURCHESE;https://www.bocchiosrl.it/ftp/bocchio/immagini/thumb/A7145TX-1024-1024-0.jpg;TEXT;Agende 2027 > InTempo > TEXT;0.00;1;22
7157AF-AZZURRO;Agenda Settimanale ALFA - 17x24 cm - Azzurro 2027;"Agenda settimanale ALFA a blocco fisso, formato 17x24 cm. Ideale per ufficio e studio: seleziona il colore della copertina; codice articolo e prezzo si aggiornano in scheda.";7.20;https://www.asforniture.it/prodotti/agenda-settimanale-alfa-17x24-cm-azzurro-2027--7157AF-AZZURRO;https://www.bocchiosrl.it/ftp/bocchio/immagini/thumb/A7157AF-1024-1024-0.jpg;ALFA;Agende 2027 > InTempo > ALFA;0.00;1;22
7157AF-BLU;Agenda Settimanale ALFA - 17x24 cm - Blu 2027;"Agenda settimanale ALFA a blocco fisso, formato 17x24 cm. Ideale per ufficio e studio: seleziona il colore della copertina; codice articolo e prezzo si aggiornano in scheda.";7.20;https://www.asforniture.it/prodotti/agenda-settimanale-alfa-17x24-cm-blu-2027--7157AF-BLU;https://www.bocchiosrl.it/ftp/bocchio/immagini/thumb/A7157AF-1024-1024-0.jpg;ALFA;Agende 2027 > InTempo > ALFA;0.00;1;22
7157AF-LIME;Agenda Settimanale ALFA - 17x24 cm - Verde Lime 2027;"Agenda settimanale ALFA a blocco fisso, formato 17x24 cm. Ideale per ufficio e studio: seleziona il colore della copertina; codice articolo e prezzo si aggiornano in scheda.";7.20;https://www.asforniture.it/prodotti/agenda-settimanale-alfa-17x24-cm-verde-lime-2027--7157AF-LIME;https://www.bocchiosrl.it/ftp/bocchio/immagini/thumb/A7157AF-1024-1024-0.jpg;ALFA;Agende 2027 > InTempo > ALFA;0.00;1;22
7157AF-NERO;Agenda Settimanale ALFA - 17x24 cm - Nero 2027;"Agenda settimanale ALFA a blocco fisso, formato 17x24 cm. Ideale per ufficio e studio: seleziona il colore della copertina; codice articolo e prezzo si aggiornano in scheda.";7.20;https://www.asforniture.it/prodotti/agenda-settimanale-alfa-17x24-cm-nero-2027--7157AF-NERO;https://www.bocchiosrl.it/ftp/bocchio/immagini/thumb/A7157AF-1024-1024-0.jpg;ALFA;Agende 2027 > InTempo > ALFA;0.00;1;22
7157AF-ROSSO;Agenda Settimanale ALFA - 17x24 cm - Rosso 2027;"Agenda settimanale ALFA a blocco fisso, formato 17x24 cm. Ideale per ufficio e studio: seleziona il colore della copertina; codice articolo e prezzo si aggiornano in scheda.";7.20;https://www.asforniture.it/prodotti/agenda-settimanale-alfa-17x24-cm-rosso-2027--7157AF-ROSSO;https://www.bocchiosrl.it/ftp/bocchio/immagini/thumb/A7157AF-1024-1024-0.jpg;ALFA;Agende 2027 > InTempo > ALFA;0.00;1;22
7157DE-BLU;Agenda Settimanale DELTA - 17x24 cm - Blu 2027;Agenda settimanale DELTA a blocco fisso, ideale per ufficio e studio. Seleziona misura e colore della copertina: codice articolo e prezzo si aggiornano in base al formato scelto.;8.54;https://www.asforniture.it/prodotti/agenda-settimanale-delta-17x24-cm-blu-2027--7157DE-BLU;https://www.bocchiosrl.it/ftp/bocchio/immagini/thumb/A7137DE-1024-1024-0.jpg;DELTA;Agende 2027 > InTempo > DELTA;0.00;1;22
7157DE-BORDEAUX;Agenda Settimanale DELTA - 17x24 cm - Rosso Bordeaux 2027;Agenda settimanale DELTA a blocco fisso, ideale per ufficio e studio. Seleziona misura e colore della copertina: codice articolo e prezzo si aggiornano in base al formato scelto.;8.54;https://www.asforniture.it/prodotti/agenda-settimanale-delta-17x24-cm-rosso-bordeaux-2027--7157DE-BORDEAUX;https://www.bocchiosrl.it/ftp/bocchio/immagini/thumb/A7137DE-1024-1024-0.jpg;DELTA;Agende 2027 > InTempo > DELTA;0.00;1;22
7157DE-NERO;Agenda Settimanale DELTA - 17x24 cm - Nero 2027;Agenda settimanale DELTA a blocco fisso, ideale per ufficio e studio. Seleziona misura e colore della copertina: codice articolo e prezzo si aggiornano in base al formato scelto.;8.54;https://www.asforniture.it/prodotti/agenda-settimanale-delta-17x24-cm-nero-2027--7157DE-NERO;https://www.bocchiosrl.it/ftp/bocchio/immagini/thumb/A7137DE-1024-1024-0.jpg;DELTA;Agende 2027 > InTempo > DELTA;0.00;1;22
7157DE-VERDE;Agenda Settimanale DELTA - 17x24 cm - Verde 2027;Agenda settimanale DELTA a blocco fisso, ideale per ufficio e studio. Seleziona misura e colore della copertina: codice articolo e prezzo si aggiornano in base al formato scelto.;8.54;https://www.asforniture.it/prodotti/agenda-settimanale-delta-17x24-cm-verde-2027--7157DE-VERDE;https://www.bocchiosrl.it/ftp/bocchio/immagini/thumb/A7137DE-1024-1024-0.jpg;DELTA;Agende 2027 > InTempo > DELTA;0.00;1;22
7158DE-BLU;Agenda Settimanale DELTA - 21x26 cm - Blu 2027;Agenda settimanale DELTA a blocco fisso, ideale per ufficio e studio. Seleziona misura e colore della copertina: codice articolo e prezzo si aggiornano in base al formato scelto.;9.76;https://www.asforniture.it/prodotti/agenda-settimanale-delta-21x26-cm-blu-2027--7158DE-BLU;https://www.bocchiosrl.it/ftp/bocchio/immagini/thumb/A7137DE-1024-1024-0.jpg;DELTA;Agende 2027 > InTempo > DELTA;0.00;1;22
7158DE-BORDEAUX;Agenda Settimanale DELTA - 21x26 cm - Rosso Bordeaux 2027;Agenda settimanale DELTA a blocco fisso, ideale per ufficio e studio. Seleziona misura e colore della copertina: codice articolo e prezzo si aggiornano in base al formato scelto.;9.76;https://www.asforniture.it/prodotti/agenda-settimanale-delta-21x26-cm-rosso-bordeaux-2027--7158DE-BORDEAUX;https://www.bocchiosrl.it/ftp/bocchio/immagini/thumb/A7137DE-1024-1024-0.jpg;DELTA;Agende 2027 > InTempo > DELTA;0.00;1;22
7158DE-NERO;Agenda Settimanale DELTA - 21x26 cm - Nero 2027;Agenda settimanale DELTA a blocco fisso, ideale per ufficio e studio. Seleziona misura e colore della copertina: codice articolo e prezzo si aggiornano in base al formato scelto.;9.76;https://www.asforniture.it/prodotti/agenda-settimanale-delta-21x26-cm-nero-2027--7158DE-NERO;https://www.bocchiosrl.it/ftp/bocchio/immagini/thumb/A7137DE-1024-1024-0.jpg;DELTA;Agende 2027 > InTempo > DELTA;0.00;1;22
7158DE-VERDE;Agenda Settimanale DELTA - 21x26 cm - Verde 2027;Agenda settimanale DELTA a blocco fisso, ideale per ufficio e studio. Seleziona misura e colore della copertina: codice articolo e prezzo si aggiornano in base al formato scelto.;9.76;https://www.asforniture.it/prodotti/agenda-settimanale-delta-21x26-cm-verde-2027--7158DE-VERDE;https://www.bocchiosrl.it/ftp/bocchio/immagini/thumb/A7137DE-1024-1024-0.jpg;DELTA;Agende 2027 > InTempo > DELTA;0.00;1;22
7307da41-fbbe-4c08-9722-0d59b30cdb7c;Cartellina 3 lembi - 25x34 cm - azzurro - Starline - conf. 25 pz;Cartellina a 3 lembi in cartoncino pesante con elastico. Colore: Azzurro. Confezione da 25 pezzi.;11.59;https://www.asforniture.it/prodotti/cartellina-3-lembi-25x34-cm-azzurro-starline-conf-25-pz--7307da41-fbbe-4c08-9722-0d59b30cdb7c;https://odmultimedia.eu/immagini/HD/STL6116.jpg;Starline;Archivio > Cartelline in carta;0.00;1;22
7350PT-BLU;Agenda Settimanale WEEKLY PATTERN - 15x21 cm - Blu 2027;Agenda settimanale WEEKLY PATTERN a blocco fisso, ideale per ufficio e studio. Seleziona misura e colore della copertina: codice articolo e prezzo si aggiornano in base al formato scelto.;18.18;https://www.asforniture.it/prodotti/agenda-settimanale-weekly-pattern-15x21-cm-blu-2027--7350PT-BLU;https://www.bocchiosrl.it/ftp/bocchio/immagini/thumb/A7357PT-1024-1024-0.jpg;WEEKLY PATTERN;Agende 2027 > InTempo > WEEKLY PATTERN;0.00;1;22
7350PT-NERO;Agenda Settimanale WEEKLY PATTERN - 15x21 cm - Nero 2027;Agenda settimanale WEEKLY PATTERN a blocco fisso, ideale per ufficio e studio. Seleziona misura e colore della copertina: codice articolo e prezzo si aggiornano in base al formato scelto.;18.18;https://www.asforniture.it/prodotti/agenda-settimanale-weekly-pattern-15x21-cm-nero-2027--7350PT-NERO;https://www.bocchiosrl.it/ftp/bocchio/immagini/thumb/A7357PT-1024-1024-0.jpg;WEEKLY PATTERN;Agende 2027 > InTempo > WEEKLY PATTERN;0.00;1;22
73573;Tappi auricolari monouso - diametro 12 mm - SNR 37 dB - rosso - Deltaplus - dispenser da 200 paia;"Tappi auricolari monouso Deltaplus, diametro 12 mm, colore rosso, dispenser da 200 paia. Inserti in schiuma espandibile per attenuazione elevata: SNR 37 dB (Single Number Rating — verificare valore sul lotto). Conformità tipica EN 352-2 per inserti auricolari. Ideali per industria rumorosa, cantieri e zone con esposizione prolungata a livelli elevati, quando è richiesta massima attenuazione e ricambio frequente. Istruzione d’uso: arrotolare, inserire a fondo nel canale e attendere l’espansione; monouso — non riutilizzare se sporchi o deformati. Conservare il dispenser chiuso e asciutto.";36.60;https://www.asforniture.it/prodotti/tappi-auricolari-monouso-diametro-12-mm-snr-37-db-rosso-deltaplus-dispenser-da-2--73573;https://odmultimedia.eu/immagini/LD/73573.jpg;Deltaplus;Sicurezza > Dispositivi di protezione per l'udito;0.00;1;22
73575;Cuffia antirumore SPA3 - SNR 23 dB - ABS/polistirene/gomma piuma - blu/nero - Deltaplus;"Cuffia antirumore Deltaplus SPA3 in ABS/polistirene con cuscinetti in gomma piuma, blu/nero. Attenuazione SNR 23 dB: adatta a rumori di livello moderato (magazzino, officina leggera, manutenzione). Conformità EN 352-1 per cuffie. Coppe leggere e archetto regolabile per comfort su turni medi. Non sufficiente da sola per ambienti ad altissimo rumore (preferire X5A / Optime II o tappi ad alto SNR). Controllare integrità dei cuscinetti; sostituire se induriti o crepati per mantenere la tenuta acustica.";12.20;https://www.asforniture.it/prodotti/cuffia-antirumore-spa3-snr-23-db-abs-polistirene-gomma-piuma-blu-nero-deltaplus--73575;https://odmultimedia.eu/immagini/LD/73575.jpg;Deltaplus;Sicurezza > Dispositivi di protezione per l'udito;0.00;1;22
73577;Elmetto di protezione Quartz Up III - bianco - Deltaplus;Elmetto di protezione Deltaplus Quartz Up III, bianco. DPI capo per edilizia e manutenzione: calotta resistente agli urti, regolazione cranica precisa (cremagliera o equivalente) e bardatura con più punti di ancoraggio per tenuta laterale. Conforme ai requisiti EN 397 se presente marcatura CE corrispondente. Controllare l’assenza di cricche e l’integrità della bardatura prima di ogni turno. Non utilizzare come protezione elettrica se non esplicitamente certificato per tensione.;24.40;https://www.asforniture.it/prodotti/elmetto-di-protezione-quartz-up-iii-bianco-deltaplus--73577;https://odmultimedia.eu/immagini/MD/73577.jpg;Deltaplus;Sicurezza > Elmetti;0.00;1;22
73578;Elmetto di protezione Zircon 1 - giallo - Deltaplus;"Elmetto di protezione Deltaplus Zircon 1, giallo. Calotta in materiale termoplastico per uso generale in cantiere e industria leggera, conforme ai requisiti EN 397 ove marcato. Regolazione tipicamente a cremagliera per un fissaggio rapido e stabile; bardatura a più punti di ancoraggio per distribuire il carico in caso di impatto. Ideale come DPI di base contro caduta oggetti. Non forare la calotta; sostituire dopo urti significativi o scaduta la vita utile indicata dal fabbricante.";18.30;https://www.asforniture.it/prodotti/elmetto-di-protezione-zircon-1-giallo-deltaplus--73578;https://odmultimedia.eu/immagini/MD/73578.jpg;Deltaplus;Sicurezza > Elmetti;0.00;1;22
7357PT-BLU;Agenda Settimanale WEEKLY PATTERN - 17x24 cm - Blu 2027;Agenda settimanale WEEKLY PATTERN a blocco fisso, ideale per ufficio e studio. Seleziona misura e colore della copertina: codice articolo e prezzo si aggiornano in base al formato scelto.;20.62;https://www.asforniture.it/prodotti/agenda-settimanale-weekly-pattern-17x24-cm-blu-2027--7357PT-BLU;https://www.bocchiosrl.it/ftp/bocchio/immagini/thumb/A7357PT-1024-1024-0.jpg;WEEKLY PATTERN;Agende 2027 > InTempo > WEEKLY PATTERN;0.00;1;22
7357PT-NERO;Agenda Settimanale WEEKLY PATTERN - 17x24 cm - Nero 2027;Agenda settimanale WEEKLY PATTERN a blocco fisso, ideale per ufficio e studio. Seleziona misura e colore della copertina: codice articolo e prezzo si aggiornano in base al formato scelto.;20.62;https://www.asforniture.it/prodotti/agenda-settimanale-weekly-pattern-17x24-cm-nero-2027--7357PT-NERO;https://www.bocchiosrl.it/ftp/bocchio/immagini/thumb/A7357PT-1024-1024-0.jpg;WEEKLY PATTERN;Agende 2027 > InTempo > WEEKLY PATTERN;0.00;1;22
73583;Occhiali a maschera Ruiz 1 - policarbonato/PVC - incolore - Deltaplus;"Occhiali a maschera Deltaplus Ruiz 1 in policarbonato/PVC, lente incolore. Mascherina economica per protezione da polveri e schizzi liquidi in manutenzione e pulizie. Conformità EN 166; classe ottica 1 ove dichiarata; UV EN 170 su lente chiara. Buona alternativa agli occhiali a stanghetta quando serve copertura completa. Verificare simbologie 3/4/5 (liquidi/polveri fini) se presenti. Pulire dopo uso con detergenti neutri; non esporre a solventi che attaccano il PVC.";6.10;https://www.asforniture.it/prodotti/occhiali-a-maschera-ruiz-1-policarbonato-pvc-incolore-deltaplus--73583;https://odmultimedia.eu/immagini/LD/73583.jpg;Deltaplus;Sicurezza > Occhiali;0.00;1;22
73584;Occhiali monolente Piton Clear - incolore - Deltaplus;"Occhiali monolente Deltaplus Piton Clear, incolore. Struttura a lente unica in policarbonato per protezione frontale e laterale economica e leggera. Conformità EN 166; classe ottica tipicamente 1; filtro UV EN 170 su lenti chiare ove marcato. Adatti a visitatori, magazzino e lavori generici a basso rischio. Verificare simbologia F/B per resistenza agli urti. Sostituire alla prima crepa o opacizzazione della lente.";4.88;https://www.asforniture.it/prodotti/occhiali-monolente-piton-clear-incolore-deltaplus--73584;https://odmultimedia.eu/immagini/LD/73584.jpg;Deltaplus;Sicurezza > Occhiali;0.00;1;22
73586;Occhiali per saldatura Pacaya T5 - policarbonato/nylon - Deltaplus;"Occhiali per saldatura Deltaplus Pacaya T5 in policarbonato/nylon. DPI specifici per saldatura e taglio: filtri secondo EN 169 (numero di scala tipicamente T5 / scala 5 — verificare marcatura sul lotto) per attenuare luce intensa e radiazioni UV/IR tipiche dei processi. Struttura EN 166 per tenuta e resistenza meccanica. Non sostituiscono maschere elettroniche ad alte temperature se il rischio lo richiede; usare solo per i processi e le scale dichiarate. Controllare usura della lente filtrante prima di ogni sessione.";24.40;https://www.asforniture.it/prodotti/occhiali-per-saldatura-pacaya-t5-policarbonato-nylon-deltaplus--73586;https://odmultimedia.eu/immagini/LD/73586.jpg;Deltaplus;Sicurezza > Occhiali;0.00;1;22
7358PT-BLU;Agenda Settimanale WEEKLY PATTERN - 21x26 cm - Blu 2027;Agenda settimanale WEEKLY PATTERN a blocco fisso, ideale per ufficio e studio. Seleziona misura e colore della copertina: codice articolo e prezzo si aggiornano in base al formato scelto.;23.06;https://www.asforniture.it/prodotti/agenda-settimanale-weekly-pattern-21x26-cm-blu-2027--7358PT-BLU;https://www.bocchiosrl.it/ftp/bocchio/immagini/thumb/A7357PT-1024-1024-0.jpg;WEEKLY PATTERN;Agende 2027 > InTempo > WEEKLY PATTERN;0.00;1;22
7358PT-NERO;Agenda Settimanale WEEKLY PATTERN - 21x26 cm - Nero 2027;Agenda settimanale WEEKLY PATTERN a blocco fisso, ideale per ufficio e studio. Seleziona misura e colore della copertina: codice articolo e prezzo si aggiornano in base al formato scelto.;23.06;https://www.asforniture.it/prodotti/agenda-settimanale-weekly-pattern-21x26-cm-nero-2027--7358PT-NERO;https://www.bocchiosrl.it/ftp/bocchio/immagini/thumb/A7357PT-1024-1024-0.jpg;WEEKLY PATTERN;Agende 2027 > InTempo > WEEKLY PATTERN;0.00;1;22
7360PT-BLU;Agenda Settimanale WEEKLY PATTERN - 21x30 cm A4 - Blu 2027;Agenda settimanale WEEKLY PATTERN a blocco fisso, ideale per ufficio e studio. Seleziona misura e colore della copertina: codice articolo e prezzo si aggiornano in base al formato scelto.;24.28;https://www.asforniture.it/prodotti/agenda-settimanale-weekly-pattern-21x30-cm-a4-blu-2027--7360PT-BLU;https://www.bocchiosrl.it/ftp/bocchio/immagini/thumb/A7357PT-1024-1024-0.jpg;WEEKLY PATTERN;Agende 2027 > InTempo > WEEKLY PATTERN;0.00;1;22
7360PT-NERO;Agenda Settimanale WEEKLY PATTERN - 21x30 cm A4 - Nero 2027;Agenda settimanale WEEKLY PATTERN a blocco fisso, ideale per ufficio e studio. Seleziona misura e colore della copertina: codice articolo e prezzo si aggiornano in base al formato scelto.;24.28;https://www.asforniture.it/prodotti/agenda-settimanale-weekly-pattern-21x30-cm-a4-nero-2027--7360PT-NERO;https://www.bocchiosrl.it/ftp/bocchio/immagini/thumb/A7357PT-1024-1024-0.jpg;WEEKLY PATTERN;Agende 2027 > InTempo > WEEKLY PATTERN;0.00;1;22
73626;Guanti di precisione VE702PG - poliestere/palmo PU - 09 - grigio - Deltaplus;Guanti di precisione Deltaplus VE702PG in poliestere con palmo in poliuretano (PU), taglia 09, grigio. Guanto leggero ad alta destrezza per assemblaggio, picking e lavori di finezza: il PU sul palmo garantisce aderenza e resistenza all’abrasione senza irrigidire le dita. EN 420 e, ove marcato, EN 388 per rischi meccanici di base. Ideale in magazzino e produzione. Vendita a multipli di 12 (confezione tipica). Non offre protezione chimica (EN 374) né antitaglio elevato.;1.83;https://www.asforniture.it/prodotti/guanti-di-precisione-ve702pg-poliestere-palmo-pu-09-grigio-deltaplus--73626;https://odmultimedia.eu/immagini/LD/73626.jpg;Deltaplus;Sicurezza > Guanti;0.00;1;22
73630;Guanti di precisione VE727NO - poliammide/nitrile PU - 09 - grigio/nero - Deltaplus;"Guanti di precisione Deltaplus VE727NO in poliammide con rivestimento nitrile/PU, taglia 09, grigio/nero. Destrezza elevata e grip versatile per assemblaggio fine, elettronica non ESD-specifica e manutenzione di precisione. EN 420; EN 388 per prestazioni meccaniche (controllare marcatura). Il mix nitrile/PU bilancia aderenza e flessibilità. Adatti a turni lunghi grazie al supporto in maglia leggera. Non utilizzare come barriera chimica completa senza EN 374; tenere asciutti e puliti.";7.93;https://www.asforniture.it/prodotti/guanti-di-precisione-ve727no-poliammide-nitrile-pu-09-grigio-nero-deltaplus--73630;https://odmultimedia.eu/immagini/LD/73630.jpg;Deltaplus;Sicurezza > Guanti;0.00;1;22
73633;Guanti da lavoro VE630 - poliestere/palmo lattice - 10 - grigio - Deltaplus;"Guanti da lavoro Deltaplus VE630 in poliestere con palmo in lattice, taglia 10, grigio. Classico guanto di manipolazione: supporto in maglia traspirante e rivestimento lattice sul palmo per grip in ambienti asciutti. Conformità EN 420; prestazioni EN 388 tipiche per abrasione e grip (verificare livelli). Adatto a edilizia, giardinaggio professionale e logistica. Attenzione: contiene lattice naturale — non idoneo in caso di allergia al lattice. Non utilizzare a contatto con oli/solventi che degradano il lattice.";4.88;https://www.asforniture.it/prodotti/guanti-da-lavoro-ve630-poliestere-palmo-lattice-10-grigio-deltaplus--73633;https://odmultimedia.eu/immagini/LD/73633.jpg;Deltaplus;Sicurezza > Guanti;0.00;1;22
73637;Guanti da lavoro pesante NI175 - nitrile - 10 - blu - Deltaplus;"Guanti da lavoro pesante Deltaplus NI175 in nitrile, taglia 10, blu. Guanto robusto per manipolazioni impegnative: il nitrile offre buona resistenza a oli, grassi e abrasione rispetto al lattice classico. Destinato a officina, manutenzione e edilizia leggera. Conformità tipica EN 420 e prestazioni meccaniche EN 388 (verificare livelli sul pittogramma). Buona aderenza anche in presenza di residui oleosi. Ispezionare cuciture e rivestimento; sostituire al primo segno di foratura o usura del palmo.";4.88;https://www.asforniture.it/prodotti/guanti-da-lavoro-pesante-ni175-nitrile-10-blu-deltaplus--73637;https://odmultimedia.eu/immagini/LD/73637.jpg;Deltaplus;Sicurezza > Guanti;0.00;1;22
73639;Guanti da lavoro pesante NI015 - nitrile leggero - 10 - giallo - Deltaplus;"Guanti da lavoro pesante Deltaplus NI015 in nitrile leggero, taglia 10, giallo. Versione più snella rispetto ai guanti nitrilici spessi: combina protezione da oli/abrasione con maggiore flessibilità per lavori di precisione media. EN 420 per requisiti generali; EN 388 per rischi meccanici (controllare marcatura). Indicati per assemblaggio, magazzino e manutenzione. Il colore giallo migliora la visibilità del DPI. Conservare al riparo da UV e solventi aggressivi non previsti dalla scheda tecnica.";4.88;https://www.asforniture.it/prodotti/guanti-da-lavoro-pesante-ni015-nitrile-leggero-10-giallo-deltaplus--73639;https://odmultimedia.eu/immagini/LD/73639.jpg;Deltaplus;Sicurezza > Guanti;0.00;1;22
73644;Guanti per saldatori CA515R - pelle crosta bovino - 10 - rosso - Deltaplus;"Guanti per saldatori Deltaplus CA515R in pelle crosta bovino, taglia 10, rosso. DPI per saldatura e lavori a caldo: pelle spessa contro scintille, calore per contatto e abrasione. Conformità tipica EN 420; rischi termici secondo EN 407 e, per saldatura, EN 12477 ove marcato sul prodotto (verificare tipo A/B). Cuciture rinforzate e manichetto lungo per proteggere avambraccio. Vendita a multipli di 12. Non immergere in liquidi; tenere asciutti e sostituire se irrigiditi o bruciati.";12.20;https://www.asforniture.it/prodotti/guanti-per-saldatori-ca515r-pelle-crosta-bovino-10-rosso-deltaplus--73644;https://odmultimedia.eu/immagini/LD/73644.jpg;Deltaplus;Sicurezza > Guanti;0.00;1;22
73752;Pantalone alta visibilità PHPA2 - sargia/poliestere/cotone - taglia L - arancio fluo - Deltaplus;"Pantalone alta visibilità Deltaplus PHPA2 in sargia poliestere/cotone, taglia L, arancio fluo. Capo DPI per ambienti a rischio scarsa visibilità (cantieri stradali, logistica, impianti): colore fluo e bande catarifrangenti secondo requisiti tipici EN ISO 20471 (verificare classe 1/2/3 e marcatura CE sul lotto). Tessuto resistente all’usura con vestibilità da lavoro. Lavare rispettando le istruzioni per non degradare il fluo e le bande riflettenti; sostituire se le bande sono screpolate o il colore è sbiadito oltre i limiti di sicurezza.";73.20;https://www.asforniture.it/prodotti/pantalone-alta-visibilita-phpa2-sargia-poliestere-cotone-taglia-l-arancio-fluo-d--73752;https://odmultimedia.eu/immagini/LD/73752.jpg;Deltaplus;Sicurezza > Pantaloni;0.00;1;22
73755;Giubbotto alta visibilità Reno HV - poliestere/poliuretano - taglia XL - giallo fluo - Deltaplus;"Giubbotto alta visibilità Deltaplus Reno HV in poliestere/poliuretano, taglia XL, giallo fluo. Capospalla DPI per esterni e condizioni umide: rivestimento PU per barriera agli schizzi e al vento leggero, fluo + bande catarifrangenti secondo EN ISO 20471 (verificare classe sul certificato). Vestibilità XL ampia, chiudibile e adatta sopra pile/maglia. Ideale per viabilità, cantiere e logistica outdoor. Manutenzione: lavare delicato per preservare riflettanza; riparare o sostituire se cuciture o coating sono danneggiati.";97.60;https://www.asforniture.it/prodotti/giubbotto-alta-visibilita-reno-hv-poliestere-poliuretano-taglia-xl-giallo-fluo-d--73755;https://odmultimedia.eu/immagini/LD/73755.jpg;Deltaplus;Sicurezza > Giubbotti;0.00;1;22
73757;Giubbotto alta visibilità Reno HV - poliestere/poliuretano - taglia XL - arancio fluo - Deltaplus;"Giubbotto alta visibilità Deltaplus Reno HV in poliestere/poliuretano, taglia XL, arancio fluo. Stessa piattaforma tecnica del modello giallo: tessuto PE con coating PU, protezione e segnalazione secondo EN ISO 20471 (controllare classe e pittogrammi). Colore arancio fluo spesso richiesto su cantieri ferroviari/stradali per distinguibilità. Comfort XL per movimenti e indumenti sottostanti. Non sostituisce abiti ignifughi o antistatici se il rischio lo richiede; usare solo entro i limiti dichiarati dal produttore.";97.60;https://www.asforniture.it/prodotti/giubbotto-alta-visibilita-reno-hv-poliestere-poliuretano-taglia-xl-arancio-fluo---73757;https://odmultimedia.eu/immagini/MD/73757.jpg;Deltaplus;Sicurezza > Giubbotti;0.00;1;22
73e12f5c-7bfb-47c8-b36c-599aa9c95218;Cucitrice a pinza Allegra Fluo - passo 6 - giallo - Iternet;Cucitrice Allegra con colori fluorescenti. Passo 6. Colore: Giallo Fluo.;12.08;https://www.asforniture.it/prodotti/cucitrice-a-pinza-allegra-fluo-passo-6-giallo-iternet--73e12f5c-7bfb-47c8-b36c-599aa9c95218;https://odmultimedia.eu/immagini/MD/101193.jpg;Iternet;Cancelleria > Accessori Scrivania;0.00;1;22
74076;Panno catturapolvere - antistatico - 22x28 cm - bianco - Perfetto - conf. 20 pezzi;Panno catturapolvere antistatico Perfetto, 22??28 cm, bianco, conf. 20 pezzi.;6.34;https://www.asforniture.it/prodotti/panno-catturapolvere-antistatico-22x28-cm-bianco-perfetto-conf-20-pezzi--74076;https://odmultimedia.eu/immagini/MD/74076.jpg;Perfetto;Prodotti per igiene > Attrezzature e Panni;0.00;1;22
74079;Spugna zincata - 30 gr - metallo zincato - Perfetto - conf. 2 pezzi;Spugna zincata Perfetto 30 gr, metallo zincato, conf. 2 pezzi.;3.05;https://www.asforniture.it/prodotti/spugna-zincata-30-gr-metallo-zincato-perfetto-conf-2-pezzi--74079;https://odmultimedia.eu/immagini/MD/74079.jpg;Perfetto;Prodotti per igiene > Attrezzature e Panni;0.00;1;22
74085;Retine di ricambio per scopa Pulipolvere - 45x22 cm - giallo - Perfetto - conf. 20 pezzi;Retine di ricambio Perfetto per scopa Pulipolvere, 45??22 cm, giallo, conf. 20 pezzi.;6.10;https://www.asforniture.it/prodotti/retine-di-ricambio-per-scopa-pulipolvere-45x22-cm-giallo-perfetto-conf-20-pezzi--74085;https://odmultimedia.eu/immagini/MD/74085.jpg;Perfetto;Prodotti per igiene > Attrezzature e Panni;0.00;1;22
74090;Frangia di ricambio Penta - cotone - 80 cm - PerfettoFactory;Frangia di ricambio Penta PerfettoFactory in cotone, 80 cm.;20.74;https://www.asforniture.it/prodotti/frangia-di-ricambio-penta-cotone-80-cm-perfettofactory--74090;https://odmultimedia.eu/immagini/MD/74090.jpg;PerfettoFactory;Prodotti per igiene > Attrezzature e Panni;0.00;1;22
74092;Mop Moccioso - cotone - 240 gr - bianco - Perfetto;Mop Moccioso Perfetto in cotone, 240 gr, bianco.;7.93;https://www.asforniture.it/prodotti/mop-moccioso-cotone-240-gr-bianco-perfetto--74092;https://odmultimedia.eu/immagini/MD/74092.jpg;Perfetto;Prodotti per igiene > Attrezzature e Panni;0.00;1;22
74144;Detergente per pavimenti Jolie - floreale/speziato - Alca - flacone da 1 L;"Detergente per pavimenti Alca Jolie, flacone 1 L, bouquet floreale/speziato. Detergente quotidiano per la manutenzione di pavimenti domestici e professionali leggeri: rimuove lo sporco e lascia una fragranza piacevole e persistente. Diluire in acqua secondo indicazioni; applicare a mop ben strizzato. Non richiede sempre risciacquo (verificare etichetta). Evitare ristagni di prodotto sui parquet non protetti.";8.54;https://www.asforniture.it/prodotti/detergente-per-pavimenti-jolie-floreale-speziato-alca-flacone-da-1-l--74144;https://odmultimedia.eu/immagini/MD/74144.jpg;Alca;Prodotti per igiene > Detergenti;0.00;1;22
74ded61d-da07-45c3-8976-a449e3b65a10;Cucitrice a pinza - passo 6 - rosso - Titanium;Cucitrice a pinza colorata, passo 6. Colore: Rosso.;9.15;https://www.asforniture.it/prodotti/cucitrice-a-pinza-passo-6-rosso-titanium--74ded61d-da07-45c3-8976-a449e3b65a10;https://odmultimedia.eu/immagini/MD/72777.jpg;Titanium;Cancelleria > Accessori Scrivania;0.00;1;22
759ae2b1-1ec8-44a7-a22b-4e02e6429b83;Cucitrice a pinza - passo 6 - blu - Titanium;Cucitrice a pinza colorata, passo 6. Colore: Blu.;9.15;https://www.asforniture.it/prodotti/cucitrice-a-pinza-passo-6-blu-titanium--759ae2b1-1ec8-44a7-a22b-4e02e6429b83;https://odmultimedia.eu/immagini/MD/72778.jpg;Titanium;Cancelleria > Accessori Scrivania;0.00;1;22
76078;Guanti di precisione VE712GR - poliestere/palmo nitrile - 09 - nero/grigio - Deltaplus;"Guanti di precisione Deltaplus VE712GR in poliestere con palmo in nitrile, taglia 09, nero/grigio. Destrezza elevata e grip migliorato su superfici leggermente oleose grazie al nitrile. Conformità EN 420; EN 388 per abrasione/taglio/strappo/perforazione secondo livelli dichiarati. Ideali per montaggio meccanico, logistica e manutenzione. Vendita a multipli di 10. Controllare usura del rivestimento; non utilizzare come barriera chimica completa se non certificato EN 374.";3.66;https://www.asforniture.it/prodotti/guanti-di-precisione-ve712gr-poliestere-palmo-nitrile-09-nero-grigio-deltaplus--76078;https://odmultimedia.eu/immagini/LD/76078.jpg;Deltaplus;Sicurezza > Guanti;0.00;1;22
76169;Guanti Docker DC103 - pelle crosta bovino - 10 - beige/blu - Deltaplus;"Guanti Docker Deltaplus DC103 in pelle crosta bovino, taglia 10, beige/blu. Guanto robusto per movimentazione merci, edilizia e lavori pesanti: la crosta bovina resiste ad abrasione e calore moderato da attrito. Requisiti generali EN 420; prestazioni meccaniche secondo EN 388 (verificare pittogramma). Manichetta tipicamente rinforzata per protezione del polso. Vendita a multipli di 12. Non adatto a rischi chimici liquidi; per saldatura preferire modelli certificati EN 407 / EN 12477.";6.10;https://www.asforniture.it/prodotti/guanti-docker-dc103-pelle-crosta-bovino-10-beige-blu-deltaplus--76169;https://odmultimedia.eu/immagini/LD/76169.jpg;Deltaplus;Sicurezza > Guanti;0.00;1;22
76209;Elmetto da cantiere Granite Wind - bianco - Deltaplus;"Elmetto da cantiere Deltaplus Granite Wind, bianco. Modello ventilato (Wind) per migliorare il comfort termico nei lavori prolungati all’aperto, mantenendo la protezione da urti secondo EN 397 (verificare etichetta). Bardatura regolabile (spesso a cremagliera) e sistema di ancoraggio multipunto (tipicamente 6–8 punti a seconda della configurazione). Compatibile con accessori previsti dal produttore (visiere, cuffie) se omologati. Conservare al riparo da solventi e luce intensa; non modificare la struttura.";61.00;https://www.asforniture.it/prodotti/elmetto-da-cantiere-granite-wind-bianco-deltaplus--76209;https://odmultimedia.eu/immagini/MD/76209.jpg;Deltaplus;Sicurezza > Elmetti;0.00;1;22
76211;Occhiali Fuji 2 Gradient - policarbonato - Deltaplus;"Occhiali di protezione Deltaplus Fuji 2 Gradient in policarbonato. DPI per gli occhi con lente a gradiente per uso misto interno/esterno: riduce l’abbagliamento mantenendo buona visibilità. Classe ottica tipicamente 1 per uso continuo; conformità EN 166 (protezione personale occhi) e filtri UV secondo EN 170 ove marcati. Trattamenti antigraffio e/o antiappannamento verificabili sull’etichetta del lotto. Ideali per officina, magazzino e manutenzione. Conservare in custodia; sostituire se graffi profondi compromettono la visione.";24.40;https://www.asforniture.it/prodotti/occhiali-fuji-2-gradient-policarbonato-deltaplus--76211;https://odmultimedia.eu/immagini/MD/76211.jpg;Deltaplus;Sicurezza > Occhiali;0.00;1;22
76214;Guanti da lavoro FBN49 - pelle pieno fiore bovino - 10 - bianco - Deltaplus;"Guanti da lavoro Deltaplus FBN49 in pelle pieno fiore bovino, taglia 10, bianco. Pelle fiore più flessibile e confortevole della crosta: buona destrezza con resistenza meccanica elevata per edilizia, carpenteria e movimentazione. EN 420; EN 388 per rischi meccanici (controllare livelli). Ideali per uso prolungato dove serve grip e durata. Vendita a multipli di 12. Trattare con prodotti specifici per pelle; non esporre a fiamme libere senza certificazione EN 407.";6.10;https://www.asforniture.it/prodotti/guanti-da-lavoro-fbn49-pelle-pieno-fiore-bovino-10-bianco-deltaplus--76214;https://odmultimedia.eu/immagini/LD/76214.jpg;Deltaplus;Sicurezza > Guanti;0.00;1;22
76401;Candeggina gel igienizzante - 1500 ml - Amacasa;Candeggina in gel igienizzante Amacasa, confezione 1500 ml. Consistenza gel per un’adesione prolungata su superfici verticali (sanitari, scarichi, piastrelle). Azione sbiancante e igienizzante su macchie organiche e residui difficili. Applicare sul punto da trattare, lasciare agire secondo etichetta, risciacquare. Non miscelare mai con acidi (sviluppo di gas pericolosi) né con ammoniaca. Usare guanti e aerare l’ambiente durante l’applicazione.;7.32;https://www.asforniture.it/prodotti/candeggina-gel-igienizzante-1500-ml-amacasa--76401;https://odmultimedia.eu/immagini/MD/76401.jpg;Amacasa;Prodotti per igiene > Detergenti;0.00;1;22
7755AF-BLU;Planning Settimanale ALFA - 30x10 cm Spiralato - Blu 2027;Planning settimanale spiralato, ideale per scrivania e ufficio. Seleziona misura e colore disponibili: codice articolo e prezzo si aggiornano in scheda.;6.34;https://www.asforniture.it/prodotti/planning-settimanale-alfa-30x10-cm-spiralato-blu-2027--7755AF-BLU;https://www.bocchiosrl.it/ftp/bocchio/immagini/thumb/A7755AF-1024-1024-0.jpg;ALFA;Agende 2027 > InTempo > ALFA;0.00;1;22
7755AF-NERO;Planning Settimanale ALFA - 30x10 cm Spiralato - Nero 2027;Planning settimanale spiralato, ideale per scrivania e ufficio. Seleziona misura e colore disponibili: codice articolo e prezzo si aggiornano in scheda.;6.34;https://www.asforniture.it/prodotti/planning-settimanale-alfa-30x10-cm-spiralato-nero-2027--7755AF-NERO;https://www.bocchiosrl.it/ftp/bocchio/immagini/thumb/A7755AF-1024-1024-0.jpg;ALFA;Agende 2027 > InTempo > ALFA;0.00;1;22
7755AF-ROSSO;Planning Settimanale ALFA - 30x10 cm Spiralato - Rosso 2027;Planning settimanale spiralato, ideale per scrivania e ufficio. Seleziona misura e colore disponibili: codice articolo e prezzo si aggiornano in scheda.;6.34;https://www.asforniture.it/prodotti/planning-settimanale-alfa-30x10-cm-spiralato-rosso-2027--7755AF-ROSSO;https://www.bocchiosrl.it/ftp/bocchio/immagini/thumb/A7755AF-1024-1024-0.jpg;ALFA;Agende 2027 > InTempo > ALFA;0.00;1;22
7755AF-TURCHESE;Planning Settimanale ALFA - 30x10 cm Spiralato - Turchese 2027;Planning settimanale spiralato, ideale per scrivania e ufficio. Seleziona misura e colore disponibili: codice articolo e prezzo si aggiornano in scheda.;6.34;https://www.asforniture.it/prodotti/planning-settimanale-alfa-30x10-cm-spiralato-turchese-2027--7755AF-TURCHESE;https://www.bocchiosrl.it/ftp/bocchio/immagini/thumb/A7755AF-1024-1024-0.jpg;ALFA;Agende 2027 > InTempo > ALFA;0.00;1;22
7755DE-BLU;Planning Settimanale DELTA - 30x12 cm Spiralato - Blu 2027;Planning settimanale spiralato, ideale per scrivania e ufficio. Seleziona misura e colore disponibili: codice articolo e prezzo si aggiornano in scheda.;6.71;https://www.asforniture.it/prodotti/planning-settimanale-delta-30x12-cm-spiralato-blu-2027--7755DE-BLU;https://www.bocchiosrl.it/ftp/bocchio/immagini/thumb/A7755DE-1024-1024-0.jpg;DELTA;Agende 2027 > InTempo > DELTA;0.00;1;22
7755DE-NERO;Planning Settimanale DELTA - 30x12 cm Spiralato - Nero 2027;Planning settimanale spiralato, ideale per scrivania e ufficio. Seleziona misura e colore disponibili: codice articolo e prezzo si aggiornano in scheda.;6.71;https://www.asforniture.it/prodotti/planning-settimanale-delta-30x12-cm-spiralato-nero-2027--7755DE-NERO;https://www.bocchiosrl.it/ftp/bocchio/immagini/thumb/A7755DE-1024-1024-0.jpg;DELTA;Agende 2027 > InTempo > DELTA;0.00;1;22
7755DE-ROSSO;Planning Settimanale DELTA - 30x12 cm Spiralato - Rosso 2027;Planning settimanale spiralato, ideale per scrivania e ufficio. Seleziona misura e colore disponibili: codice articolo e prezzo si aggiornano in scheda.;6.71;https://www.asforniture.it/prodotti/planning-settimanale-delta-30x12-cm-spiralato-rosso-2027--7755DE-ROSSO;https://www.bocchiosrl.it/ftp/bocchio/immagini/thumb/A7755DE-1024-1024-0.jpg;DELTA;Agende 2027 > InTempo > DELTA;0.00;1;22
7755PP-ARANCIO;Planning Settimanale 7755PP - 30x10 cm Spiralato - Arancio 2027;Planning settimanale spiralato, ideale per scrivania e ufficio. Seleziona misura e colore disponibili: codice articolo e prezzo si aggiornano in scheda.;9.64;https://www.asforniture.it/prodotti/planning-settimanale-7755pp-30x10-cm-spiralato-arancio-2027--7755PP-ARANCIO;https://www.bocchiosrl.it/ftp/bocchio/immagini/thumb/A7755PP-1024-1024-0.jpg;PP;Agende 2027 > InTempo > PP;0.00;1;22
7755PP-BLU;Planning Settimanale 7755PP - 30x10 cm Spiralato - Blu 2027;Planning settimanale spiralato, ideale per scrivania e ufficio. Seleziona misura e colore disponibili: codice articolo e prezzo si aggiornano in scheda.;9.64;https://www.asforniture.it/prodotti/planning-settimanale-7755pp-30x10-cm-spiralato-blu-2027--7755PP-BLU;https://www.bocchiosrl.it/ftp/bocchio/immagini/thumb/A7755PP-1024-1024-0.jpg;PP;Agende 2027 > InTempo > PP;0.00;1;22
7755PP-ROSSO;Planning Settimanale 7755PP - 30x10 cm Spiralato - Rosso 2027;Planning settimanale spiralato, ideale per scrivania e ufficio. Seleziona misura e colore disponibili: codice articolo e prezzo si aggiornano in scheda.;9.64;https://www.asforniture.it/prodotti/planning-settimanale-7755pp-30x10-cm-spiralato-rosso-2027--7755PP-ROSSO;https://www.bocchiosrl.it/ftp/bocchio/immagini/thumb/A7755PP-1024-1024-0.jpg;PP;Agende 2027 > InTempo > PP;0.00;1;22
7766PP;Planning Settimanale 24x34 cm Spiralato Datato 2027;Planning settimanale spiralato, ideale per scrivania e ufficio. Seleziona misura e colore disponibili: codice articolo e prezzo si aggiornano in scheda.;16.96;https://www.asforniture.it/prodotti/planning-settimanale-24x34-cm-spiralato-datato-2027--7766PP;https://www.bocchiosrl.it/ftp/bocchio/immagini/thumb/A7766PP-1024-1024-0.jpg;PP;Agende 2027 > InTempo > PP;0.00;1;22
7768PP;Planning Settimanale 35x50 cm Spiralato Datato 2027;Planning settimanale spiralato, ideale per scrivania e ufficio. Seleziona misura e colore disponibili: codice articolo e prezzo si aggiornano in scheda.;26.23;https://www.asforniture.it/prodotti/planning-settimanale-35x50-cm-spiralato-datato-2027--7768PP;https://www.bocchiosrl.it/ftp/bocchio/immagini/thumb/A7768PP-1024-1024-0.jpg;PP;Agende 2027 > InTempo > PP;0.00;1;22
77725;Conta/Verifica banconote HT2280 - 31,1 x 26,1 x 19,5 cm - nero - HolenBecky;Conta/verifica banconote HolenBecky HT2280, nero, dimensioni 31,1 × 26,1 × 19,5 cm. Macchina di fascia superiore per volumi elevati: conteggio veloce, hopper/cassetto di capacità maggiore rispetto ai modelli da bancone e suite di controlli anti-falsificazione UV/MG/IR/TH (verificare configurazione sul lotto). Ideale per centri commerciali, cash-office, grandi retail e servizi di gestione contante B2B. Interfaccia professionale e segnalazioni acustiche/visive in caso di anomalia. Pianificare manutenzione sensori e rulli secondo intensità d’uso.;512.40;https://www.asforniture.it/prodotti/conta-verifica-banconote-ht2280-31-1-x-26-1-x-19-5-cm-nero-holenbecky--77725;https://odmultimedia.eu/immagini/MD/77725.jpg;HolenBecky;Macchine per Ufficio > Verifica banconote;0.00;1;22
77c5b7fe-8a4f-42aa-bc3e-199088bfae16;Cucitrice a pinza 548/E - grigio - Zenith;Cucitrice Zenith 548/E classica. Colore: Grigio metallizzato.;23.79;https://www.asforniture.it/prodotti/cucitrice-a-pinza-548-e-grigio-zenith--77c5b7fe-8a4f-42aa-bc3e-199088bfae16;https://odmultimedia.eu/immagini/MD/28103.jpg;Zenith;Cancelleria > Accessori Scrivania;0.00;1;22
78746;Plastificatrice HomeOffice PL 350-L A3 - Titanium;Plastificatrice ideale per piccoli uffici e uso domestico frequente. Supporta documenti fino al formato A3 garantendo protezione e finitura di livello professionale per stampe e foto. Specifiche: Formato A3, Plastificazione a caldo e a freddo.;79.67;https://www.asforniture.it/prodotti/plastificatrice-homeoffice-pl-350-l-a3-titanium--78746;https://odmultimedia.eu/immagini/MD/78746.jpg;Titanium;Macchine per Ufficio > Plastificatrici e Materiale;0.00;1;22
78ed4f4d-15ac-4a18-89cc-e66a78b0b196;Matita in grafite Noris - gradazione 2B - Staedtler - conf. 12 pezzi;Matita di alta qualità per scrivere, disegnare e fare schizzi. Gradazione: 2B. Conf. 12 pz.;5.49;https://www.asforniture.it/prodotti/matita-in-grafite-noris-gradazione-2b-staedtler-conf-12-pezzi--78ed4f4d-15ac-4a18-89cc-e66a78b0b196;https://odmultimedia.eu/immagini/MD/37043.jpg;Staedtler;Cancelleria > Scrittura;0.00;1;22
79015;Coppia di tamponi di ricambio 1311 - per archetti 1310 - SNR 26 dB - arancione - 3M;"Coppia di tamponi di ricambio 3M 1311 per archetti 1310, arancione. Consumabile per mantenere l’attenuazione dichiarata del sistema a banda (SNR tipico 26 dB con archetto 1310 — verificare sulla confezione). Destinati a inserti EN 352-2 montati su archetto. Sostituire quando i tamponi sono compressi, sporchi o non tornano alla forma originale. Non utilizzare su archetti non compatibili; igiene: un paio per utente o secondo protocollo aziendale.";4.88;https://www.asforniture.it/prodotti/coppia-di-tamponi-di-ricambio-1311-per-archetti-1310-snr-26-db-arancione-3m--79015;https://odmultimedia.eu/immagini/LD/79015.jpg;3M;Sicurezza > Dispositivi di protezione per l'udito;0.00;1;22
79691;Occhiali a maschera Galeras Clear - policarbonato/PVC - incolore - Deltaplus;"Occhiali a maschera Deltaplus Galeras Clear in policarbonato/PVC, lente incolore. Versione chiara della famiglia Galeras per interni e ambienti con poca luce: massima trasparenza e protezione perimetrale. EN 166; UV EN 170; eventuali marchi 3/4/5 per liquidi e polveri. Adatti a falegnameria, muratura e laboratori. Controllare valvole/ventilazione e guarnizione; sostituire se la lente è opacizzata o crepata.";13.42;https://www.asforniture.it/prodotti/occhiali-a-maschera-galeras-clear-policarbonato-pvc-incolore-deltaplus--79691;https://odmultimedia.eu/immagini/LD/79691.jpg;Deltaplus;Sicurezza > Occhiali;0.00;1;22
79692;Occhiali a maschera Galeras Smoke - policarbonato/PVC - Deltaplus;"Occhiali a maschera Deltaplus Galeras Smoke in policarbonato con corpo in PVC, lente fumé. Protezione avvolgente contro polveri, schegge e schizzi: tenuta perimetrale superiore agli occhiali a stanghetta. EN 166 (spesso con simboli di liquidi/polveri se marcati); lente smoke con filtro solare EN 172; UV secondo marcatura. Indicati per edilizia, falegnameria e ambienti polverosi all’aperto. Controllare l’integrità della guarnizione e la ventilazione per ridurre l’appannamento.";13.42;https://www.asforniture.it/prodotti/occhiali-a-maschera-galeras-smoke-policarbonato-pvc-deltaplus--79692;https://odmultimedia.eu/immagini/LD/79692.jpg;Deltaplus;Sicurezza > Occhiali;0.00;1;22
79717;Occhiali di protezione Virtua AP - policarbonato - trasparente - 3M;"Occhiali di protezione 3M Virtua AP in policarbonato, lente trasparente. Stessa famiglia del modello grigio: calotta leggera, aderenza stabile e ampia area di visione. Classe ottica 1; EN 166 per rischi meccanici da impatto a bassa energia; protezione UV EN 170 tipica delle lenti chiare 3M. Ideali per interni, assemblaggio e laboratori. Pulire con panni microfibra e detergenti neutri; non usare solventi aggressivi sulle lenti trattate.";8.54;https://www.asforniture.it/prodotti/occhiali-di-protezione-virtua-ap-policarbonato-trasparente-3m--79717;https://odmultimedia.eu/immagini/MD/79717.jpg;3M;Sicurezza > Occhiali;0.00;1;22
79718;Occhiali di protezione Virtua AP - policarbonato - grigio - 3M;"Occhiali di protezione 3M Virtua AP in policarbonato, lente grigia. Design wraparound per copertura laterale e comfort prolungato. Classe ottica 1 (uso continuo) tipica della serie Virtua; conformità EN 166 e filtro solare EN 172 per riduzione dell’abbagliamento (lente grigia). Protezione UV secondo marcatura EN 170/EN 172 sul prodotto. Indicati per esterni, edilizia e logistica. Non utilizzare per saldatura o raggi IR intensi senza filtro EN 169 adeguato.";8.54;https://www.asforniture.it/prodotti/occhiali-di-protezione-virtua-ap-policarbonato-grigio-3m--79718;https://odmultimedia.eu/immagini/MD/79718.jpg;3M;Sicurezza > Occhiali;0.00;1;22
79722;Occhiali di protezione Securefit SF202AF - policarbonato - grigio - 3M;"Occhiali 3M SecureFit SF202AF in policarbonato, lente grigia con tecnologia antiappannamento (AF). Sistema SecureFit a pressione differenziata sulle stanghette per tenuta senza tensione eccessiva. Classe ottica 1; EN 166; filtro solare EN 172 (grigio); UV e trattamenti K/N secondo etichetta 3M. Ideali per esterni e lavori con sbalzi di temperatura. Non idonei alla saldatura (usare EN 169). Conservare al riparo da graffi e heat extreme.";15.25;https://www.asforniture.it/prodotti/occhiali-di-protezione-securefit-sf202af-policarbonato-grigio-3m--79722;https://odmultimedia.eu/immagini/LD/79722.jpg;3M;Sicurezza > Occhiali;0.00;1;22
79728;Sovraocchiali di protezione serie 2800 - policarbonato - montatura blu scuro - lenti trasparente - 3M;"Sovraocchiali di protezione 3M serie 2800 in policarbonato, montatura blu scuro e lenti trasparenti. Protezione sovrapposta su occhiali da vista: copertura laterale e frontale secondo EN 166. Classe ottica 1; UV EN 170; trattamenti antigraffio tipici 3M. Ideali per visitatori e operatori che devono mantenere la propria correzione. Controllare compatibilità con la montatura sottostante; pulire regolarmente per evitare distorsioni da sporco.";19.52;https://www.asforniture.it/prodotti/sovraocchiali-di-protezione-serie-2800-policarbonato-montatura-blu-scuro-lenti-t--79728;https://odmultimedia.eu/immagini/LD/79728.jpg;3M;Sicurezza > Occhiali;0.00;1;22
79730;Carrello per pulizie professionali Evolution - 48 L - 67,5 x119 x115 cm - PerfettoFactory;"Carrello professionale PerfettoFactory Evolution, capacità 48 L, dimensioni 67,5×119×115 cm. Piattaforma ampia per attrezzature complete di pulizia (secchi, presse, sacchi e utensili) in ambienti ad alto passaggio. Struttura destinata a uso intensivo; movimentare con cautela, bloccare le ruote in sosta e distribuire il carico in modo equilibrato. Adatto a facility management e imprese di cleaning.";488.00;https://www.asforniture.it/prodotti/carrello-per-pulizie-professionali-evolution-48-l-67-5-x119-x115-cm-perfettofact--79730;https://odmultimedia.eu/immagini/MD/79730.jpg;PerfettoFactory;Prodotti per igiene > Attrezzature e Panni;0.00;1;22
79748;Inserti auricolari E.A.R. Classic con cordicella - SNR 28 dB - giallo - 3M - conf. 200 pezzi;"Inserti auricolari 3M E.A.R. Classic con cordicella, giallo, confezione da 200 pezzi. Classici in PVC a cellula lenta: attenuazione SNR 28 dB, conformità EN 352-2. La cordicella riduce il rischio di perdita e facilita l’uso intermittente (ingressi/uscite da zone rumorose). Indicati per industria, aeronautica leggera e ambienti con rumore continuo. Rullare bene prima dell’inserimento; non tagliare gli inserti. Conservare puliti; sostituire secondo igiene aziendale (tipicamente monouso o giornaliero).";158.60;https://www.asforniture.it/prodotti/inserti-auricolari-e-a-r-classic-con-cordicella-snr-28-db-giallo-3m-conf-200-pez--79748;https://odmultimedia.eu/immagini/LD/79748.jpg;3M;Sicurezza > Dispositivi di protezione per l'udito;0.00;1;22
79807;Cuffia protettiva Peltor X1A - SNR 27 dB - verde/nero - 3M;"Cuffia protettiva 3M Peltor X1A, verde/nero, SNR 27 dB. Fascia bassa della serie X: attenuazione bilanciata per industrie e cantieri con rumore medio-alto, mantenendo comfort e peso contenuto. Conformità EN 352-1. Design X con archetto a filo e coppe ottimizzate. Ideale quando serve protezione superiore a cuffie entry-level (es. SPA3) senza arrivare agli SNR elevati della X5A. Verificare compatibilità con elmetti/accessori Peltor se previsti; ispezionare cuscinetti e tenuta periodicamente.";42.70;https://www.asforniture.it/prodotti/cuffia-protettiva-peltor-x1a-snr-27-db-verde-nero-3m--79807;https://odmultimedia.eu/immagini/LD/79807.jpg;3M;Sicurezza > Dispositivi di protezione per l'udito;0.00;1;22
79840;Cuffia protettiva Peltor X5A - SNR 37 dB - nero - 3M;Cuffia protettiva 3M Peltor X5A, nero, SNR 37 dB. Alta attenuazione della serie X per esposizioni elevate (presse, macchinari pesanti, ambienti molto rumorosi). Conformità EN 352-1. Coppe di grande volume e design ottimizzato per massimizzare l’isolamento mantenendo indossabilità. Usare solo quando il rischio lo richiede: un’attenuazione eccessiva può isolare eccessivamente da segnali utili — valutare con RSPP. Manutenzione: cuscinetti e inserti igienici originali 3M.;97.60;https://www.asforniture.it/prodotti/cuffia-protettiva-peltor-x5a-snr-37-db-nero-3m--79840;https://odmultimedia.eu/immagini/LD/79840.jpg;3M;Sicurezza > Dispositivi di protezione per l'udito;0.00;1;22
79841;Cuffia protettiva Peltor Optime II - SNR 31 dB - verde - 3M;"Cuffia protettiva 3M Peltor Optime II, verde, SNR 31 dB. Modello di riferimento per attenuazione elevata in ambienti rumorosi (industria pesante, cantieri, impianti). EN 352-1; coppe ampie e soft sealing rings per tenuta e comfort. Ideale quando SNR ~23–27 non bastano ma non è necessario il massimo della X5A. Controllare pressione dell’archetto e stato dei cuscinetti: una tenuta scadente riduce l’attenuazione reale rispetto al valore SNR di laboratorio.";42.70;https://www.asforniture.it/prodotti/cuffia-protettiva-peltor-optime-ii-snr-31-db-verde-3m--79841;https://odmultimedia.eu/immagini/LD/79841.jpg;3M;Sicurezza > Dispositivi di protezione per l'udito;0.00;1;22
79891;Cuffia protettiva Peltor Optime I - SNR 27 dB - giallo - 3M;"Cuffia protettiva 3M Peltor Optime I, giallo, SNR 27 dB. Versione “entry” della famiglia Optime: attenuazione solida EN 352-1 per rumori medio-alti con comfort quotidiano. Ideale per magazzino, carpenteria e produzione generale. Più leggera/meno “chiusa” dell’Optime II (SNR 31). Verificare marcatura CE e valori HML/SNR sul prodotto; sostituire i cuscinetti quando perdono elasticità per non ridurre la protezione effettiva.";36.60;https://www.asforniture.it/prodotti/cuffia-protettiva-peltor-optime-i-snr-27-db-giallo-3m--79891;https://odmultimedia.eu/immagini/LD/79891.jpg;3M;Sicurezza > Dispositivi di protezione per l'udito;0.00;1;22
7abad388-400b-4694-b1ac-5415e0fe6177;Raccoglitore Registratore Starbox - dorso 5 cm - Nero;Raccoglitore Registratore Starbox - dorso 5 cm - Nero;5.06;https://www.asforniture.it/prodotti/raccoglitore-registratore-starbox-dorso-5-cm-nero--7abad388-400b-4694-b1ac-5415e0fe6177;https://odmultimedia.eu/immagini/HD/STL4017.jpg;Astro Forniture;Archivio > Raccoglitori Archivio;0.00;1;22
7b9bce76-1420-4a18-bdce-2e5def7afc73;Buste forate con soffietto - 22 x 30 cm - PVC - Leitz - conf. 10 pz;Buste a foratura universale con soffietto laterale per contenere alti spessori. Materiale PVC trasparente ultra resistente.;25.61;https://www.asforniture.it/prodotti/buste-forate-con-soffietto-22-x-30-cm-pvc-leitz-conf-10-pz--7b9bce76-1420-4a18-bdce-2e5def7afc73;https://odmultimedia.eu/immagini/HD/45792.jpg;Leitz;Archivio > Buste Trasparenti;0.00;1;22
7beb4061-d41d-4d5c-a575-e004674269a3;Buste a sacco Soft - 30 x 42 cm - conf. 10 pz;Buste a sacco in PPL morbido, formato 30x42 cm.;5.49;https://www.asforniture.it/prodotti/buste-a-sacco-soft-30-x-42-cm-conf-10-pz--7beb4061-d41d-4d5c-a575-e004674269a3;https://odmultimedia.eu/immagini/HD/25961.jpg;Sei Rota;Archivio > Buste Trasparenti;0.00;1;22
80357;Plastificatrice Inspire+ A4 - Nera - GBC;Plastificatrice a caldo e a freddo, leggera e compatta, ideale per l’uso occasionale a casa o in piccoli uffici. Dotata di interruttore unico intuitivo e leva di rilascio manuale degli inceppamenti. Incluso starter pack da 5 pouch A4 (2×75 micron). Specifiche: Formato A4, Spessore 2×75 – 2×125 micron, Preriscaldamento 4–5 min, Velocità 250 mm/min, 2 Rulli, Potenza 420W, Peso 1,24 kg.;49.53;https://www.asforniture.it/prodotti/plastificatrice-inspire-a4-nera-gbc--80357;https://odmultimedia.eu/immagini/MD/80357.jpg;GBC;Macchine per Ufficio > Plastificatrici e Materiale;0.00;1;22
80358;Plastificatrice Inspire+ A3 - Nera - GBC;Plastificatrice versatile per formati dal badge ID al formato A3. Perfetta per l’uso domestico e in ufficio, supporta la plastificazione sia a caldo che a freddo. Incluso starter pack da 5 pouch A4 (2×75 micron). Specifiche: Formato A3 (Luce max 303 mm), Spessore 2×75 – 2×125 micron, Preriscaldamento 4–5 min, Velocità 250 mm/min, 2 Rulli riscaldati, Potenza 550W, Peso 1,68 kg.;66.12;https://www.asforniture.it/prodotti/plastificatrice-inspire-a3-nera-gbc--80358;https://odmultimedia.eu/immagini/MD/80358.jpg;GBC;Macchine per Ufficio > Plastificatrici e Materiale;0.00;1;22
80656;"Adesivo segnalatore Take Care - da terra - ""estintore"" - 70 x 35 cm - CEP";"Adesivo segnalatore Take Care CEP da terra “estintore”, 70 × 35 cm. Indica chiaramente la posizione dell’estintore sul pavimento per una individuazione rapida in emergenza. Materiale ad elevata resistenza al calpestio e al passaggio di carrelli; superficie antiscivolo tipica R9/R10 ove dichiarata. Applicazione semplice su pavimenti puliti; rimozione agevole in caso di spostamento DPI antincendio. Supporta la conformità alle procedure di sicurezza e alla segnaletica di emergenza aziendale.";42.70;https://www.asforniture.it/prodotti/adesivo-segnalatore-take-care-da-terra-estintore-70-x-35-cm-cep--80656;https://odmultimedia.eu/immagini/MD/80656.jpg;CEP;Sicurezza > Nastri;0.00;1;22
80657;"Adesivo segnalatore Take Care - da terra - ""rischio elettrico"" - 70 x 35 cm - CEP";"Adesivo segnalatore Take Care CEP da terra “rischio elettrico”, 70 × 35 cm. Avverte della presenza di pericolo elettrico nella zona demarcata. Resistente al calpestio e al traffico di carrelli; grip antiscivolo tipico della linea Take Care. Facile da applicare e rimuovere per aggiornare le zone a rischio. Ideale in locali tecnici, quadri e aree di manutenzione elettrica, a supporto della segnaletica di sicurezza prevista dalle procedure aziendali e dal D.Lgs. 81/08.";42.70;https://www.asforniture.it/prodotti/adesivo-segnalatore-take-care-da-terra-rischio-elettrico-70-x-35-cm-cep--80657;https://odmultimedia.eu/immagini/MD/80657.jpg;CEP;Sicurezza > Nastri;0.00;1;22
82101;Guanti per protezione chimica VE509 - neoprene - 09/10 - nero - Deltaplus;"Guanti per protezione chimica Deltaplus VE509 in neoprene, taglia 09/10, nero. Guanto impermeabile per contatto con detergenti, oli e molte sostanze chimiche industriali (verificare tabella di permeazione del produttore). Conformità EN 420 e protezione chimica EN ISO 374-1 (tipi A/B/C e lettere delle sostanze — controllare marcatura sul lotto); spesso anche EN 388 per rischi meccanici basici. Ideali per manutenzione, pulizie professionali e laboratori. Ispezionare per microfori; non riutilizzare se contaminati da sostanze pericolose oltre le indicazioni.";6.71;https://www.asforniture.it/prodotti/guanti-per-protezione-chimica-ve509-neoprene-09-10-nero-deltaplus--82101;https://odmultimedia.eu/immagini/LD/82101.jpg;Deltaplus;Sicurezza > Guanti;0.00;1;22
82218;Pantalone da lavoro Palaos Paligpa - cotone - taglia L - blu - Deltaplus;"Pantalone da lavoro Deltaplus Palaos Paligpa in cotone, taglia L, blu. Versione blu della linea Palaos: tessuto cotone per comfort e traspirabilità, vestibilità classica da lavoro. Ideale per squadre che distinguono i ruoli tramite colore. Buona scelta entry-level per magazzino e manutenzione. Verificare tasche e cuciture dopo lavaggi intensivi; non sostituisce pantaloni alta visibilità EN ISO 20471 né capi ignifughi.";36.60;https://www.asforniture.it/prodotti/pantalone-da-lavoro-palaos-paligpa-cotone-taglia-l-blu-deltaplus--82218;https://odmultimedia.eu/immagini/LD/82218.jpg;Deltaplus;Sicurezza > Pantaloni;0.00;1;22
82220;Pantalone da lavoro Palaos Paligpa - cotone - taglia L - grigio - Deltaplus;"Pantalone da lavoro Deltaplus Palaos Paligpa in cotone, taglia L, grigio. Capo traspirante e confortevole per turni lunghi in ambienti temperati: il cotone favorisce l’assorbimento dell’umidità e una vestibilità naturale. Adatto a edilizia leggera, logistica e servizi. Resistenza all’usura adeguata all’uso quotidiano; preferire Panostrpa/miste tecniche se serve maggiore elasticità o resistenza a oli. Lavaggio a temperatura moderata; non è certificato EN ISO 20471.";36.60;https://www.asforniture.it/prodotti/pantalone-da-lavoro-palaos-paligpa-cotone-taglia-l-grigio-deltaplus--82220;https://odmultimedia.eu/immagini/LD/82220.jpg;Deltaplus;Sicurezza > Pantaloni;0.00;1;22
82324598-fc91-4bb4-8a21-76fb946d0d29;Busta a sacco Mailpack - 19 x 26 cm;Busta bianca 80gr con strip adesivo. Conf. 25 pezzi.;6.34;https://www.asforniture.it/prodotti/busta-a-sacco-mailpack-19-x-26-cm--82324598-fc91-4bb4-8a21-76fb946d0d29;https://odmultimedia.eu/immagini/MD/46146.jpg;Blasetti;Cancelleria > Buste;0.00;1;22
82366;Elmetto da cantiere Granite Wind - giallo fluo - Deltaplus;"Elmetto da cantiere Deltaplus Granite Wind, giallo fluo ad alta visibilità. Stessa famiglia ventilata Wind del modello bianco: comfort in ambienti caldi e protezione da impatto secondo EN 397 (controllare marcatura). Regolazione a cremagliera e bardatura multipunto per stabilità anche in movimento. Il colore fluo migliora la rilevabilità dell’operatore in cantieri e aree a traffico. Ispezionare dopo cadute o urti; non dipingere né forare la calotta.";61.00;https://www.asforniture.it/prodotti/elmetto-da-cantiere-granite-wind-giallo-fluo-deltaplus--82366;https://odmultimedia.eu/immagini/MD/82366.jpg;Deltaplus;Sicurezza > Elmetti;0.00;1;22
82502;Carrello per pulizie Pressclean - 50 L - 81 x 43,5 x 88 cm - Medial;"Carrello per pulizie Medial Pressclean con capacità 50 L e dimensioni 81×43,5×88 cm. Configurazione professionale per trasporto secchi, utensili e materiale di consumo in hotel, uffici e strutture collettive. Struttura stabile su ruote; verificare il blocco delle ruote in sosta e non sovraccaricare oltre la portata indicata. Ideale in abbinamento a mop, frange e detergenti della linea igiene.";366.00;https://www.asforniture.it/prodotti/carrello-per-pulizie-pressclean-50-l-81-x-43-5-x-88-cm-medial--82502;https://odmultimedia.eu/immagini/MD/82502.jpg;Medial;Prodotti per igiene > Attrezzature e Panni;0.00;1;22
82c833ef-e173-4f97-b840-10d4436f54e8;Penna a sfera Bic Cristal - verde - conf. 50 pezzi;Penna a sfera classica con punta media 1,0 mm. Confezione risparmio da 50 pezzi.;15.25;https://www.asforniture.it/prodotti/penna-a-sfera-bic-cristal-verde-conf-50-pezzi--82c833ef-e173-4f97-b840-10d4436f54e8;https://odmultimedia.eu/immagini/MD/33053.jpg;Bic;Cancelleria;0.00;1;22
8329d97c-38ee-435c-bf51-1387ef4cce23;Cartella archivio con lacci - dorso 20 cm - grigio - Euro-cart;Cartella archivio con legacci rivettati. Dimensioni 35x25 cm. Dorso 20 cm.;3.42;https://www.asforniture.it/prodotti/cartella-archivio-con-lacci-dorso-20-cm-grigio-euro-cart--8329d97c-38ee-435c-bf51-1387ef4cce23;https://odmultimedia.eu/immagini/HD/73590.jpg;Euro-cart;Archivio > Cartelle archivio con lacci;0.00;1;22
83510;"Adesivo da terra - ""forma a T"" - 10 x 15 cm - Durable - conf. 10 pezzi";"Adesivo da terra Durable a forma di T, 10 × 15 cm, conf. 10 pezzi. Elemento di demarcazione per angoli, baie e punti di allineamento a pavimento. Resistente al calpestio e al traffico di carrelli se correttamente posato; superfici antiscivolo della famiglia Durable. Applicazione e rimozione rapide per layout flessibili. Ideale in magazzini e linee produttive.";30.50;https://www.asforniture.it/prodotti/adesivo-da-terra-forma-a-t-10-x-15-cm-durable-conf-10-pezzi--83510;https://odmultimedia.eu/immagini/MD/83510.jpg;Durable;Sicurezza > Nastri;0.00;1;22
83511;"Adesivo da terra - ""croce"" - 15 x 15 cm - Durable - conf. 10 pezzi";"Adesivo da terra Durable a forma di croce, 15 × 15 cm, conf. 10 pezzi. Pittogramma/forma geometrica per indicare punti di sosta, intersezioni o zone di attenzione. Resistente al calpestio quotidiano; superfici antiscivolo tipiche della linea Durable per pavimenti (R9/R10 ove marcate). Facile applicazione e rimozione senza danneggiare pavimentazioni lisce. Ideale per magazzini, uffici open space e aree di attesa.";42.70;https://www.asforniture.it/prodotti/adesivo-da-terra-croce-15-x-15-cm-durable-conf-10-pezzi--83511;https://odmultimedia.eu/immagini/MD/83511.jpg;Durable;Sicurezza > Nastri;0.00;1;22
83512;"Adesivo da terra - ""forma a L"" - 10 x 10 cm - Durable - conf. 10 pezzi";"Adesivo da terra Durable a forma di L, 10 × 10 cm, conf. 10 pezzi. Angoli di demarcazione per box, pallet e zone operative. Alta resistenza al calpestio; grip tipico antiscivolo R9/R10 ove dichiarato. Posizionamento preciso e rimozione senza tracce eccessive su pavimenti lisci. Complementare a nastri e strisce per segnaletica da pavimento aziendale.";30.50;https://www.asforniture.it/prodotti/adesivo-da-terra-forma-a-l-10-x-10-cm-durable-conf-10-pezzi--83512;https://odmultimedia.eu/immagini/MD/83512.jpg;Durable;Sicurezza > Nastri;0.00;1;22
83513;Adesivo da terra - 'striscia' - 10 x 15 cm - Durable - conf. 10 pezzi;"Adesivi da terra Durable a striscia, 10 × 15 cm, conf. 10 pezzi. Demarcazione rapida di zone, code o punti di attenzione a pavimento. Applicare su superficie liscia e pulita; pressare uniformemente. Buona visibilità e tenuta al calpestio ordinario. Sostituire se usurati per mantenere chiarezza della segnaletica e sicurezza degli ambienti.";19.52;https://www.asforniture.it/prodotti/adesivo-da-terra-striscia-10-x-15-cm-durable-conf-10-pezzi--83513;https://odmultimedia.eu/immagini/MD/83513.jpg;Durable;Sicurezza > Nastri;0.00;1;22
83514;"Adesivo da terra - ""orme"" - 9 x 24 cm - Durable - conf. 5 paia";"Adesivo da terra Durable a forma di orme, 9 × 24 cm, conf. 5 paia. Guida visiva per percorsi pedonali, code e distanziamento. Tenuta elevata al calpestio; materiale pensato per traffico intenso e passaggio occasionale di carrelli leggeri. Applicazione semplice su pavimenti puliti e asciutti; rimozione netta in caso di cambi layout. Supporta la segnaletica aziendale da pavimento e le procedure di sicurezza interne.";42.70;https://www.asforniture.it/prodotti/adesivo-da-terra-orme-9-x-24-cm-durable-conf-5-paia--83514;https://odmultimedia.eu/immagini/MD/83514.jpg;Durable;Sicurezza > Nastri;0.00;1;22
84330;Plastificatrice/Taglierina 3in1 A3 - Titanium (Olympia A 340 Combo);Unità multifunzione avanzata che integra plastificatrice a caldo/freddo, taglierina a rullo integrata e arrotonda-angoli integrato sul retro. Specifiche: Formato A3 (Luce max 330 mm), Spessore 80/100/125 micron (max doc 0,6 mm), Preriscaldamento 3–5 min, Velocità 250 mm/min, Taglierina 3 tipi di taglio (Diritto, Ondulato, Perforato – cap. 3 fogli 80 g/m²), Sistema ABS sblocco inceppamenti, Potenza 365W, Peso 1,8 kg.;73.08;https://www.asforniture.it/prodotti/plastificatrice-taglierina-3in1-a3-titanium-olympia-a-340-combo--84330;https://odmultimedia.eu/immagini/MD/84330.jpg;Titanium;Macchine per Ufficio > Plastificatrici e Materiale;0.00;1;22
843a794c-bdbc-470f-a3ff-495581971564;Scatola progetto Eurobox - dorso 10 cm - rosso;Scatola progetto Esselte in cartone robusto;7.56;https://www.asforniture.it/prodotti/scatola-progetto-eurobox-dorso-10-cm-rosso--843a794c-bdbc-470f-a3ff-495581971564;https://odmultimedia.eu/immagini/HD/48355.jpg;Esselte;Archivio > Scatole Archivio;0.00;1;22
857ca165-0939-40d4-a6ea-17ec7198ce1e;Busta a sacco Mailpack - 16 x 23 cm;Busta bianca 80gr con strip adesivo. Conf. 25 pezzi.;5.49;https://www.asforniture.it/prodotti/busta-a-sacco-mailpack-16-x-23-cm--857ca165-0939-40d4-a6ea-17ec7198ce1e;https://odmultimedia.eu/immagini/MD/46145.jpg;Blasetti;Cancelleria > Buste;0.00;1;22
85875;Conta/verifica banconote Pixel S2 - 11,7 x 13,6 x 7,1 cm - nero - Iternet;"Conta/verifica banconote Iternet Pixel S2, nero, dimensioni 11,7 × 13,6 × 7,1 cm. Formato ultra-compatto per spazi ridotti: conteggio e rilevazione banconote sospette tramite sensori di sicurezza (UV/MG/IR tipici della serie — verificare scheda tecnica). Pensato per bar, tabacchi, piccoli negozi e desk reception. Facilità d’uso con comandi essenziali e feedback immediato. Conservare al riparo da polvere e umidità eccessiva; non esporre a urti durante il trasporto.";146.40;https://www.asforniture.it/prodotti/conta-verifica-banconote-pixel-s2-11-7-x-13-6-x-7-1-cm-nero-iternet--85875;https://odmultimedia.eu/immagini/MD/85875.jpg;Iternet;Macchine per Ufficio > Verifica banconote;0.00;1;22
8595576b-5b6c-4137-a89d-18d6a6ac2876;Nastro adesivo carta - 19 mm x 50 m - beige - Comet;Nastro adesivo in carta coprente, ideale per mascheratura. Misura: 19mm x 50m.;1.46;https://www.asforniture.it/prodotti/nastro-adesivo-carta-19-mm-x-50-m-beige-comet--8595576b-5b6c-4137-a89d-18d6a6ac2876;https://odmultimedia.eu/immagini/MD/37911.jpg;Comet;Cancelleria > Imballaggio;0.00;1;22
86181;Giacca Softshell MySen 2 - tessuto Softshell/poliestere/elastan - taglia M - grigio/fucsia - Deltaplus;"Giacca Softshell Deltaplus MySen 2, taglia M, grigio/fucsia. Tessuto Softshell a tre strati tipici (maglia esterna, membrana, pile interno) in poliestere/elastan: antivento, idrorepellente su pioggia leggera e traspirante per attività dinamiche. Vestibilità aderente ma flessibile grazie all’elastan; contrasto fucsia per riconoscibilità in squadra. Ideale per magazzino, facility e outdoor temperato. Non è un DPI di alta visibilità EN ISO 20471: per cantieri stradali usare modelli fluo certificati. Lavare a basse temperature per preservare l’idrorepellenza.";73.20;https://www.asforniture.it/prodotti/giacca-softshell-mysen-2-tessuto-softshell-poliestere-elastan-taglia-m-grigio-fu--86181;https://odmultimedia.eu/immagini/LD/86181.jpg;Deltaplus;Sicurezza > Giacche;0.00;1;22
86184;Pantalone da lavoro Panostrpa - sargia/poliestere/cotone/elastan - taglia M - blu/arancio - Deltaplus;"Pantalone da lavoro Deltaplus Panostrpa, taglia M, blu/arancio. Tessuto in sargia mista poliestere/cotone con elastan per elasticità nei movimenti e resistenza all’usura tipica di officina e cantiere. Vestibilità ergonomica con tasche multifunzione e rinforzi nelle zone di attrito. Ideale come abbigliamento professionale quotidiano. Non è un capo di alta visibilità certificato EN ISO 20471: i dettagli arancio hanno funzione di contrasto estetico. Lavare secondo etichetta; sostituire se cuciture o tessuto risultano lacerati.";48.80;https://www.asforniture.it/prodotti/pantalone-da-lavoro-panostrpa-sargia-poliestere-cotone-elastan-taglia-m-blu-aran--86184;https://odmultimedia.eu/immagini/LD/86184.jpg;Deltaplus;Sicurezza > Pantaloni;0.00;1;22
86187;Pantalone da lavoro Panostrpa - sargia/poliestere/cotone/elastan - taglia XXL - blu/arancio - Deltaplus;Pantalone da lavoro Deltaplus Panostrpa, taglia XXL, blu/arancio. Taglia oversize della serie Panostrpa con sargia tecnica PE/cotone/elastan: elasticità nei punti di flessione (ginocchio, bacino) e tenuta all’abrasione. Vestibilità ampia per operatori che lavorano in movimento o sopra indumenti intermedi. Indicato per cantiere e industria. I contrasti arancio non equivalgono a certificazione EN ISO 20471 senza marcatura CE specifica.;48.80;https://www.asforniture.it/prodotti/pantalone-da-lavoro-panostrpa-sargia-poliestere-cotone-elastan-taglia-xxl-blu-ar--86187;https://odmultimedia.eu/immagini/LD/86187.jpg;Deltaplus;Sicurezza > Pantaloni;0.00;1;22
86189;Pantalone da lavoro Panostrpa - sargia/poliestere/cotone/elastan - taglia L - grigio/nero - Deltaplus;"Pantalone da lavoro Deltaplus Panostrpa, taglia L, grigio/nero. Stessa costruzione tecnica del modello blu/arancio: sargia PE/cotone con elastan per comfort e resistenza meccanica. Profilo professionale discreto per magazzino, manutenzione e produzione. Vestibilità regolata e tasche utili per utensili leggeri. Controllare vestibilità in vita e cavallo; non utilizzare come DPI di alta visibilità (EN ISO 20471) se non presente marcatura specifica sul lotto.";48.80;https://www.asforniture.it/prodotti/pantalone-da-lavoro-panostrpa-sargia-poliestere-cotone-elastan-taglia-l-grigio-n--86189;https://odmultimedia.eu/immagini/LD/86189.jpg;Deltaplus;Sicurezza > Pantaloni;0.00;1;22
86191;Pantalone da lavoro Panostrpa - sargia/poliestere/cotone/elastan - taglia XXL - grigio/nero - Deltaplus;"Pantalone da lavoro Deltaplus Panostrpa, taglia XXL, grigio/nero. Variante XXL grigio/nero della famiglia Panostrpa: tessuto sargia mista con elastan per resistenza e libertà di movimento. Profilo scuro adatto a ambienti dove l’alta visibilità non è richiesta. Comfort per uso prolungato; tasche e rinforzi tipici della linea. Lavare a rovescio per preservare i colori; ispezionare cuciture e zip periodicamente.";48.80;https://www.asforniture.it/prodotti/pantalone-da-lavoro-panostrpa-sargia-poliestere-cotone-elastan-taglia-xxl-grigio--86191;https://odmultimedia.eu/immagini/LD/86191.jpg;Deltaplus;Sicurezza > Pantaloni;0.00;1;22
86246;Detergente disinfettante Bakterio - 1 L - pino balsamico - Sanitec;"Detergente disinfettante Sanitec Bakterio, flacone 1 L, fragranza pino balsamico. Prodotto professionale per la detergazione e disinfezione di superfici lavabili in ambienti civili e sanitari leggeri. Diluire secondo etichetta per pavimenti e superfici; tempo di contatto essenziale per l’efficacia disinfettante. Idoneo a piani di sanificazione periodica. Non abbinare a prodotti a base di cloro o acidi forti.";6.34;https://www.asforniture.it/prodotti/detergente-disinfettante-bakterio-1-l-pino-balsamico-sanitec--86246;https://odmultimedia.eu/immagini/MD/86246.jpg;Sanitec;Prodotti per igiene > Detergenti;0.00;1;22
86491;Giacca Softshell Moonlight 2 alta visibilità - poliestere - taglia L - giallo fluo - Deltaplus;"Giacca Softshell alta visibilità Deltaplus Moonlight 2 in poliestere, taglia L, giallo fluo. Softshell professionale antivento e idrorepellente con traspirabilità per lavoro outdoor; segnale fluo e inserti catarifrangenti conformi ai requisiti EN ISO 20471 (verificare classe e marcatura). Vestibilità L con zip e tasche da lavoro. Ideale per viabilità, logistica e cantieri. Conservare lontano da solventi aggressivi; riapplicare trattamenti idrorepellenti se consigliati dal produttore dopo lavaggi ripetuti.";109.80;https://www.asforniture.it/prodotti/giacca-softshell-moonlight-2-alta-visibilita-poliestere-taglia-l-giallo-fluo-del--86491;https://odmultimedia.eu/immagini/LD/86491.jpg;Deltaplus;Sicurezza > Giacche;0.00;1;22
86494;Giacca Softshell Moonlight 2 alta visibilità - poliestere - taglia M - arancio fluo - Deltaplus;"Giacca Softshell alta visibilità Deltaplus Moonlight 2 in poliestere, taglia M, arancio fluo. Variante arancio della serie Moonlight 2: protezione Softshell (vento, pioggia leggera, traspirazione) e DPI di segnalazione secondo EN ISO 20471 (controllare classe CE). Taglia M più aderente per operatori snelli o uso sopra maglia tecnica. Adatta a ambienti a traffico e scarsa luminosità. Ispezionare bande e cuciture periodicamente; sostituire il capo se compromesso.";109.80;https://www.asforniture.it/prodotti/giacca-softshell-moonlight-2-alta-visibilita-poliestere-taglia-m-arancio-fluo-de--86494;https://odmultimedia.eu/immagini/LD/86494.jpg;Deltaplus;Sicurezza > Giacche;0.00;1;22
87026;"Adesivo da terra - ""punto"" - diametro 10 cm - Durable - conf. 10 pezzi";"Adesivo da terra Durable a forma di punto, diametro 10 cm, conf. 10 pezzi. Marker circolare per punti di sosta, postazioni o indicatori di distanza. Resistente al calpestio quotidiano; facile applicazione e rimozione. Ideale per uffici, retail e logistica leggera. Integrabile in piani di segnaletica da pavimento e distanziamento.";18.30;https://www.asforniture.it/prodotti/adesivo-da-terra-punto-diametro-10-cm-durable-conf-10-pezzi--87026;https://odmultimedia.eu/immagini/MD/87026.jpg;Durable;Sicurezza > Nastri;0.00;1;22
87027;"Adesivo da terra - ""freccia"" - 10 x 20 cm - Durable - conf. 10 pezzi";"Adesivo da terra Durable a forma di freccia, 10 × 20 cm, conf. 10 pezzi. Indica senso di marcia, percorsi obbligati e flussi di persone/merci. Resistenza al calpestio e grip antiscivolo tipico R9/R10 (verificare etichetta). Facile da applicare e sostituire; adatto a pavimenti industriali e commerciali. Utile in logistica, punti vendita e aree di produzione per ordinare i flussi e ridurre rischi di interferenza.";30.50;https://www.asforniture.it/prodotti/adesivo-da-terra-freccia-10-x-20-cm-durable-conf-10-pezzi--87027;https://odmultimedia.eu/immagini/MD/87027.jpg;Durable;Sicurezza > Nastri;0.00;1;22
87183;Guanti Wet&Dry VV636BL - poliammide/palmo nitrile - 10 - blu/nero - Deltaplus;"Guanti Deltaplus Wet&Dry VV636BL in poliammide con palmo nitrile, taglia 10, blu/nero. Progettati per ambienti misti asciutto/umido: il rivestimento nitrile migliora l’aderenza su superfici bagnate o leggermente oleose. EN 420 e prestazioni meccaniche EN 388 (verificare marcatura). Adatti a industria alimentare non alimentare-contact specifico, manutenzione e magazzino refrigerato. Vendita a multipli di 12. Verificare eventuali claim food contact sul lotto; non sostituiscono guanti chimici EN 374 per solventi aggressivi.";8.54;https://www.asforniture.it/prodotti/guanti-wet-dry-vv636bl-poliammide-palmo-nitrile-10-blu-nero-deltaplus--87183;https://odmultimedia.eu/immagini/LD/87183.jpg;Deltaplus;Sicurezza > Guanti;0.00;1;22
88304;Conta/verifica banconote HT 7.0 - bianco - Holenbecky;"Conta/verifica banconote HolenBecky HT 7.0, colore bianco. Stesse funzionalità del modello nero: conteggio e controlli anti-falso (UV/MG/IR ove presenti) in un formato da bancone. Ideale per ambienti dove il colore chiaro si integra meglio con l’arredo del punto vendita. Uso quotidiano in retail e uffici amministrativi. Seguire le istruzioni di alimentazione e spegnimento; aggiornare firmware se previsto dal produttore.";170.80;https://www.asforniture.it/prodotti/conta-verifica-banconote-ht-7-0-bianco-holenbecky--88304;https://odmultimedia.eu/immagini/MD/88304.jpg;HolenBecky;Macchine per Ufficio > Verifica banconote;0.00;1;22
88305;Conta/verifica banconote HT 7.0 - nero - Holenbecky;"Conta/verifica banconote HolenBecky HT 7.0, colore nero. Modello compatto per conteggio quotidiano in negozio, farmacia o back-office: verifica di sicurezza tipica UV/MG/IR (controllare marcatura sul lotto) e conteggio affidabile per lotti di banconote. Facile da posizionare sul bancone grazie all’ingombro ridotto. Indicato per attività retail e B2B con flussi di cassa medi. Pulire i rulli e i sensori periodicamente; non forzare banconote piegate o danneggiate.";170.80;https://www.asforniture.it/prodotti/conta-verifica-banconote-ht-7-0-nero-holenbecky--88305;https://odmultimedia.eu/immagini/MD/88305.jpg;HolenBecky;Macchine per Ufficio > Verifica banconote;0.00;1;22
88914;Occhiali detectabili Helium2 - policarbonato - monoblocco - trasparente/blu - Deltaplus;"Occhiali detectabili Deltaplus Helium2 in policarbonato monoblocco, trasparente/blu. Progettati per industrie alimentari e farmaceutiche: parti metal-detectable / X-ray detectable per ridurre il rischio di contaminazione da frammenti. EN 166, classe ottica 1 tipica; UV EN 170. Design monoblocco igienico, facile da sanificare. Ideali in HACCP e zone clean. Verificare protocollo di rilevabilità del sito; non utilizzare in saldatura.";14.64;https://www.asforniture.it/prodotti/occhiali-detectabili-helium2-policarbonato-monoblocco-trasparente-blu-deltaplus--88914;https://odmultimedia.eu/immagini/LD/88914.jpg;Deltaplus;Sicurezza > Occhiali;0.00;1;22
88940;Elmetto forestale Forestier 3 - arancio - Deltaplus;"Elmetto forestale Deltaplus Forestier 3, colore arancio ad alta visibilità. DPI per il capo destinato ad attività boschive e forestali: calotta robusta, protezione da urti e penetrazione secondo requisiti tipici della norma EN 397 (verificare marcatura CE e certificato sul lotto). Bardatura interna regolabile per un adattamento sicuro alla circonferenza cranica; punti di ancoraggio multipli per stabilità. Non utilizzare in presenza di rischi elettrici oltre i limiti dichiarati dal produttore; ispezionare dopo ogni urto e sostituire se danneggiato.";73.20;https://www.asforniture.it/prodotti/elmetto-forestale-forestier-3-arancio-deltaplus--88940;https://odmultimedia.eu/immagini/MD/88940.jpg;Deltaplus;Sicurezza > Elmetti;0.00;1;22
88941;Guanti per protezione meccanica VE715GR - maglia/nitrile - 08 - grigio - Deltaplus;Guanti per protezione meccanica Deltaplus VE715GR in maglia con rivestimento nitrile, taglia 08, grigio. DPI per rischi meccanici quotidiani: abrasione, grip e resistenza allo strappo in officina e logistica. EN 420 e EN 388 (verificare i quattro/sei livelli del pittogramma, inclusa eventuale resistenza al taglio ISO). Buona traspirabilità del dorso in maglia. Non destinati a rischi chimici liquidi (EN 374) né a saldatura (EN 407). Sostituire quando il rivestimento è liscio o forato.;3.66;https://www.asforniture.it/prodotti/guanti-per-protezione-meccanica-ve715gr-maglia-nitrile-08-grigio-deltaplus--88941;https://odmultimedia.eu/immagini/LD/88941.jpg;Deltaplus;Sicurezza > Guanti;0.00;1;22
88944;Guanti antistatica Themis VV792 ESD - 08 - ruggine/grigio - Deltaplus;"Guanti antistatici Deltaplus Themis VV792 ESD, taglia 08, ruggine/grigio. Serie ESD per linee di produzione elettronica e clean area: struttura in maglia con proprietà dissipative per controllare le scariche elettrostatiche. Requisiti generali EN 420; prestazioni meccaniche EN 388 ove marcate; verificare conformità ESD sul certificato del produttore. Rivestimento sul palmo per grip e precisione. Ideali per montaggio PCB e componenti sensibili. Non sostituiscono guanti chimici EN 374 né antitaglio ad alto livello.";6.10;https://www.asforniture.it/prodotti/guanti-antistatica-themis-vv792-esd-08-ruggine-grigio-deltaplus--88944;https://odmultimedia.eu/immagini/LD/88944.jpg;Deltaplus;Sicurezza > Guanti;0.00;1;22
88948;Guanti antitaglio Venicut F01 - Xtrem Cut/nitrile - 09 - grigio - Deltaplus;"Guanti antitaglio Deltaplus Venicut F01 (tecnologia Xtrem Cut) con rivestimento nitrile, taglia 09, grigio. Alta protezione dal taglio per manipolazione di lamiere, vetro e utensili affilati, mantenendo destrezza grazie al supporto tecnico e al palmo nitrile. Conformità EN 420 e EN 388 con livello di taglio elevato (verificare codice ISO 13997 / lettera sul pittogramma sul prodotto). Ideali in metalmeccanica e logistica di materiali taglienti. Non proteggono da rischi elettrici o chimici aggressivi; ispezionare dopo ogni taglio sospetto.";18.30;https://www.asforniture.it/prodotti/guanti-antitaglio-venicut-f01-xtrem-cut-nitrile-09-grigio-deltaplus--88948;https://odmultimedia.eu/immagini/LD/88948.jpg;Deltaplus;Sicurezza > Guanti;0.00;1;22
890ae6d6-fc11-49db-b9dd-71f7b29a26e7;Fermagli zincati - n. 4 - 3,2 cm - Leone - conf. 100 pezzi;Fermagli metallici zincati Leone n. 4. Lunghezza 32mm. Confezione da 100 pezzi.;0.73;https://www.asforniture.it/prodotti/fermagli-zincati-n-4-3-2-cm-leone-conf-100-pezzi--890ae6d6-fc11-49db-b9dd-71f7b29a26e7;https://odmultimedia.eu/immagini/MD/44687.jpg;Leone;Cancelleria > Accessori Scrivania;0.00;1;22
89410;Panni microfibra Ultrega - 40 x 40 cm - azzurro - PerfettoFactory - conf. 10 pezzi;"Panni in microfibra PerfettoFactory Ultrega, formato 40×40 cm, colore azzurro, confezione da 10 pezzi. Ideali per spolvero e detergazione di superfici dure (scrivanie, vetri, arredi) con ridotto uso di chimici grazie all’effetto meccanico della microfibra. Lavabili secondo indicazioni del produttore; non utilizzare ammorbidenti che riducono le prestazioni. Codice colore utile per separare zone (es. ufficio vs bagno) nei piani H.A.C.C.P. / igiene.";24.40;https://www.asforniture.it/prodotti/panni-microfibra-ultrega-40-x-40-cm-azzurro-perfettofactory-conf-10-pezzi--89410;https://odmultimedia.eu/immagini/MD/89410.jpg;PerfettoFactory;Prodotti per igiene > Attrezzature e Panni;0.00;1;22
89919;Pantalone da lavoro Panostyle M6PAN - taglia XL - PE/cotone - bianco/grigio - Deltaplus;"Pantalone da lavoro Deltaplus Panostyle M6PAN, taglia XL, bianco/grigio. Tessuto poliestere/cotone per un buon equilibrio tra resistenza, stabilità dimensionale e comfort. Design Panostyle orientato a un look professionale pulito, adatto anche a ambienti dove serve un capo chiaro (pulizie, food area non-critical, facility). Vestibilità XL con tasche funzionali. Non è un DPI di alta visibilità EN ISO 20471; per zone a traffico usare modelli fluo certificati.";48.80;https://www.asforniture.it/prodotti/pantalone-da-lavoro-panostyle-m6pan-taglia-xl-pe-cotone-bianco-grigio-deltaplus--89919;https://odmultimedia.eu/immagini/LD/89919.jpg;Deltaplus;Sicurezza > Pantaloni;0.00;1;22
89929;Giacca Softshell Horten - tessuto Softshell/poliestere/elastan - con cappuccio - taglia M - nero/giallo - Deltaplus;"Giacca Softshell Deltaplus Horten con cappuccio, taglia M, nero/giallo. Softshell PE/elastan antivento e idrorepellente, cappuccio regolabile per protezione da vento e spruzzi. Traspirabilità tipica Softshell per ridurre la condensazione durante il movimento. Contrasto giallo estetico, non equivalente a marcatura EN ISO 20471. Adatta a logistica, manutenzione e spostamenti outdoor. Chiudere zip e mantelli dopo il lavaggio; riattivare l’idrorepellenza con calore delicato se indicato dal produttore.";73.20;https://www.asforniture.it/prodotti/giacca-softshell-horten-tessuto-softshell-poliestere-elastan-con-cappuccio-tagli--89929;https://odmultimedia.eu/immagini/LD/89929.jpg;Deltaplus;Sicurezza > Giacche;0.00;1;22
89950;Giacca alta visibilità Softshell Miky - taglia L - giallo fluo - U-Power;"Giacca alta visibilità Softshell U-Power Miky, taglia L, giallo fluo. Softshell antivento e idrorepellente combinata a segnale fluo e bande catarifrangenti secondo requisiti tipici EN ISO 20471 (verificare classe 1/2/3 e marcatura CE sul prodotto). Traspirabilità Softshell per attività dinamiche in cantiere e viabilità. Vestibilità L. Lavare rispettando le istruzioni per non degradare fluo e riflettanza; sostituire se le bande sono screpolate o il colore è sbiadito oltre i limiti di sicurezza.";122.00;https://www.asforniture.it/prodotti/giacca-alta-visibilita-softshell-miky-taglia-l-giallo-fluo-u-power--89950;https://odmultimedia.eu/immagini/LD/89950.jpg;U-Power;Sicurezza > Giacche;0.00;1;22
89955;Giacca alta visibilità Softshell Miky - taglia XL - arancio fluo - U-Power;"Giacca alta visibilità Softshell U-Power Miky, taglia XL, arancio fluo. Stessa piattaforma tecnica del modello giallo: Softshell antivento/idrorepellente/traspirante con certificazione tipica EN ISO 20471 (controllare classe sul lotto). Colore arancio fluo spesso richiesto su cantieri ferroviari e stradali. Vestibilità XL per strati intermedi. Manutenzione delicata delle bande catarifrangenti; non utilizzare come unico DPI se il rischio richiede indumenti ignifughi o antistatici dedicati.";122.00;https://www.asforniture.it/prodotti/giacca-alta-visibilita-softshell-miky-taglia-xl-arancio-fluo-u-power--89955;https://odmultimedia.eu/immagini/LD/89955.jpg;U-Power;Sicurezza > Giacche;0.00;1;22
89959;Pantalone invernale alta visibilità Beacon - giallo fluo - taglia XL - U-Power;"Pantalone invernale alta visibilità U-Power Beacon, taglia XL, giallo fluo. Abbigliamento antinfortunistico per la stagione fredda: isolamento termico e protezione dalla vista ridotta grazie a colore fluo e inserti catarifrangenti conformi ai requisiti EN ISO 20471 (controllare classe e marcatura sul prodotto). Ideale per cantieri outdoor, viabilità e magazzini refrigerati. Vestibilità XL per indossare strati intermedi. Verificare eventuali claim di impermeabilità/vento sul lotto; non esporre a fiamme libere se non certificato EN ISO 11612.";73.20;https://www.asforniture.it/prodotti/pantalone-invernale-alta-visibilita-beacon-giallo-fluo-taglia-xl-u-power--89959;https://odmultimedia.eu/immagini/LD/89959.jpg;U-Power;Sicurezza > Pantaloni;0.00;1;22
90207;Conta banconote HT 2150 - Holenburg Iternet;"Conta banconote HT 2150 Holenburg / Iternet. Soluzione intermedia per conteggio affidabile in ambienti retail e uffici contabili: velocità di conteggio elevata e controlli di sicurezza (UV/MG/IR ove dichiarati) per individuare banconote non conformi. Adatta a punti cassa con flussi regolari e a riconciliazioni di fine giornata. Facile da operare anche da personale non tecnico. Verificare valute supportate e modalità ADD/BATCH sul manuale; tenere pulita la pista di alimentazione.";268.40;https://www.asforniture.it/prodotti/conta-banconote-ht-2150-holenburg-iternet--90207;https://odmultimedia.eu/immagini/MD/90207.jpg;Iternet;Macchine per Ufficio > Verifica banconote;0.00;1;22
90445;"Adesivo da terra - ""attendere dietro alla linea"" - 45 x 8 cm - Studio T - conf. 5 pezzi";"Adesivo da terra Studio T “attendere dietro alla linea”, 45 × 8 cm, conf. 5 pezzi. Indica la linea di attesa in casse, sportelli e punti di servizio. Materiale resistente al calpestio quotidiano; applicazione semplice e rimozione netta. Adatto a retail, PA e reception. Contribuisce all’ordine dei flussi e alla sicurezza operativa delle code.";42.70;https://www.asforniture.it/prodotti/adesivo-da-terra-attendere-dietro-alla-linea-45-x-8-cm-studio-t-conf-5-pezzi--90445;https://odmultimedia.eu/immagini/MD/90445.jpg;Studio T;Sicurezza > Nastri;0.00;1;22
90446;"Adesivo da terra - ""mantenere la distancia di sicurezza"" - 90 x 10 cm - Studio T - conf. 5 pezzi";"Adesivo da terra Studio T “mantener la distancia di seguridad”, 90 × 10 cm, conf. 5 pezzi. Striscia testuale per distanziamento in ambienti bilingue o con clientela internazionale. Resistente al calpestio; facile applicazione e rimozione. Ideale per retail, hospitality e uffici. Integrabile con pittogrammi circolari e orme per una segnaletica da pavimento coerente.";42.70;https://www.asforniture.it/prodotti/adesivo-da-terra-mantenere-la-distancia-di-sicurezza-90-x-10-cm-studio-t-conf-5---90446;https://odmultimedia.eu/immagini/MD/90446.jpg;Studio T;Sicurezza > Nastri;0.00;1;22
91059;Guanti in nitrile non talcato - uso medicale - M/L - azzurro - Logex (scatola 100 pz);"Guanti in nitrile non talcato Logex per uso medicale/esame, taglie M/L, azzurro, confezione da 100 pezzi. Monouso, senza polvere (powder-free) per ridurre irritazioni e contaminazione da talco. Indicati per assistenza sanitaria, laboratori e igiene professionale: barriera contro agenti biologici secondo requisiti tipici EN 455 (dispositivi medici) e, ove dichiarato, EN ISO 374-5 per rischi microbici. Alternativa al lattice per ridotto rischio allergico alle proteine del lattice. Monouso: non risterilizzare; smaltire secondo protocollo rifiuti sanitari.";12.20;https://www.asforniture.it/prodotti/guanti-in-nitrile-non-talcato-uso-medicale-m-l-azzurro-logex-scatola-100-pz--91059;https://odmultimedia.eu/immagini/LD/91059.jpg;Logex;Sicurezza > Guanti;0.00;1;22
91733;Sgrassatore disinfettante Multi Activ - trigger 750 ml - pino - Sanitec;"Sgrassatore disinfettante Sanitec Multi Activ, trigger 750 ml, fragranza pino. Formulazione professionale multiuso per cucine, piani di lavoro, attrezzature e superfici lavabili: combina azione sgrassante e disinfettante. Pronto all’uso; spruzzare, lasciare il tempo di contatto indicato, risciacquare se richiesto. Adatto ad ambienti con requisiti H.A.C.C.P. Non utilizzare su alluminio anodizzato o superfici non compatibili con alcali senza prova preliminare.";7.32;https://www.asforniture.it/prodotti/sgrassatore-disinfettante-multi-activ-trigger-750-ml-pino-sanitec--91733;https://odmultimedia.eu/immagini/MD/91733.jpg;Sanitec;Prodotti per igiene > Detergenti;0.00;1;22
91763;Detergente alcalino universale Matic Floor - 5 L - Sanitec;Detergente alcalino universale Sanitec Matic Floor, tanica 5 L per uso professionale e macchine lavapavimenti. Elevato potere sgrassante su pavimenti industriali, ceramica, gres e superfici lavabili soggette a traffico intenso. Ideale in piani di sanificazione H.A.C.C.P. di cucine, laboratori e aree produttive. Dosare in acqua secondo scheda tecnica (concentrazioni tipiche basse per manutenzione, più elevate per sporco pesante). Non mischiare con acidi o candeggina.;43.92;https://www.asforniture.it/prodotti/detergente-alcalino-universale-matic-floor-5-l-sanitec--91763;https://odmultimedia.eu/immagini/MD/91763.jpg;Sanitec;Prodotti per igiene > Detergenti;0.00;1;22
91807;Rotolo MicronSolo - bianco - 180 panni - 25 x 32 cm - Vileda;Rotolo panni Vileda MicronSolo bianco, 180 panni, 25??32 cm.;54.90;https://www.asforniture.it/prodotti/rotolo-micronsolo-bianco-180-panni-25-x-32-cm-vileda--91807;https://odmultimedia.eu/immagini/LD/91807.jpg;Vileda;Prodotti per igiene > Attrezzature e Panni;0.00;1;22
91814;Spugne accoppiate - rosso - Scotch-Brite - conf.10 pezzi;Spugne accoppiate Scotch-Brite rosso, conf. 10 pezzi.;26.84;https://www.asforniture.it/prodotti/spugne-accoppiate-rosso-scotch-brite-conf-10-pezzi--91814;https://odmultimedia.eu/immagini/MD/91814.jpg;Scotch-Brite;Prodotti per igiene > Attrezzature e Panni;0.00;1;22
92143;"Segnaletica adesiva - da terra - ""finestra"" - 40,1 x 31,4 cm - Djois - conf. 10 pezzi";"Segnaletica adesiva da terra Djois a forma di “finestra”, 40,1 × 31,4 cm, confezione da 10 pezzi. Definisce aree di stazionamento, punti di attenzione o box operativi sul pavimento. Materiale resistente al calpestio e al traffico di carrelli (prestazioni antiscivolo tipiche R9/R10 ove dichiarate). Applicazione rapida: pulire, posizionare, pressare i bordi; rimozione agevole in caso di riorganizzazione layout. Adatta a logistica, produzione e retail per segnaletica da pavimento conforme alle procedure aziendali di sicurezza.";146.40;https://www.asforniture.it/prodotti/segnaletica-adesiva-da-terra-finestra-40-1-x-31-4-cm-djois-conf-10-pezzi--92143;https://odmultimedia.eu/immagini/MD/92143.jpg;Djois;Sicurezza > Nastri;0.00;1;22
92147;Nastro adesivo DURALINESTRONG 50/05 1021 - permanente - 5 cm x 30 m - rosso - Durable;Nastro Durable DURALINESTRONG 50/05 1021 permanente, 5 cm × 30 m, colore rosso. Adesivo industriale ad alta tenuta per demarcazione pavimenti, aree di pericolo e percorsi in magazzini e produzione. Resistente al calpestio e ai detergenti comuni se correttamente applicato. Applicazione: pulire il supporto, stendere senza pieghe, pressare con rullo. Non destinato a superfici porose umide o polverose.;109.80;https://www.asforniture.it/prodotti/nastro-adesivo-duralinestrong-50-05-1021-permanente-5-cm-x-30-m-rosso-durable--92147;https://odmultimedia.eu/immagini/MD/92147.jpg;Durable;Sicurezza > Nastri;0.00;1;22
92150;Nastro adesivo DURALINESTRONG 50/05 1021 - permanente - 5 cm x 30 m - blu - Durable;"Nastro Durable DURALINESTRONG 50/05 1021 permanente, 5 cm × 30 m, blu. Demarcazione a pavimento per corsie, stoccaggi e zone operative secondo codifica colore aziendale. Adesione permanente e buona resistenza all’usura da calpestio. Applicare su cemento/resina liscia e pulita; evitare applicazione a basse temperature. Rimuovere residui con solventi idonei solo se necessario.";122.00;https://www.asforniture.it/prodotti/nastro-adesivo-duralinestrong-50-05-1021-permanente-5-cm-x-30-m-blu-durable--92150;https://odmultimedia.eu/immagini/MD/92150.jpg;Durable;Sicurezza > Nastri;0.00;1;22
92151;Nastro adesivo DURALINESTRONG 50/05 1043 - rimovibile - 5 cm x 15 m - giallo/nero - Durable;"Nastro Durable DURALINESTRONG 50/05 1043 rimovibile, 5 cm × 15 m, giallo/nero. Demarcazione temporanea o riorganizzabile di aree a rischio senza lasciare residui eccessivi se rimosso correttamente. Ideale per layout variabili in magazzino. Applicare su pavimenti lisci e puliti; rimuovere tirando con angolo costante. Non adatto a traffico di carrelli molto aggressivo per periodi prolungati senza controllo.";73.20;https://www.asforniture.it/prodotti/nastro-adesivo-duralinestrong-50-05-1043-rimovibile-5-cm-x-15-m-giallo-nero-dura--92151;https://odmultimedia.eu/immagini/MD/92151.jpg;Durable;Sicurezza > Nastri;0.00;1;22
92152;Striscia segnaletica - da terra - 61 x 15 cm - giallo/nero - Djois;Striscia segnaletica adesiva da terra Djois, 61 × 15 cm, giallo/nero. Demarcazione ad alta visibilità per zone di pericolo, percorsi e aree di carico in magazzini e produzione. Superficie antiscivolo tipicamente in classe R9/R10 (verificare scheda lotto) e resistenza elevata al calpestio e al passaggio di carrelli elevatori se correttamente applicata. Facile da applicare su pavimenti lisci e asciutti e rimovibile a fine lavori senza lasciare residui eccessivi. Ideale per segnaletica aziendale permanente o semi-permanente conforme alle buone pratiche di prevenzione.;42.70;https://www.asforniture.it/prodotti/striscia-segnaletica-da-terra-61-x-15-cm-giallo-nero-djois--92152;https://odmultimedia.eu/immagini/MD/92152.jpg;Djois;Sicurezza > Nastri;0.00;1;22
92216;Conta/verifica banconote multivalute HT 8913 - HolenBecky;Conta/verifica banconote HolenBecky HT 8913 multivalute. Dispositivo professionale per conteggio rapido e controlli anti-falsificazione (UV, MG, IR e/o TH secondo configurazione del lotto) su banconote di più valute. Ideale per retail, GDO, uffici contabili e punti cassa B2B ad alto volume: display chiaro, caricamento semplificato e allarmi in caso di sospetta contraffazione. Verificare sul prodotto l’elenco valute aggiornato e le modalità di calibrazione. Manutenzione: tenere i sensori puliti e usare solo banconote in buono stato per ridurre inceppamenti.;317.20;https://www.asforniture.it/prodotti/conta-verifica-banconote-multivalute-ht-8913-holenbecky--92216;https://odmultimedia.eu/immagini/MD/92216.jpg;HolenBecky;Macchine per Ufficio > Verifica banconote;0.00;1;22
92222;Sovraocchiali Hekla 2 - in policarbonato - Deltaplus;"Sovraocchiali Deltaplus Hekla 2 in policarbonato. Da indossare sopra gli occhiali da vista per protezione ospite/operatore senza rimuovere la correzione ottica. EN 166; classe ottica tipicamente 1; UV EN 170. Ampia calotta per alloggiare montature standard. Ideali per visitatori di reparto, manutenzione e laboratori. Verificare che non ci sia gioco eccessivo; non usare come unico DPI in saldatura.";6.10;https://www.asforniture.it/prodotti/sovraocchiali-hekla-2-in-policarbonato-deltaplus--92222;https://odmultimedia.eu/immagini/LD/92222.jpg;Deltaplus;Sicurezza > Occhiali;0.00;1;22
92223;Occhiali Brava2 - policarbonato - lente antiappannamento - Deltaplus;"Occhiali Deltaplus Brava2 in policarbonato con trattamento antiappannamento. Pensati per ambienti umidi o con sbalzi termici (celle, cucine professionali, esterni freschi). EN 166, classe ottica 1 tipica; UV EN 170; trattamento N (anti-fog) e spesso K (antigraffio) se presenti sulla marcatura. Buona copertura e comfort per uso prolungato. Non strofinare a secco la lente trattata; seguire istruzioni di manutenzione Deltaplus.";6.10;https://www.asforniture.it/prodotti/occhiali-brava2-policarbonato-lente-antiappannamento-deltaplus--92223;https://odmultimedia.eu/immagini/LD/92223.jpg;Deltaplus;Sicurezza > Occhiali;0.00;1;22
92224;Guanti antistatico VE702PESD - poliestere/carbonio - 08 - bianco - Deltaplus;"Guanti antistatici Deltaplus VE702PESD in poliestere con filato al carbonio, taglia 08, bianco. Progettati per ambienti ESD (electrostatic discharge) in elettronica e assemblaggio di componenti sensibili: dissipano le cariche elettrostatiche riducendo il rischio di danneggiamento. Conformi ai requisiti generali EN 420; verificare sul lotto eventuali riferimenti a norme ESD / EN 16350 ove applicabili. Palmo tipicamente in PU per grip e destrezza. Lavare secondo istruzioni del produttore; non utilizzare come protezione chimica o antitaglio.";4.88;https://www.asforniture.it/prodotti/guanti-antistatico-ve702pesd-poliestere-carbonio-08-bianco-deltaplus--92224;https://odmultimedia.eu/immagini/LD/92224.jpg;Deltaplus;Sicurezza > Guanti;0.00;1;22
92283;"Pittogramma adesivo - da terra - ""Mantenere la distanza di sicurezza"" - diametro 43 cm - Durable";"Pittogramma adesivo da terra Durable “Mantenere la distanza di sicurezza”, diametro 43 cm. Messaggio chiaro per distanziamento in code, reception e aree di attesa. Superficie resistente al calpestio intenso; antiscivolo tipico R9/R10 ove marcato. Applicazione e rimozione rapide su pavimenti lisci. Utile per retail, uffici e ambienti pubblici a supporto delle procedure di sicurezza e di organizzazione dei flussi.";18.30;https://www.asforniture.it/prodotti/pittogramma-adesivo-da-terra-mantenere-la-distanza-di-sicurezza-diametro-43-cm-d--92283;https://odmultimedia.eu/immagini/MD/92283.jpg;Durable;Sicurezza > Nastri;0.00;1;22
92e2eff9-55d9-4283-94e4-ec7810bbcf47;Cartellina 3 lembi - 25x34 cm - assortiti - Starline - conf. 25 pz;Cartellina a 3 lembi in cartoncino pesante con elastico. Colori assortiti. Conf. 25pz;11.59;https://www.asforniture.it/prodotti/cartellina-3-lembi-25x34-cm-assortiti-starline-conf-25-pz--92e2eff9-55d9-4283-94e4-ec7810bbcf47;https://odmultimedia.eu/immagini/HD/STL6111.jpg;Starline;Archivio > Cartelline in carta;0.00;1;22
93233;Occhiali di sicurezza Solus 2000 - lenti trasparenti antigraffio - blu - 3M;"Occhiali di sicurezza 3M Solus 2000, montatura blu, lenti trasparenti antigraffio. Fascia premium: comfort ergonomico, ampia visione e trattamento K (scratch resistant) tipico Solus; spesso anche N (anti-fog) — verificare marcatura. EN 166 classe ottica 1; UV EN 170. Ideali per produzione, laboratori e uso quotidiano prolungato. Compatibili con altri DPI della linea 3M ove indicato. Pulire con prodotti consigliati 3M per preservare i coating.";34.16;https://www.asforniture.it/prodotti/occhiali-di-sicurezza-solus-2000-lenti-trasparenti-antigraffio-blu-3m--93233;https://odmultimedia.eu/immagini/LD/93233.jpg;3M;Sicurezza > Occhiali;0.00;1;22
93248;Sgrassatore disinfettante Up Side Down - 600 ml - Chanteclair;Sgrassatore disinfettante Chanteclair Up Side Down in flacone spray ergonomico da 600 ml, utilizzabile anche a testa in giù per raggiungere punti difficili. Agisce su grassi di cucina, residui alimentari e sporco tenace su piani di lavoro, piastre, forni e superfici lavabili. Ideale in cucine professionali e ambienti H.A.C.C.P. Spruzzare, lasciare agire secondo etichetta, risciacquare se richiesto dalle istruzioni del produttore. Non utilizzare su superfici delicate non compatibili con sgrassatori alcalini.;6.34;https://www.asforniture.it/prodotti/sgrassatore-disinfettante-up-side-down-600-ml-chanteclair--93248;https://odmultimedia.eu/immagini/MD/93248.jpg;Chanteclair;Prodotti per igiene > Detergenti;0.00;1;22
939ac118-3a5a-4d87-995f-b8c39f217d46;Buste a sacco Soft - 18 x 24 cm - conf. 25 pz;Buste a sacco in PPL morbido, formato 18x24 cm.;4.88;https://www.asforniture.it/prodotti/buste-a-sacco-soft-18-x-24-cm-conf-25-pz--939ac118-3a5a-4d87-995f-b8c39f217d46;https://odmultimedia.eu/immagini/HD/25955.jpg;Sei Rota;Archivio > Buste Trasparenti;0.00;1;22
95310;Carrello per pulizie Star 2 - cromato - 48 L - 82 x 71 x 105 cm - Taxon;Carrello pulizie Taxon Star 2 cromato, 48 L, 82??71??105 cm.;390.40;https://www.asforniture.it/prodotti/carrello-per-pulizie-star-2-cromato-48-l-82-x-71-x-105-cm-taxon--95310;https://odmultimedia.eu/immagini/MD/95310.jpg;Taxon;Prodotti per igiene > Attrezzature e Panni;0.00;1;22
95336;Carrello per pulizie Grouse26 - 25 L - 41 x 58 x 93 cm - blu/rosso - Taxon;"Carrello pulizie Taxon Grouse26, capacità 25 L, dimensioni 41×58×93 cm, colorazione blu/rosso per separazione zone o utensili. Compatto e maneggevole per corridoi e spazi ristretti; adatto a servizi di pulizia quotidiana in uffici e negozi. Controllare periodicamente ruote e ganci; non superare il carico massimo. Facilita l’organizzazione di secchi, mop e prodotti detergenti.";195.20;https://www.asforniture.it/prodotti/carrello-per-pulizie-grouse26-25-l-41-x-58-x-93-cm-blu-rosso-taxon--95336;https://odmultimedia.eu/immagini/MD/95336.jpg;Taxon;Prodotti per igiene > Attrezzature e Panni;0.00;1;22
95921;Disinfettante detergente alcolico - 400 ml - Tekna;"Disinfettante detergente alcolico Tekna, flacone 400 ml. Soluzione a base alcolica per la disinfezione rapida di superfici e dispositivi non invasivi, con azione detergente concomitante. Ideale per piani di lavoro, maniglie, strumentazione e punti di contatto frequenti. Applicare con panno o spruzzo (se previsto), lasciare evaporare il tempo di contatto indicato. Infiammabile: tenere lontano da fiamme e scintille; usare in ambienti aerati.";10.37;https://www.asforniture.it/prodotti/disinfettante-detergente-alcolico-400-ml-tekna--95921;https://odmultimedia.eu/immagini/MD/95921.jpg;Tekna;Prodotti per igiene > Detergenti;0.00;1;22
95ee45bc-89b0-4177-b152-40361ddbbcdb;Pennarello Stabilo OHPen 843 - punta media 1.0 mm - rosso;Pennarello universale permanente per quasi tutte le superfici lisce;1.83;https://www.asforniture.it/prodotti/pennarello-stabilo-ohpen-843-punta-media-1-0-mm-rosso--95ee45bc-89b0-4177-b152-40361ddbbcdb;https://odmultimedia.eu/immagini/MD/27721.jpg;Stabilo;Cancelleria;0.00;1;22
960f8236-1b3b-42a8-a715-3bcc9ef4c56d;Roller Hi Tecpoint V7 - punta 0,7 mm - nero - Pilot;Roller a inchiostro liquido con punta ad ago 0,7mm. Tratto fluido e visibile. Colore: Nero.;3.05;https://www.asforniture.it/prodotti/roller-hi-tecpoint-v7-punta-0-7-mm-nero-pilot--960f8236-1b3b-42a8-a715-3bcc9ef4c56d;https://odmultimedia.eu/immagini/MD/29239.jpg;Pilot;Cancelleria > Scrittura;0.00;1;22
9632a013-cac0-448b-9805-2e9266eed21e;Penna a sfera Bic Cristal - blu - conf. 50 pezzi;Penna a sfera classica con punta media 1,0 mm. Confezione risparmio da 50 pezzi.;15.25;https://www.asforniture.it/prodotti/penna-a-sfera-bic-cristal-blu-conf-50-pezzi--9632a013-cac0-448b-9805-2e9266eed21e;https://odmultimedia.eu/immagini/MD/33049.jpg;Bic;Cancelleria;0.00;1;22
96806;Detergente pavimenti Sirpav HC - a schiuma - 5 L - pino - Sanitec;Detergente pavimenti Sanitec Sirpav HC a schiuma controllata, fragranza pino, tanica 5 L. Ideale per lavaggio manuale o meccanizzato di grandi superfici: genera schiuma facile da gestire e un buon potere detergente su sporco urbano e calpestio. Dosare in acqua secondo scheda tecnica. Adatto a ceramica, gres e pavimenti lavabili di centri commerciali, scuole e aziende. Non miscelare con altri detergenti ad azione contrastante.;43.92;https://www.asforniture.it/prodotti/detergente-pavimenti-sirpav-hc-a-schiuma-5-l-pino-sanitec--96806;https://odmultimedia.eu/immagini/MD/96806.jpg;Sanitec;Prodotti per igiene > Detergenti;0.00;1;22
96808;Detergente alcalino Matic Extra - per sporco pesante - 5 L - Sanitec;"Detergente alcalino Sanitec Matic Extra per sporco pesante, tanica 5 L. Formulazione ad elevata alcalinità destinata a pavimenti e superfici molto sporche (officine, cucine industriali, aree logistiche). Utilizzabile a mano o con macchine lavapavimenti. Dosare con attenzione secondo scheda di sicurezza e tecnica; risciacquare se necessario. Non impiegare su superfici delicate, legno o alluminio sensibili. DPI consigliati: guanti e occhiali in caso di manipolazione concentrata.";61.00;https://www.asforniture.it/prodotti/detergente-alcalino-matic-extra-per-sporco-pesante-5-l-sanitec--96808;https://odmultimedia.eu/immagini/MD/96808.jpg;Sanitec;Prodotti per igiene > Detergenti;0.00;1;22
97069;Guanti mechanical Safety Palmpro 161 - XL - arancione - Icoguanti;"Guanti da lavoro Icoguanti Mechanical Safety Palmpro 161, taglia XL, colore arancione. DPI per le mani destinato a manipolazioni generali e attività meccaniche leggere/medie: palmo rinforzato per grip e resistenza all’abrasione. Conforme ai requisiti generali EN 420 (taglia, comfort, innocuità) e, ove marcato sul lotto, alla EN 388 per rischi meccanici (abrasione, taglio, strappo, perforazione — verificare i livelli sul pittogramma). Ideali per magazzino, assemblaggio e manutenzione. Controllare l’integrità prima dell’uso; sostituire se usurati o contaminati.";4.88;https://www.asforniture.it/prodotti/guanti-mechanical-safety-palmpro-161-xl-arancione-icoguanti--97069;https://odmultimedia.eu/immagini/LD/97069.jpg;Icoguanti;Sicurezza > Guanti;0.00;1;22
97083;Guanti mechanical Safety Palmpro 212 - M - grigio/nero - Icoguanti;"Guanti da lavoro Icoguanti Mechanical Safety Palmpro 212, taglia M, grigio/nero. Modello meccanico con rivestimento sul palmo per aderenza e protezione dall’abrasione in operazioni di movimentazione e montaggio. Rispetta i requisiti EN 420; prestazioni meccaniche secondo EN 388 se presenti sul prodotto (controllare marcatura CE e livelli). Buon equilibrio tra destrezza e resistenza per uso quotidiano in officina e logistica. Non utilizzare a contatto con sostanze chimiche aggressive se non certificato EN 374.";4.88;https://www.asforniture.it/prodotti/guanti-mechanical-safety-palmpro-212-m-grigio-nero-icoguanti--97083;https://odmultimedia.eu/immagini/LD/97083.jpg;Icoguanti;Sicurezza > Guanti;0.00;1;22
97181;Elmetto da cantiere ONYX2 - bianco - Deltaplus;"Elmetto da cantiere Deltaplus ONYX2, bianco. Modello di fascia alta con comfort e protezione avanzati per ambienti professionali intensivi. Progettato per conformità EN 397; verificare sul prodotto eventuali opzioni di isolamento elettrico o accessori omologati. Bardatura ergonomica con regolazione precisa (cremagliera) e ancoraggi multipli (tipicamente 6–8 punti) per trattenere l’elmetto in caso di caduta o inclinazione. Manutenzione: pulire con detergenti neutri, sostituire imbottiture usurate, non esporre a fiamme libere.";195.20;https://www.asforniture.it/prodotti/elmetto-da-cantiere-onyx2-bianco-deltaplus--97181;https://odmultimedia.eu/immagini/MD/97181.jpg;Deltaplus;Sicurezza > Elmetti;0.00;1;22
97182;Elmetto da cantiere Diamond VI Wind - blu - Deltaplus;"Elmetto da cantiere Deltaplus Diamond VI Wind, blu. Stesse caratteristiche tecniche del modello giallo della serie Wind: ventilazione, regolazione a cremagliera e bardatura multipunto per stabilità. Protezione del capo conforme ai requisiti EN 397 (verificare etichetta CE e dichiarazione di conformità). Ideale per distinguere ruoli/squadre tramite colore. Non utilizzare oltre i limiti di temperatura/elettricità dichiarati; conservare lontano da solventi aggressivi.";30.50;https://www.asforniture.it/prodotti/elmetto-da-cantiere-diamond-vi-wind-blu-deltaplus--97182;https://odmultimedia.eu/immagini/MD/97182.jpg;Deltaplus;Sicurezza > Elmetti;0.00;1;22
97183;Elmetto da cantiere Diamond VI Wind - giallo - Deltaplus;Elmetto da cantiere Deltaplus Diamond VI Wind, giallo. Versione ventilata della serie Diamond VI per lavori all’aperto e ambienti caldi, con protezione da urti secondo EN 397 ove certificato. Regolazione cranica a cremagliera e bardatura a più punti di ancoraggio per un fit sicuro. Indicato per edilizia, logistica e impianti. Controllare slot per accessori (cuffie/visiere) e usare solo ricambi originali. Dopo un impatto forte sostituire l’intero DPI.;30.50;https://www.asforniture.it/prodotti/elmetto-da-cantiere-diamond-vi-wind-giallo-deltaplus--97183;https://odmultimedia.eu/immagini/MD/97183.jpg;Deltaplus;Sicurezza > Elmetti;0.00;1;22
97983;Giacca Softshell donna Space Lady - taglia L - grigio/fucsia - U-Power;"Giacca Softshell donna U-Power Space Lady, taglia L, grigio/fucsia. Taglio femminile Softshell: antivento, idrorepellente e traspirante per libertà di movimento. Contrasto fucsia tipico U-Power Lady. Ideale per logistica, facility e outdoor temperato. Non certificata EN ISO 20471 (per alta visibilità scegliere Miky / Moonlight). Vestibilità L strutturata; lavare delicato e non stirare a temperatura elevata sulla membrana.";109.80;https://www.asforniture.it/prodotti/giacca-softshell-donna-space-lady-taglia-l-grigio-fucsia-u-power--97983;https://odmultimedia.eu/immagini/LD/97983.jpg;U-Power;Sicurezza > Giacche;0.00;1;22
97ea6c1a-bc79-4d89-bc78-13311d8d1e56;Busta a sacco Mailpack - 25 x 35,3 cm;Busta bianca 80gr con strip adesivo. Conf. 25 pezzi.;9.15;https://www.asforniture.it/prodotti/busta-a-sacco-mailpack-25-x-35-3-cm--97ea6c1a-bc79-4d89-bc78-13311d8d1e56;https://odmultimedia.eu/immagini/MD/46148.jpg;Blasetti;Cancelleria > Buste;0.00;1;22
98276;Nastro fotoluminescente adesivo - 4 cm x 10 m - giallo/frecce verdi;"Nastro adesivo fotoluminescente 4 cm × 10 m, giallo con frecce verdi per indicare vie di esodo e percorsi di sicurezza. La carica luminosa avviene con esposizione alla luce ambientale e restituisce segnalazione in caso di black-out. Applicare su superfici pulite, asciutte e sgrassate; pressare bene i bordi. Ideale per scale, corridoi e uscite di emergenza in conformità alle buone pratiche di segnaletica antinfortunistica. Verificare periodicamente la luminosità residua.";158.60;https://www.asforniture.it/prodotti/nastro-fotoluminescente-adesivo-4-cm-x-10-m-giallo-frecce-verdi--98276;https://odmultimedia.eu/immagini/MD/98276.jpg;Astro Forniture;Sicurezza > Nastri;0.00;1;22
98280;Striscia fotoluminescente antiscivolo - 5 x 80 cm - giallo/nero;"Striscia fotoluminescente antiscivolo 5 × 80 cm, giallo/nero. Combina grip abrasivo e segnalazione luminosa dopo carica alla luce, utile su scale di emergenza e percorsi di esodo. Applicare su superfici pulite; esporre alla luce per ricaricare il fotoluminescente. Verificare periodicamente aderenza e luminosità. Supporta la visibilità delle vie di fuga in condizioni di scarsa illuminazione.";122.00;https://www.asforniture.it/prodotti/striscia-fotoluminescente-antiscivolo-5-x-80-cm-giallo-nero--98280;https://odmultimedia.eu/immagini/MD/98280.jpg;Astro Forniture;Sicurezza > Nastri;0.00;1;22
98685;Detergente Professional bagno igienizzante H24 - in trigger - 700 ml - Chanteclair;Detergente professionale Chanteclair H24 per bagno, flacone trigger 700 ml. Azione igienizzante dedicata a sanitari, docce, piastrelle e superfici umide: contrasta calcare, sapone e odori. Pronto all’uso per interventi quotidiani in bagni di uffici, palestre e strutture collettive. Spruzzare, lasciare agire, passare con panno o risciacquare. Seguire le precauzioni d’uso e i pittogrammi di sicurezza riportati in etichetta.;15.86;https://www.asforniture.it/prodotti/detergente-professional-bagno-igienizzante-h24-in-trigger-700-ml-chanteclair--98685;https://odmultimedia.eu/immagini/MD/98685.jpg;Chanteclair;Prodotti per igiene > Detergenti;0.00;1;22
996c2389-3954-4d7d-b2a8-9faf1736c263;Roller Hi Tecpoint V5 - punta 0,5 mm - blu - Pilot;Roller a inchiostro liquido con punta ad ago 0,5mm. Tratto ultra preciso e costante. Colore: Blu.;3.05;https://www.asforniture.it/prodotti/roller-hi-tecpoint-v5-punta-0-5-mm-blu-pilot--996c2389-3954-4d7d-b2a8-9faf1736c263;https://odmultimedia.eu/immagini/MD/29234.jpg;Pilot;Cancelleria > Scrittura;0.00;1;22
99945;Smac Express pavimenti - freschezza intensa - 1 L - Smac;"Detergente per pavimenti Smac Express «freschezza intensa», flacone 1 L pronto all’uso o da diluire secondo etichetta. Rimuove lo sporco quotidiano da ceramica, gres, marmo trattato e superfici lavabili, lasciando una fragranza intensa e ambienti più freschi. Ideale per uffici, negozi e aree comuni. Applicare con mop o frangia ben strizzata; non richiedere risciacquo se previsto dal produttore. Evitare eccessi di prodotto per non lasciare aloni.";5.49;https://www.asforniture.it/prodotti/smac-express-pavimenti-freschezza-intensa-1-l-smac--99945;https://odmultimedia.eu/immagini/MD/99945.jpg;Smac;Prodotti per igiene > Detergenti;0.00;1;22
99954;Detersivo lavatrice Deox Colorati e Scuri - 1,5 L - Deox;Detersivo liquido per lavatrice Deox Colorati e Scuri, flacone 1,5 L. Formulato per preservare intensità e brillantezza dei tessuti scuri e colorati, contrastando lo sbiadimento tipico dei lavaggi frequenti. Dosare in base alla durezza dell’acqua e al carico, secondo tabella in etichetta. Adatto a cicli a 30–40 °C e lavaggi professionali leggeri di divise/teli. Non usare come pretrattamento aggressivo su fibre delicate senza prova.;12.20;https://www.asforniture.it/prodotti/detersivo-lavatrice-deox-colorati-e-scuri-1-5-l-deox--99954;https://odmultimedia.eu/immagini/MD/99954.jpg;Deox;Prodotti per igiene > Detergenti;0.00;1;22
9b97bf60-9299-42a4-b5e8-f7d19ed6b832;Cucitrice a pinza Allegra Fluo - passo 6 - azzurro - Iternet;Cucitrice Allegra con colori fluorescenti. Passo 6. Colore: Azzurro Fluo.;12.08;https://www.asforniture.it/prodotti/cucitrice-a-pinza-allegra-fluo-passo-6-azzurro-iternet--9b97bf60-9299-42a4-b5e8-f7d19ed6b832;https://odmultimedia.eu/immagini/MD/101192.jpg;Iternet;Cancelleria > Accessori Scrivania;0.00;1;22
9cfb993b-52b0-41de-8722-bb074f20460d;Correttore liquido a penna Uhu - 8ml;Correttore a penna con punta di precisione per correzioni puntuali.;2.56;https://www.asforniture.it/prodotti/correttore-liquido-a-penna-uhu-8ml--9cfb993b-52b0-41de-8722-bb074f20460d;https://odmultimedia.eu/immagini/MD/85918.jpg;Uhu;Cancelleria;0.00;1;22
a0ad45fc-653e-4a0f-b77f-b37f5aa1a98e;Scatola archivio Big Sei Rota - dorso 16 cm - rosso;Scatola progetto Big in cartone plastificato con maniglia;23.79;https://www.asforniture.it/prodotti/scatola-archivio-big-sei-rota-dorso-16-cm-rosso--a0ad45fc-653e-4a0f-b77f-b37f5aa1a98e;https://odmultimedia.eu/immagini/HD/25631.jpg;Sei Rota;Archivio > Scatole Archivio;0.00;1;22
a26873c9-9c76-48f3-8219-a60197362b42;Registratore Oxford G85 - dorso 5 cm - protocollo 23 x 33 cm - Rosso - Esselte;Registratore Oxford G85 con meccanismo a leva, dorso 8cm, formato protocollo.;5.49;https://www.asforniture.it/prodotti/registratore-oxford-g85-dorso-5-cm-protocollo-23-x-33-cm-rosso-esselte--a26873c9-9c76-48f3-8219-a60197362b42;https://odmultimedia.eu/immagini/HD/50924.jpg;Astro Forniture;Archivio > Raccoglitori Archivio;0.00;1;22
a27f6ebc-982f-4a66-9e54-89941a1b4590;Nastro adesivo carta - 38 mm x 50 m - beige - Comet;Nastro adesivo in carta coprente, ideale per mascheratura. Misura: 38mm x 50m.;2.56;https://www.asforniture.it/prodotti/nastro-adesivo-carta-38-mm-x-50-m-beige-comet--a27f6ebc-982f-4a66-9e54-89941a1b4590;https://odmultimedia.eu/immagini/MD/37917.jpg;Comet;Cancelleria > Imballaggio;0.00;1;22
a309f57f-7cf9-41ee-82d8-76139837e281;Scatola progetto Eurobox - dorso 12 cm - verde;Scatola progetto Esselte in cartone robusto;8.78;https://www.asforniture.it/prodotti/scatola-progetto-eurobox-dorso-12-cm-verde--a309f57f-7cf9-41ee-82d8-76139837e281;https://odmultimedia.eu/immagini/HD/49435.jpg;Esselte;Archivio > Scatole Archivio;0.00;1;22
a59b67d7-1ab1-4ba5-8167-411d94c0fb73;Scatola progetto Eurobox - dorso 10 cm - blu;Scatola progetto Esselte in cartone robusto;7.56;https://www.asforniture.it/prodotti/scatola-progetto-eurobox-dorso-10-cm-blu--a59b67d7-1ab1-4ba5-8167-411d94c0fb73;https://odmultimedia.eu/immagini/HD/48353.jpg;Esselte;Archivio > Scatole Archivio;0.00;1;22
a5a172ca-bbaf-4b82-8491-88d2f154dd02;Evidenziatore Tratto Video - arancio;Punta a scalpello, tratto 1-5mm. Ideale per carta normale, autoricalcante e fax.;1.10;https://www.asforniture.it/prodotti/evidenziatore-tratto-video-arancio--a5a172ca-bbaf-4b82-8491-88d2f154dd02;https://odmultimedia.eu/immagini/MD/73537.jpg;Tratto;Cancelleria;0.00;1;22
a7200fe4-8cc6-4bfc-a98a-344e011e515c;Matita in grafite Noris - gradazione B - Staedtler - conf. 12 pezzi;Matita di alta qualità per scrivere, disegnare e fare schizzi. Gradazione: B. Conf. 12 pz.;5.49;https://www.asforniture.it/prodotti/matita-in-grafite-noris-gradazione-b-staedtler-conf-12-pezzi--a7200fe4-8cc6-4bfc-a98a-344e011e515c;https://odmultimedia.eu/immagini/MD/37036.jpg;Staedtler;Cancelleria > Scrittura;0.00;1;22
a78864bf-191f-40c2-a2c7-79ee270b450d;Scatola archivio Big Sei Rota - dorso 20 cm - rosso;Scatola progetto Big in cartone plastificato con maniglia;25.01;https://www.asforniture.it/prodotti/scatola-archivio-big-sei-rota-dorso-20-cm-rosso--a78864bf-191f-40c2-a2c7-79ee270b450d;https://odmultimedia.eu/immagini/HD/25631.jpg;Sei Rota;Archivio > Scatole Archivio;0.00;1;22
a82caaea-d02d-4141-a51e-11ab632f89f9;Buste a sacco Soft - 15 x 21 cm - conf. 25 pz;Buste a sacco in PPL morbido, formato 15x21 cm.;4.27;https://www.asforniture.it/prodotti/buste-a-sacco-soft-15-x-21-cm-conf-25-pz--a82caaea-d02d-4141-a51e-11ab632f89f9;https://odmultimedia.eu/immagini/HD/25954.jpg;Sei Rota;Archivio > Buste Trasparenti;0.00;1;22
ab9b5c08-89c3-488f-a8f9-6e0b933f1930;Cucitrice a pinza 548/E Pastel - giallo - Zenith;Cucitrice Zenith 548/E serie Pastel. Alta qualità made in Italy. Colore: Giallo.;27.45;https://www.asforniture.it/prodotti/cucitrice-a-pinza-548-e-pastel-giallo-zenith--ab9b5c08-89c3-488f-a8f9-6e0b933f1930;https://odmultimedia.eu/immagini/MD/77509.jpg;Zenith;Cancelleria > Accessori Scrivania;0.00;1;22
ae5ea4ba-e7b6-42a2-8874-0407f66ce191;Scatola archivio Big Sei Rota - dorso 12 cm - blu;Scatola progetto Big in cartone plastificato con maniglia;22.57;https://www.asforniture.it/prodotti/scatola-archivio-big-sei-rota-dorso-12-cm-blu--ae5ea4ba-e7b6-42a2-8874-0407f66ce191;https://odmultimedia.eu/immagini/HD/25630.jpg;Sei Rota;Archivio > Scatole Archivio;0.00;1;22
ae6ffaa5-62f9-4f4d-a49c-fc36d82b1b32;Nastro adesivo PP36NN - 5 cm x 66 m - trasparente - Eurocel;Nastro adesivo da imballo in polipropilene trasparente. Alta resistenza.;2.32;https://www.asforniture.it/prodotti/nastro-adesivo-pp36nn-5-cm-x-66-m-trasparente-eurocel--ae6ffaa5-62f9-4f4d-a49c-fc36d82b1b32;https://odmultimedia.eu/immagini/MD/36454.jpg;Eurocel;Cancelleria > Imballaggio;0.00;1;22
AF-DIAG-mission-pt-inr;Sistema Mission PT/INR (coagulazione);"Sistema professionale Mission per monitoraggio PT/INR in ambiente clinico o ambulatoriale. Utilizzare strisce dedicate e accessori compatibili; calibrazione e manutenzione secondo manuale produttore. Prezzo unitario imponibile IVA esclusa.";878.40;https://www.asforniture.it/prodotti/sistema-mission-pt-inr-coagulazione--AF-DIAG-mission-pt-inr;https://www.gimaitaly.com/images/prodotti/medium/33313.jpg;Mission;Linea Specializzata Astro Medical > Diagnostica professionale;0.00;1;22
AF-DIST-fellowes-automatico-80m;Distruggidocumenti 80M - Fellowes;"Distruggidocumenti 80M - Fellowes: distruggidocumenti elettrico adatto a uso personale, studio o piccolo ufficio (Fellowes). Pensato per la distruzione periodica di documenti cartacei; tipo di taglio, livello di sicurezza e capienza secondo le specifiche del produttore. Prezzo unitario imponibile IVA esclusa. Per volumi, garanzie estese o installazioni contattare il nostro ufficio commerciale.";645.38;https://www.asforniture.it/prodotti/distruggidocumenti-80m-fellowes--AF-DIST-fellowes-automatico-80m;https://odmultimedia.eu/immagini/MD/98809.jpg;Fellowes;Macchine per Ufficio > Distruggi Documenti;0.00;1;22
AF-DIST-fellowes-lx-41;Distruggidocumenti LX-41 - Fellowes;"Distruggidocumenti LX-41 - Fellowes: distruggidocumenti elettrico adatto a uso personale, studio o piccolo ufficio (Fellowes). Pensato per la distruzione periodica di documenti cartacei; tipo di taglio, livello di sicurezza e capienza secondo le specifiche del produttore. Prezzo unitario imponibile IVA esclusa. Per volumi, garanzie estese o installazioni contattare il nostro ufficio commerciale.";206.18;https://www.asforniture.it/prodotti/distruggidocumenti-lx-41-fellowes--AF-DIST-fellowes-lx-41;https://odmultimedia.eu/immagini/MD/95081.jpg;Fellowes;Macchine per Ufficio > Distruggi Documenti;0.00;1;22
AF-DIST-fellowes-m-7cm;Distruggidocumenti M-7CM - Fellowes;"Distruggidocumenti M-7CM - Fellowes: distruggidocumenti elettrico adatto a uso personale, studio o piccolo ufficio (Fellowes). Pensato per la distruzione periodica di documenti cartacei; tipo di taglio, livello di sicurezza e capienza secondo le specifiche del produttore. Prezzo unitario imponibile IVA esclusa. Per volumi, garanzie estese o installazioni contattare il nostro ufficio commerciale.";181.78;https://www.asforniture.it/prodotti/distruggidocumenti-m-7cm-fellowes--AF-DIST-fellowes-m-7cm;https://odmultimedia.eu/immagini/MD/103117.jpg;Fellowes;Macchine per Ufficio > Distruggi Documenti;0.00;1;22
AF-DIST-kobra-c1;Distruggidocumenti C1 - Kobra;"Distruggidocumenti C1 - Kobra: distruggidocumenti elettrico adatto a uso personale, studio o piccolo ufficio (Kobra). Pensato per la distruzione periodica di documenti cartacei; tipo di taglio, livello di sicurezza e capienza secondo le specifiche del produttore. Prezzo unitario imponibile IVA esclusa. Per volumi, garanzie estese o installazioni contattare il nostro ufficio commerciale.";315.98;https://www.asforniture.it/prodotti/distruggidocumenti-c1-kobra--AF-DIST-kobra-c1;https://odmultimedia.eu/immagini/MD/74767.jpg;Kobra;Macchine per Ufficio > Distruggi Documenti;0.00;1;22
AF-DIST-kobra-hybrid;Distruggidocumenti Hybrid - Kobra;"Distruggidocumenti Hybrid - Kobra: distruggidocumenti elettrico adatto a uso personale, studio o piccolo ufficio (Kobra). Pensato per la distruzione periodica di documenti cartacei; tipo di taglio, livello di sicurezza e capienza secondo le specifiche del produttore. Prezzo unitario imponibile IVA esclusa. Per volumi, garanzie estese o installazioni contattare il nostro ufficio commerciale.";230.58;https://www.asforniture.it/prodotti/distruggidocumenti-hybrid-kobra--AF-DIST-kobra-hybrid;https://odmultimedia.eu/immagini/MD/86880.jpg;Kobra;Macchine per Ufficio > Distruggi Documenti;0.00;1;22
AF-DIST-kobra-s4-hybrid;Distruggidocumenti S4-HYBRID - Kobra;"Distruggidocumenti S4-HYBRID - Kobra: distruggidocumenti elettrico adatto a uso personale, studio o piccolo ufficio (Kobra). Pensato per la distruzione periodica di documenti cartacei; tipo di taglio, livello di sicurezza e capienza secondo le specifiche del produttore. Prezzo unitario imponibile IVA esclusa. Per volumi, garanzie estese o installazioni contattare il nostro ufficio commerciale.";169.58;https://www.asforniture.it/prodotti/distruggidocumenti-s4-hybrid-kobra--AF-DIST-kobra-s4-hybrid;https://odmultimedia.eu/immagini/MD/99619.jpg;Kobra;Macchine per Ufficio > Distruggi Documenti;0.00;1;22
AF-DIST-leitz-iq-home-office-p4;Distruggidocumenti Home Office P4 - Leitz IQ;"Distruggidocumenti Home Office P4 - Leitz IQ: distruggidocumenti elettrico adatto a uso personale, studio o piccolo ufficio (Leitz IQ). Pensato per la distruzione periodica di documenti cartacei; tipo di taglio, livello di sicurezza e capienza secondo le specifiche del produttore. Prezzo unitario imponibile IVA esclusa. Per volumi, garanzie estese o installazioni contattare il nostro ufficio commerciale.";120.78;https://www.asforniture.it/prodotti/distruggidocumenti-home-office-p4-leitz-iq--AF-DIST-leitz-iq-home-office-p4;https://odmultimedia.eu/immagini/MD/86814.jpg;Leitz IQ;Macchine per Ufficio > Distruggi Documenti;0.00;1;22
AF-DIST-leitz-office-225;Distruggidocumenti Office 225 - Leitz;"Distruggidocumenti Office 225 - Leitz: distruggidocumenti elettrico adatto a uso personale, studio o piccolo ufficio (Leitz). Pensato per la distruzione periodica di documenti cartacei; tipo di taglio, livello di sicurezza e capienza secondo le specifiche del produttore. Prezzo unitario imponibile IVA esclusa. Per volumi, garanzie estese o installazioni contattare il nostro ufficio commerciale.";389.18;https://www.asforniture.it/prodotti/distruggidocumenti-office-225-leitz--AF-DIST-leitz-office-225;https://odmultimedia.eu/immagini/MD/104444.jpg;Leitz;Macchine per Ufficio > Distruggi Documenti;0.00;1;22
AF-DIST-rexel-mercury-rem820;Distruggidocumenti Mercury REM820 - Rexel;"Distruggidocumenti Mercury REM820 - Rexel: distruggidocumenti elettrico adatto a uso personale, studio o piccolo ufficio (Rexel). Pensato per la distruzione periodica di documenti cartacei; tipo di taglio, livello di sicurezza e capienza secondo le specifiche del produttore. Prezzo unitario imponibile IVA esclusa. Per volumi, garanzie estese o installazioni contattare il nostro ufficio commerciale.";340.38;https://www.asforniture.it/prodotti/distruggidocumenti-mercury-rem820-rexel--AF-DIST-rexel-mercury-rem820;https://odmultimedia.eu/immagini/MD/80366.jpg;Rexel;Macchine per Ufficio > Distruggi Documenti;0.00;1;22
AF-DIST-rexel-momentum-x406;Distruggidocumenti Momentum X406 - Rexel;"Distruggidocumenti Momentum X406 - Rexel: distruggidocumenti elettrico adatto a uso personale, studio o piccolo ufficio (Rexel). Pensato per la distruzione periodica di documenti cartacei; tipo di taglio, livello di sicurezza e capienza secondo le specifiche del produttore. Prezzo unitario imponibile IVA esclusa. Per volumi, garanzie estese o installazioni contattare il nostro ufficio commerciale.";230.58;https://www.asforniture.it/prodotti/distruggidocumenti-momentum-x406-rexel--AF-DIST-rexel-momentum-x406;https://odmultimedia.eu/immagini/MD/95071.jpg;Rexel;Macchine per Ufficio > Distruggi Documenti;0.00;1;22
AF-DIST-rexel-momentum-x410;Distruggidocumenti Momentum X410 - Rexel;"Distruggidocumenti Momentum X410 - Rexel: distruggidocumenti elettrico adatto a uso personale, studio o piccolo ufficio (Rexel). Pensato per la distruzione periodica di documenti cartacei; tipo di taglio, livello di sicurezza e capienza secondo le specifiche del produttore. Prezzo unitario imponibile IVA esclusa. Per volumi, garanzie estese o installazioni contattare il nostro ufficio commerciale.";279.38;https://www.asforniture.it/prodotti/distruggidocumenti-momentum-x410-rexel--AF-DIST-rexel-momentum-x410;https://odmultimedia.eu/immagini/MD/90022.jpg;Rexel;Macchine per Ufficio > Distruggi Documenti;0.00;1;22
AF-DIST-rexel-optimum-autofeed-50x;Distruggidocumenti Optimum AutoFeed+ 50X - Rexel;"Distruggidocumenti Optimum AutoFeed+ 50X - Rexel: distruggidocumenti elettrico adatto a uso personale, studio o piccolo ufficio (Rexel). Pensato per la distruzione periodica di documenti cartacei; tipo di taglio, livello di sicurezza e capienza secondo le specifiche del produttore. Prezzo unitario imponibile IVA esclusa. Per volumi, garanzie estese o installazioni contattare il nostro ufficio commerciale.";547.78;https://www.asforniture.it/prodotti/distruggidocumenti-optimum-autofeed-50x-rexel--AF-DIST-rexel-optimum-autofeed-50x;https://odmultimedia.eu/immagini/MD/92566.jpg;Rexel;Macchine per Ufficio > Distruggi Documenti;0.00;1;22
AF-DIST-rexel-secure-s5;Distruggidocumenti Secure S5 - Rexel;"Distruggidocumenti Secure S5 - Rexel: distruggidocumenti elettrico adatto a uso personale, studio o piccolo ufficio (Rexel). Pensato per la distruzione periodica di documenti cartacei; tipo di taglio, livello di sicurezza e capienza secondo le specifiche del produttore. Prezzo unitario imponibile IVA esclusa. Per volumi, garanzie estese o installazioni contattare il nostro ufficio commerciale.";56.00;https://www.asforniture.it/prodotti/distruggidocumenti-secure-s5-rexel--AF-DIST-rexel-secure-s5;https://odmultimedia.eu/immagini/MD/92766.jpg;Rexel;Macchine per Ufficio > Distruggi Documenti;0.00;1;22
AF-DIST-rexel-secure-x6;Distruggidocumenti Secure X6 - Rexel;"Distruggidocumenti Secure X6 - Rexel: distruggidocumenti elettrico adatto a uso personale, studio o piccolo ufficio (Rexel). Pensato per la distruzione periodica di documenti cartacei; tipo di taglio, livello di sicurezza e capienza secondo le specifiche del produttore. Prezzo unitario imponibile IVA esclusa. Per volumi, garanzie estese o installazioni contattare il nostro ufficio commerciale.";145.18;https://www.asforniture.it/prodotti/distruggidocumenti-secure-x6-rexel--AF-DIST-rexel-secure-x6;https://odmultimedia.eu/immagini/MD/92767_2.jpg;Rexel;Macchine per Ufficio > Distruggi Documenti;0.00;1;22
AF-DIST-titanium-080x;Distruggidocumenti 080X - Titanium;"Distruggidocumenti 080X - Titanium: distruggidocumenti elettrico adatto a uso personale, studio o piccolo ufficio (Titanium). Pensato per la distruzione periodica di documenti cartacei; tipo di taglio, livello di sicurezza e capienza secondo le specifiche del produttore. Prezzo unitario imponibile IVA esclusa. Per volumi, garanzie estese o installazioni contattare il nostro ufficio commerciale.";96.99;https://www.asforniture.it/prodotti/distruggidocumenti-080x-titanium--AF-DIST-titanium-080x;https://odmultimedia.eu/immagini/MD/75989.jpg;Titanium;Macchine per Ufficio > Distruggi Documenti;0.00;1;22
AF-ETCH-brother-ptouch-110;Brother PTouch 110;"Brother PTouch 110: stampante per etichette Brother da ufficio o mobile. Prezzo unitario imponibile IVA esclusa; per nastri e accessori contattare il commerciale.";47.58;https://www.asforniture.it/prodotti/brother-ptouch-110--AF-ETCH-brother-ptouch-110;https://odmultimedia.eu/immagini/MD/BRO-PT110.jpg;Brother;Macchine per Ufficio > Etichettatrici;0.00;1;22
AF-ETCH-brother-ptouch-cube-plus-ptp710;Brother P-Touch Cube Plus PTP710;"Brother P-Touch Cube Plus PTP710: modello di fascia alta della serie Brother P-touch Cube, per etichettatura professionale da scrivania o in mobilità secondo versione commerciale. Qualità di stampa e connettività secondo scheda produttore. Prezzo unitario imponibile IVA esclusa; nastri e accessori su richiesta al commerciale.";181.78;https://www.asforniture.it/prodotti/brother-p-touch-cube-plus-ptp710--AF-ETCH-brother-ptouch-cube-plus-ptp710;https://odmultimedia.eu/immagini/MD/BRO-PTP710BT.jpg;Brother;Macchine per Ufficio > Etichettatrici;0.00;1;22
AF-ETCH-brother-ptouch-cube-pro-pte720bt;Brother P-Touch CUBE PRO PTE720BT;"Brother P-Touch CUBE PRO PTE720BT: modello di fascia alta della serie Brother P-touch Cube, per etichettatura professionale da scrivania o in mobilità secondo versione commerciale. Qualità di stampa e connettività secondo scheda produttore. Prezzo unitario imponibile IVA esclusa; nastri e accessori su richiesta al commerciale.";242.78;https://www.asforniture.it/prodotti/brother-p-touch-cube-pro-pte720bt--AF-ETCH-brother-ptouch-cube-pro-pte720bt;https://odmultimedia.eu/immagini/MD/BROPTE720BT.jpg;Brother;Macchine per Ufficio > Etichettatrici;0.00;1;22
AF-ETCH-brother-ptouch-cube-pro-pte920bt;Brother P-Touch CUBE PRO PTE920BT;"Brother P-Touch CUBE PRO PTE920BT: modello di fascia alta della serie Brother P-touch Cube, per etichettatura professionale da scrivania o in mobilità secondo versione commerciale. Qualità di stampa e connettività secondo scheda produttore. Prezzo unitario imponibile IVA esclusa; nastri e accessori su richiesta al commerciale.";279.38;https://www.asforniture.it/prodotti/brother-p-touch-cube-pro-pte920bt--AF-ETCH-brother-ptouch-cube-pro-pte920bt;https://odmultimedia.eu/immagini/MD/BROPTE920BT.jpg;Brother;Macchine per Ufficio > Etichettatrici;0.00;1;22
AF-ETCH-brother-ptouch-cube-pro-ptp910;Brother P-Touch Cube Pro PTP910;"Brother P-Touch Cube Pro PTP910: modello di fascia alta della serie Brother P-touch Cube, per etichettatura professionale da scrivania o in mobilità secondo versione commerciale. Qualità di stampa e connettività secondo scheda produttore. Prezzo unitario imponibile IVA esclusa; nastri e accessori su richiesta al commerciale.";230.58;https://www.asforniture.it/prodotti/brother-p-touch-cube-pro-ptp910--AF-ETCH-brother-ptouch-cube-pro-ptp910;https://odmultimedia.eu/immagini/MD/BRO-PTP910BT.jpg;Brother;Macchine per Ufficio > Etichettatrici;0.00;1;22
AF-ETCH-brother-ptouch-cube-ptp300;Brother PTouch Cube PTP300;"Brother PTouch Cube PTP300: stampante per etichette Brother da ufficio o mobile. Prezzo unitario imponibile IVA esclusa; per nastri e accessori contattare il commerciale.";96.38;https://www.asforniture.it/prodotti/brother-ptouch-cube-ptp300--AF-ETCH-brother-ptouch-cube-ptp300;https://odmultimedia.eu/immagini/MD/BRO-PTP300.jpg;Brother;Macchine per Ufficio > Etichettatrici;0.00;1;22
AF-ETCH-brother-ptouch-d210;Brother PTouch D210;"Brother PTouch D210: stampante per etichette Brother da ufficio o mobile. Prezzo unitario imponibile IVA esclusa; per nastri e accessori contattare il commerciale.";59.78;https://www.asforniture.it/prodotti/brother-ptouch-d210--AF-ETCH-brother-ptouch-d210;https://odmultimedia.eu/immagini/MD/BRO-PTD210.jpg;Brother;Macchine per Ufficio > Etichettatrici;0.00;1;22
AF-ETCH-brother-ptouch-e310btv;Brother PTouch E310BTV;"Brother PTouch E310BTV: stampante per etichette Brother da ufficio o mobile. Prezzo unitario imponibile IVA esclusa; per nastri e accessori contattare il commerciale.";108.58;https://www.asforniture.it/prodotti/brother-ptouch-e310btv--AF-ETCH-brother-ptouch-e310btv;https://odmultimedia.eu/immagini/MD/BROPTE310BTV.jpg;Brother;Macchine per Ufficio > Etichettatrici;0.00;1;22
AF-ETCH-brother-ql-800;Brother QL 800;"Brother QL 800: stampante per etichette Brother da ufficio o mobile. Prezzo unitario imponibile IVA esclusa; per nastri e accessori contattare il commerciale.";169.58;https://www.asforniture.it/prodotti/brother-ql-800--AF-ETCH-brother-ql-800;https://odmultimedia.eu/immagini/MD/BRO-QL800.jpg;Brother;Macchine per Ufficio > Etichettatrici;0.00;1;22
AF-ETCH-dymo-labelmanager-160;Etichettatrice LabelManager 160 - Dymo;"Etichettatrice LabelManager 160 - Dymo: stampante per etichette DYMO LabelManager da tavolo, pensata per etichettatura frequente in ufficio (D1 e nastri compatibili secondo scheda tecnica). Display e tastiera per modifica rapida del testo; connessione USB o standalone secondo versione. Prezzo unitario imponibile IVA esclusa; verificare nastri in dotazione con il commerciale.";79.30;https://www.asforniture.it/prodotti/etichettatrice-labelmanager-160-dymo--AF-ETCH-dymo-labelmanager-160;https://odmultimedia.eu/immagini/HD/65606.jpg;Dymo;Macchine per Ufficio > Etichettatrici;0.00;1;22
AF-ETCH-dymo-labelmanager-210d;Dymo LabelManager 210D;"Dymo LabelManager 210D: etichettatrice LabelManager con tastiera QWERTY per digitazione veloce di testi lunghi e simboli; ideale per archiviazione, magazzino e reparti logistici. Compatibilità nastri DYMO D1 secondo dichiarazioni del produttore. Prezzo unitario imponibile IVA esclusa; per kit e consumabili contattare il commerciale.";90.28;https://www.asforniture.it/prodotti/dymo-labelmanager-210d--AF-ETCH-dymo-labelmanager-210d;https://odmultimedia.eu/immagini/MD/51073.jpg;Dymo;Macchine per Ufficio > Etichettatrici;0.00;1;22
AF-ETCH-dymo-letratag-lt-100h;Etichettatrice Letratag LT-100H - Dymo;"Etichettatrice Letratag LT-100H - Dymo: etichettatrice a rilievo LetraTag per nastri DYMO LT (12 mm), adatta a etichettatura di cavi, scaffali, archivi e piccola segnaletica interna. Funzionamento portatile con batterie o alimentatore (secondo confezione / versione commerciale). Prezzo unitario imponibile IVA esclusa; per accessori e nastri compatibili contattare il commerciale.";58.56;https://www.asforniture.it/prodotti/etichettatrice-letratag-lt-100h-dymo--AF-ETCH-dymo-letratag-lt-100h;https://odmultimedia.eu/immagini/HD/48891.jpg;Dymo;Macchine per Ufficio > Etichettatrici;0.00;1;22
AF-ETCH-dymo-letratag-lt-200b;Etichettatrice Letratag LT-200B - Dymo;"Etichettatrice Letratag LT-200B - Dymo: etichettatrice LetraTag elettronica con connettività Bluetooth per creare e stampare etichette da smartphone o computer tramite app DYMO Connect. Nastri compatibili serie LT (12 mm) per cavi, scaffali e organizzazione ufficio. Alimentazione a batteria ricaricabile o USB-C secondo confezione. Prezzo unitario imponibile IVA esclusa; per accessori contattare il commerciale.";58.56;https://www.asforniture.it/prodotti/etichettatrice-letratag-lt-200b-dymo--AF-ETCH-dymo-letratag-lt-200b;https://odmultimedia.eu/immagini/HD/95970.jpg;Dymo;Macchine per Ufficio > Etichettatrici;0.00;1;22
AF-ETCH-dymo-rhino-4200;Dymo Rhino 4200;"Dymo Rhino 4200: etichettatrice industriale Rhino per nastri vinile e poliestere; pensata per cantieri, elettricisti e identificazione cavi. Versione kit dove indicato include accessori secondo confezione. Prezzo unitario imponibile IVA esclusa; per nastri e personalizzazioni contattare il commerciale.";279.38;https://www.asforniture.it/prodotti/dymo-rhino-4200--AF-ETCH-dymo-rhino-4200;https://odmultimedia.eu/immagini/MD/72179.jpg;Dymo;Macchine per Ufficio > Etichettatrici;0.00;1;22
AF-ETCH-dymo-rhino-4200-kit;Dymo Rhino 4200 (IN KIT);"Dymo Rhino 4200 (IN KIT): etichettatrice industriale Rhino per nastri vinile e poliestere; pensata per cantieri, elettricisti e identificazione cavi. Versione kit dove indicato include accessori secondo confezione. Prezzo unitario imponibile IVA esclusa; per nastri e personalizzazioni contattare il commerciale.";328.18;https://www.asforniture.it/prodotti/dymo-rhino-4200-in-kit--AF-ETCH-dymo-rhino-4200-kit;https://odmultimedia.eu/immagini/MD/100008.jpg;Dymo;Macchine per Ufficio > Etichettatrici;0.00;1;22
AF-PILE-aa-plus-12pz;Pila stilo AA Plus (12 pz);"Pila stilo AA Plus (12 pz): pile alcaline o specialistiche Duracell per uso domestico e ufficio. Confezione e formato come da descrizione. Prezzo unitario imponibile IVA esclusa; per stock e listini contattare il commerciale.";20.62;https://www.asforniture.it/prodotti/pila-stilo-aa-plus-12-pz--AF-PILE-aa-plus-12pz;https://odmultimedia.eu/immagini/MD/103669.jpg;Duracell;Cancelleria > Pile;0.00;1;22
AF-PILE-aa-plus-4pz;Pila stilo AA Plus (4 pz);"Pila stilo AA Plus (4 pz): pile alcaline o specialistiche Duracell per uso domestico e ufficio. Confezione e formato come da descrizione. Prezzo unitario imponibile IVA esclusa; per stock e listini contattare il commerciale.";8.42;https://www.asforniture.it/prodotti/pila-stilo-aa-plus-4-pz--AF-PILE-aa-plus-4pz;https://odmultimedia.eu/immagini/MD/103667.jpg;Duracell;Cancelleria > Pile;0.00;1;22
AF-PILE-aa-ricaricabile-4pz;Pila stilo AA Ricaricabile (4 pz);"Pila stilo AA Ricaricabile (4 pz): pile alcaline o specialistiche Duracell per uso domestico e ufficio. Confezione e formato come da descrizione. Prezzo unitario imponibile IVA esclusa; per stock e listini contattare il commerciale.";18.18;https://www.asforniture.it/prodotti/pila-stilo-aa-ricaricabile-4-pz--AF-PILE-aa-ricaricabile-4pz;https://odmultimedia.eu/immagini/MD/70166.jpg;Duracell;Cancelleria > Pile;0.00;1;22
AF-PILE-aaa-plus-12pz;Pila ministilo AAA Plus (12 pz);"Pila ministilo AAA Plus (12 pz): pile alcaline o specialistiche Duracell per uso domestico e ufficio. Confezione e formato come da descrizione. Prezzo unitario imponibile IVA esclusa; per stock e listini contattare il commerciale.";20.62;https://www.asforniture.it/prodotti/pila-ministilo-aaa-plus-12-pz--AF-PILE-aaa-plus-12pz;https://odmultimedia.eu/immagini/MD/103670.jpg;Duracell;Cancelleria > Pile;0.00;1;22
AF-PILE-aaa-plus-4pz;Pila ministilo AAA Plus (4 pz);"Pila ministilo AAA Plus (4 pz): pile alcaline o specialistiche Duracell per uso domestico e ufficio. Confezione e formato come da descrizione. Prezzo unitario imponibile IVA esclusa; per stock e listini contattare il commerciale.";8.42;https://www.asforniture.it/prodotti/pila-ministilo-aaa-plus-4-pz--AF-PILE-aaa-plus-4pz;https://odmultimedia.eu/immagini/MD/103668.jpg;Duracell;Cancelleria > Pile;0.00;1;22
AF-PILE-aaa-ricaricabile-4pz;Pila ministilo AAA Ricaricabile (4 pz);"Pila ministilo AAA Ricaricabile (4 pz): pile alcaline o specialistiche Duracell per uso domestico e ufficio. Confezione e formato come da descrizione. Prezzo unitario imponibile IVA esclusa; per stock e listini contattare il commerciale.";18.18;https://www.asforniture.it/prodotti/pila-ministilo-aaa-ricaricabile-4-pz--AF-PILE-aaa-ricaricabile-4pz;https://odmultimedia.eu/immagini/MD/70167.jpg;Duracell;Cancelleria > Pile;0.00;1;22
AF-PILE-cr2025-3v-2pz;Micropila CR2025 - 3V (2 pz);"Micropila CR2025 - 3V (2 pz): pile alcaline o specialistiche Duracell per uso domestico e ufficio. Confezione e formato come da descrizione. Prezzo unitario imponibile IVA esclusa; per stock e listini contattare il commerciale.";5.12;https://www.asforniture.it/prodotti/micropila-cr2025-3v-2-pz--AF-PILE-cr2025-3v-2pz;https://odmultimedia.eu/immagini/MD/87226.jpg;Duracell;Cancelleria > Pile;0.00;1;22
AF-PILE-dl2032-3v-2pz;Micropila DL2032 - 3V (2 pz);"Micropila DL2032 - 3V (2 pz): pile alcaline o specialistiche Duracell per uso domestico e ufficio. Confezione e formato come da descrizione. Prezzo unitario imponibile IVA esclusa; per stock e listini contattare il commerciale.";5.12;https://www.asforniture.it/prodotti/micropila-dl2032-3v-2-pz--AF-PILE-dl2032-3v-2pz;https://odmultimedia.eu/immagini/MD/87227.jpg;Duracell;Cancelleria > Pile;0.00;1;22
AF-PILE-lr1-15v-2pz;Pila - LR1 - 1,5V (2 pz);"Pila - LR1 - 1,5V (2 pz): pile alcaline o specialistiche Duracell per uso domestico e ufficio. Confezione e formato come da descrizione. Prezzo unitario imponibile IVA esclusa; per stock e listini contattare il commerciale.";5.49;https://www.asforniture.it/prodotti/pila-lr1-1-5v-2-pz--AF-PILE-lr1-15v-2pz;https://odmultimedia.eu/immagini/MD/60419.jpg;Duracell;Cancelleria > Pile;0.00;1;22
AF-PILE-lr20-d-2pz;Pila torcia - D - LR20 (2 pz);"Pila torcia - D - LR20 (2 pz): pile alcaline o specialistiche Duracell per uso domestico e ufficio. Confezione e formato come da descrizione. Prezzo unitario imponibile IVA esclusa; per stock e listini contattare il commerciale.";7.20;https://www.asforniture.it/prodotti/pila-torcia-d-lr20-2-pz--AF-PILE-lr20-d-2pz;https://odmultimedia.eu/immagini/MD/36207.jpg;Duracell;Cancelleria > Pile;0.00;1;22
AF-PILE-lr44-15v-2pz;Micropila LR44 - 1,5V (2 pz);"Micropila LR44 - 1,5V (2 pz): pile alcaline o specialistiche Duracell per uso domestico e ufficio. Confezione e formato come da descrizione. Prezzo unitario imponibile IVA esclusa; per stock e listini contattare il commerciale.";4.27;https://www.asforniture.it/prodotti/micropila-lr44-1-5v-2-pz--AF-PILE-lr44-15v-2pz;https://odmultimedia.eu/immagini/MD/68688.jpg;Duracell;Cancelleria > Pile;0.00;1;22
AF-PILE-mn21-12v-2pz;Pila - MN21 - 12V (2 pz);"Pila - MN21 - 12V (2 pz): pile alcaline o specialistiche Duracell per uso domestico e ufficio. Confezione e formato come da descrizione. Prezzo unitario imponibile IVA esclusa; per stock e listini contattare il commerciale.";5.98;https://www.asforniture.it/prodotti/pila-mn21-12v-2-pz--AF-PILE-mn21-12v-2pz;https://odmultimedia.eu/immagini/MD/62771.jpg;Duracell;Cancelleria > Pile;0.00;1;22
AF-PILE-transistor-9v-1pz;Pila Transistor - 9V (1 pz);"Pila Transistor - 9V (1 pz): pile alcaline o specialistiche Duracell per uso domestico e ufficio. Confezione e formato come da descrizione. Prezzo unitario imponibile IVA esclusa; per stock e listini contattare il commerciale.";4.76;https://www.asforniture.it/prodotti/pila-transistor-9v-1-pz--AF-PILE-transistor-9v-1pz;https://odmultimedia.eu/immagini/MD/36206.jpg;Duracell;Cancelleria > Pile;0.00;1;22
AF-QUAD-maxiquaderno-abcity-1rigo-blasetti;Maxiquaderno ABCity (1 rigo) - Blasetti;"Maxiquaderno ABCity (1 rigo) - Blasetti: articolo da cancelleria (Blasetti). Formato e rigatura come da descrizione. Prezzo unitario imponibile IVA esclusa; per assortimenti e disponibilità contattare il commerciale.";8.42;https://www.asforniture.it/prodotti/maxiquaderno-abcity-1-rigo-blasetti--AF-QUAD-maxiquaderno-abcity-1rigo-blasetti;https://odmultimedia.eu/immagini/MD/104869.jpg;Blasetti;Cancelleria > Quaderni;0.00;1;22
AF-QUAD-maxiquaderno-animal-cut-1rigo-blasetti;Maxiquaderno Animal Cut (1 rigo) - Blasetti;"Maxiquaderno Animal Cut (1 rigo) - Blasetti: articolo da cancelleria (Blasetti). Formato e rigatura come da descrizione. Prezzo unitario imponibile IVA esclusa; per assortimenti e disponibilità contattare il commerciale.";8.42;https://www.asforniture.it/prodotti/maxiquaderno-animal-cut-1-rigo-blasetti--AF-QUAD-maxiquaderno-animal-cut-1rigo-blasetti;https://odmultimedia.eu/immagini/MD/104343.jpg;Blasetti;Cancelleria > Quaderni;0.00;1;22
AF-QUAD-maxiquaderno-color80-a4-cartonato-1rigo-bm;Maxiquaderno Color 80 A4 Cartonato (1 rigo) - BM;"Maxiquaderno Color 80 A4 Cartonato (1 rigo) - BM: articolo da cancelleria (BM). Formato e rigatura come da descrizione. Prezzo unitario imponibile IVA esclusa; per assortimenti e disponibilità contattare il commerciale.";8.42;https://www.asforniture.it/prodotti/maxiquaderno-color-80-a4-cartonato-1-rigo-bm--AF-QUAD-maxiquaderno-color80-a4-cartonato-1rigo-bm;https://odmultimedia.eu/immagini/MD/74119.jpg;BM;Cancelleria > Quaderni;0.00;1;22
AF-QUAD-maxiquaderno-monocromo-a4-cartona-2ac18390;Maxiquaderno Monocromo A4 Cartonato (4mm) - Pigna;"Maxiquaderno Monocromo A4 Cartonato (4mm) - Pigna: articolo da cancelleria (Pigna). Formato e rigatura come da descrizione. Prezzo unitario imponibile IVA esclusa; per assortimenti e disponibilità contattare il commerciale.";7.81;https://www.asforniture.it/prodotti/maxiquaderno-monocromo-a4-cartonato-4mm-pigna--AF-QUAD-maxiquaderno-monocromo-a4-cartonato-4mm-pigna;https://odmultimedia.eu/immagini/MD/28941.jpg;Pigna;Cancelleria > Quaderni;0.00;1;22
AF-QUAD-maxiquaderno-monocromo-a4-cartona-44b51d26;Maxiquaderno Monocromo A4 Cartonato (1 rigo) - Pigna;"Maxiquaderno Monocromo A4 Cartonato (1 rigo) - Pigna: articolo da cancelleria (Pigna). Formato e rigatura come da descrizione. Prezzo unitario imponibile IVA esclusa; per assortimenti e disponibilità contattare il commerciale.";7.56;https://www.asforniture.it/prodotti/maxiquaderno-monocromo-a4-cartonato-1-rigo-pigna--AF-QUAD-maxiquaderno-monocromo-a4-cartonato-1rigo-pigna;https://odmultimedia.eu/immagini/MD/28940.jpg;Pigna;Cancelleria > Quaderni;0.00;1;22
AF-QUAD-maxiquaderno-monocromo-a4-spirala-28bb4539;Maxiquaderno Monocromo A4 Spiralato (1 rigo c/fori) - Pigna;"Maxiquaderno Monocromo A4 Spiralato (1 rigo c/fori) - Pigna: articolo da cancelleria (Pigna). Formato e rigatura come da descrizione. Prezzo unitario imponibile IVA esclusa; per assortimenti e disponibilità contattare il commerciale.";7.93;https://www.asforniture.it/prodotti/maxiquaderno-monocromo-a4-spiralato-1-rigo-c-fori-pigna--AF-QUAD-maxiquaderno-monocromo-a4-spiralato-1rigo-fori-pigna;https://odmultimedia.eu/immagini/MD/38549.jpg;Pigna;Cancelleria > Quaderni;0.00;1;22
AF-QUAD-maxiquaderno-one-color-a4-1rigo-blasetti;Maxiquaderno One Color A4 (1 rigo) - Blasetti;"Maxiquaderno One Color A4 (1 rigo) - Blasetti: articolo da cancelleria (Blasetti). Formato e rigatura come da descrizione. Prezzo unitario imponibile IVA esclusa; per assortimenti e disponibilità contattare il commerciale.";8.30;https://www.asforniture.it/prodotti/maxiquaderno-one-color-a4-1-rigo-blasetti--AF-QUAD-maxiquaderno-one-color-a4-1rigo-blasetti;https://odmultimedia.eu/immagini/MD/59073.jpg;Blasetti;Cancelleria > Quaderni;0.00;1;22
AF-QUAD-maxiquaderno-ragazzo-1rigo-pigna;Maxiquaderno Ragazzo (1 rigo) - Pigna;"Maxiquaderno Ragazzo (1 rigo) - Pigna: articolo da cancelleria (Pigna). Formato e rigatura come da descrizione. Prezzo unitario imponibile IVA esclusa; per assortimenti e disponibilità contattare il commerciale.";8.42;https://www.asforniture.it/prodotti/maxiquaderno-ragazzo-1-rigo-pigna--AF-QUAD-maxiquaderno-ragazzo-1rigo-pigna;https://odmultimedia.eu/immagini/MD/99856.jpg;Pigna;Cancelleria > Quaderni;0.00;1;22
AF-QUAD-maxiquaderno-sport-1rigo-pigna;Maxiquaderno Sport (1 rigo) - Pigna;"Maxiquaderno Sport (1 rigo) - Pigna: articolo da cancelleria (Pigna). Formato e rigatura come da descrizione. Prezzo unitario imponibile IVA esclusa; per assortimenti e disponibilità contattare il commerciale.";8.42;https://www.asforniture.it/prodotti/maxiquaderno-sport-1-rigo-pigna--AF-QUAD-maxiquaderno-sport-1rigo-pigna;https://odmultimedia.eu/immagini/MD/99877.jpg;Pigna;Cancelleria > Quaderni;0.00;1;22
AF-QUAD-maxiquaderno-teen-boy-1rigo-blasetti;Maxiquaderno Teen Boy (1 rigo) - Blasetti;"Maxiquaderno Teen Boy (1 rigo) - Blasetti: articolo da cancelleria (Blasetti). Formato e rigatura come da descrizione. Prezzo unitario imponibile IVA esclusa; per assortimenti e disponibilità contattare il commerciale.";8.42;https://www.asforniture.it/prodotti/maxiquaderno-teen-boy-1-rigo-blasetti--AF-QUAD-maxiquaderno-teen-boy-1rigo-blasetti;https://odmultimedia.eu/immagini/MD/104330.jpg;Blasetti;Cancelleria > Quaderni;0.00;1;22
AF-QUAD-maxiquaderno-teen-girl-1rigo-blasetti;Maxiquaderno Teen Girl (1 rigo) - Blasetti;"Maxiquaderno Teen Girl (1 rigo) - Blasetti: articolo da cancelleria (Blasetti). Formato e rigatura come da descrizione. Prezzo unitario imponibile IVA esclusa; per assortimenti e disponibilità contattare il commerciale.";8.42;https://www.asforniture.it/prodotti/maxiquaderno-teen-girl-1-rigo-blasetti--AF-QUAD-maxiquaderno-teen-girl-1rigo-blasetti;https://odmultimedia.eu/immagini/MD/97362.jpg;Blasetti;Cancelleria > Quaderni;0.00;1;22
AF-QUAD-maxiquaderno-teen-girl-v2-1rigo-blasetti;Maxiquaderno Teen Girl V2 (1 rigo) - Blasetti;"Maxiquaderno Teen Girl V2 (1 rigo) - Blasetti: articolo da cancelleria (Blasetti). Formato e rigatura come da descrizione. Prezzo unitario imponibile IVA esclusa; per assortimenti e disponibilità contattare il commerciale.";8.42;https://www.asforniture.it/prodotti/maxiquaderno-teen-girl-v2-1-rigo-blasetti--AF-QUAD-maxiquaderno-teen-girl-v2-1rigo-blasetti;https://odmultimedia.eu/immagini/MD/104335.jpg;Blasetti;Cancelleria > Quaderni;0.00;1;22
AF-QUAD-quaderno-colors-a5-spiralato-1rigo-bm;Quaderno Colors A5 Spiralato (1 rigo) - BM;"Quaderno Colors A5 Spiralato (1 rigo) - BM: articolo da cancelleria (BM). Formato e rigatura come da descrizione. Prezzo unitario imponibile IVA esclusa; per assortimenti e disponibilità contattare il commerciale.";4.64;https://www.asforniture.it/prodotti/quaderno-colors-a5-spiralato-1-rigo-bm--AF-QUAD-quaderno-colors-a5-spiralato-1rigo-bm;https://odmultimedia.eu/immagini/MD/71199.jpg;BM;Cancelleria > Quaderni;0.00;1;22
AF-QUAD-quaderno-colors-a5-spiralato-5mm-bm;Quaderno Colors A5 Spiralato (5mm) - BM;"Quaderno Colors A5 Spiralato (5mm) - BM: articolo da cancelleria (BM). Formato e rigatura come da descrizione. Prezzo unitario imponibile IVA esclusa; per assortimenti e disponibilità contattare il commerciale.";4.64;https://www.asforniture.it/prodotti/quaderno-colors-a5-spiralato-5mm-bm--AF-QUAD-quaderno-colors-a5-spiralato-5mm-bm;https://odmultimedia.eu/immagini/MD/71197.jpg;BM;Cancelleria > Quaderni;0.00;1;22
AF-QUAD-quaderno-crush-a5-1rigo-favini;Quaderno Crush A5 (1 rigo) - Favini;"Quaderno Crush A5 (1 rigo) - Favini: articolo da cancelleria (Favini). Formato e rigatura come da descrizione. Prezzo unitario imponibile IVA esclusa; per assortimenti e disponibilità contattare il commerciale.";4.27;https://www.asforniture.it/prodotti/quaderno-crush-a5-1-rigo-favini--AF-QUAD-quaderno-crush-a5-1rigo-favini;https://odmultimedia.eu/immagini/MD/100772.jpg;Favini;Cancelleria > Quaderni;0.00;1;22
AF-QUAD-quaderno-monocromo-a5-1rigo-margine-pigna;Quaderno Monocromo A5 (1 rigo c/margine) - Pigna;"Quaderno Monocromo A5 (1 rigo c/margine) - Pigna: articolo da cancelleria (Pigna). Formato e rigatura come da descrizione. Prezzo unitario imponibile IVA esclusa; per assortimenti e disponibilità contattare il commerciale.";3.54;https://www.asforniture.it/prodotti/quaderno-monocromo-a5-1-rigo-c-margine-pigna--AF-QUAD-quaderno-monocromo-a5-1rigo-margine-pigna;https://odmultimedia.eu/immagini/MD/28908.jpg;Pigna;Cancelleria > Quaderni;0.00;1;22
AF-QUAD-quaderno-monocromo-a5-4mm-pigna;Quaderno Monocromo A5 (4mm) - Pigna;"Quaderno Monocromo A5 (4mm) - Pigna: articolo da cancelleria (Pigna). Formato e rigatura come da descrizione. Prezzo unitario imponibile IVA esclusa; per assortimenti e disponibilità contattare il commerciale.";3.54;https://www.asforniture.it/prodotti/quaderno-monocromo-a5-4mm-pigna--AF-QUAD-quaderno-monocromo-a5-4mm-pigna;https://odmultimedia.eu/immagini/MD/28912.jpg;Pigna;Cancelleria > Quaderni;0.00;1;22
AF-QUAD-quaderno-monocromo-a5-5mm-pigna;Quaderno Monocromo A5 (5mm) - Pigna;"Quaderno Monocromo A5 (5mm) - Pigna: articolo da cancelleria (Pigna). Formato e rigatura come da descrizione. Prezzo unitario imponibile IVA esclusa; per assortimenti e disponibilità contattare il commerciale.";3.54;https://www.asforniture.it/prodotti/quaderno-monocromo-a5-5mm-pigna--AF-QUAD-quaderno-monocromo-a5-5mm-pigna;https://odmultimedia.eu/immagini/MD/28913.jpg;Pigna;Cancelleria > Quaderni;0.00;1;22
AF-QUAD-quaderno-monocromo-a5-spiralato-4-f7d398f8;Quaderno Monocromo A5 Spiralato (4mm s/fori) - Pigna;"Quaderno Monocromo A5 Spiralato (4mm s/fori) - Pigna: articolo da cancelleria (Pigna). Formato e rigatura come da descrizione. Prezzo unitario imponibile IVA esclusa; per assortimenti e disponibilità contattare il commerciale.";4.76;https://www.asforniture.it/prodotti/quaderno-monocromo-a5-spiralato-4mm-s-fori-pigna--AF-QUAD-quaderno-monocromo-a5-spiralato-4mm-sfori-pigna;https://odmultimedia.eu/immagini/MD/97624.jpg;Pigna;Cancelleria > Quaderni;0.00;1;22
AF-QUAD-quaderno-monocromo-a5-spiralato-5-1f7424a6;Quaderno Monocromo A5 Spiralato (5mm c/fori) - Pigna;"Quaderno Monocromo A5 Spiralato (5mm c/fori) - Pigna: articolo da cancelleria (Pigna). Formato e rigatura come da descrizione. Prezzo unitario imponibile IVA esclusa; per assortimenti e disponibilità contattare il commerciale.";4.76;https://www.asforniture.it/prodotti/quaderno-monocromo-a5-spiralato-5mm-c-fori-pigna--AF-QUAD-quaderno-monocromo-a5-spiralato-5mm-fori-pigna;https://odmultimedia.eu/immagini/MD/55732.jpg;Pigna;Cancelleria > Quaderni;0.00;1;22
AF-QUAD-quaderno-nature-flowers-a5-1rigo-pigna;Quaderno Nature Flowers A5 (1 rigo) - Pigna;"Quaderno Nature Flowers A5 (1 rigo) - Pigna: articolo da cancelleria (Pigna). Formato e rigatura come da descrizione. Prezzo unitario imponibile IVA esclusa; per assortimenti e disponibilità contattare il commerciale.";3.90;https://www.asforniture.it/prodotti/quaderno-nature-flowers-a5-1-rigo-pigna--AF-QUAD-quaderno-nature-flowers-a5-1rigo-pigna;https://odmultimedia.eu/immagini/MD/97641.jpg;Pigna;Cancelleria > Quaderni;0.00;1;22
AF-QUAD-quaderno-nature-flowers-a5-5mm-pigna;Quaderno Nature Flowers A5 (5mm) - Pigna;"Quaderno Nature Flowers A5 (5mm) - Pigna: articolo da cancelleria (Pigna). Formato e rigatura come da descrizione. Prezzo unitario imponibile IVA esclusa; per assortimenti e disponibilità contattare il commerciale.";3.90;https://www.asforniture.it/prodotti/quaderno-nature-flowers-a5-5mm-pigna--AF-QUAD-quaderno-nature-flowers-a5-5mm-pigna;https://odmultimedia.eu/immagini/MD/97642.jpg;Pigna;Cancelleria > Quaderni;0.00;1;22
AF-QUAD-quaderno-one-color-a5plus-spirala-7482b652;Quaderno One Color A5+ Spiralato (1 rigo) - Blasetti;"Quaderno One Color A5+ Spiralato (1 rigo) - Blasetti: articolo da cancelleria (Blasetti). Formato e rigatura come da descrizione. Prezzo unitario imponibile IVA esclusa; per assortimenti e disponibilità contattare il commerciale.";5.12;https://www.asforniture.it/prodotti/quaderno-one-color-a5-spiralato-1-rigo-blasetti--AF-QUAD-quaderno-one-color-a5plus-spiralato-1rigo-blasetti;https://odmultimedia.eu/immagini/MD/59613.jpg;Blasetti;Cancelleria > Quaderni;0.00;1;22
AF-QUAD-raccoglitore-4r-a4-15mm-colorosa;Raccoglitore 4R A4 (15mm) - Colorosa;"Raccoglitore 4R A4 (15mm) - Colorosa: articolo da cancelleria (Colorosa). Formato e rigatura come da descrizione. Prezzo unitario imponibile IVA esclusa; per assortimenti e disponibilità contattare il commerciale.";6.71;https://www.asforniture.it/prodotti/raccoglitore-4r-a4-15mm-colorosa--AF-QUAD-raccoglitore-4r-a4-15mm-colorosa;https://odmultimedia.eu/immagini/MD/89358.jpg;Colorosa;Cancelleria > Quaderni;0.00;1;22
AF-QUAD-raccoglitore-4r-a4-30mm-colorosa;Raccoglitore 4R A4 (30mm) - Colorosa;"Raccoglitore 4R A4 (30mm) - Colorosa: articolo da cancelleria (Colorosa). Formato e rigatura come da descrizione. Prezzo unitario imponibile IVA esclusa; per assortimenti e disponibilità contattare il commerciale.";8.42;https://www.asforniture.it/prodotti/raccoglitore-4r-a4-30mm-colorosa--AF-QUAD-raccoglitore-4r-a4-30mm-colorosa;https://odmultimedia.eu/immagini/MD/89359.jpg;Colorosa;Cancelleria > Quaderni;0.00;1;22
AF-QUAD-rubrica-cartonato-a5-48f-blasetti;Rubrica cartonato A5 (48 fogli) - Blasetti;"Rubrica cartonato A5 (48 fogli) - Blasetti: articolo da cancelleria (Blasetti). Formato e rigatura come da descrizione. Prezzo unitario imponibile IVA esclusa; per assortimenti e disponibilità contattare il commerciale.";6.71;https://www.asforniture.it/prodotti/rubrica-cartonato-a5-48-fogli-blasetti--AF-QUAD-rubrica-cartonato-a5-48f-blasetti;https://odmultimedia.eu/immagini/MD/45071.jpg;Blasetti;Cancelleria > Quaderni;0.00;1;22
AF-QUAD-rubrica-cartonato-a5-96f-blasetti;Rubrica cartonato A5 (96 fogli) - Blasetti;"Rubrica cartonato A5 (96 fogli) - Blasetti: articolo da cancelleria (Blasetti). Formato e rigatura come da descrizione. Prezzo unitario imponibile IVA esclusa; per assortimenti e disponibilità contattare il commerciale.";10.86;https://www.asforniture.it/prodotti/rubrica-cartonato-a5-96-fogli-blasetti--AF-QUAD-rubrica-cartonato-a5-96f-blasetti;https://odmultimedia.eu/immagini/MD/45073.jpg;Blasetti;Cancelleria > Quaderni;0.00;1;22
AF-SACBOLL-BLASETTI;Busta imbottita Sacboll - Blasetti (conf. 10 pezzi);Busta imbottita Sacboll Blasetti in carta FSC avana con imbottitura a bolle d’aria e chiusura a strip adesiva. Ideale per spedizioni di oggetti fragili. Scegli il formato: ogni confezione contiene 10 pezzi.;2.03;https://www.asforniture.it/prodotti/busta-imbottita-sacboll-blasetti-conf-10-pezzi--AF-SACBOLL-BLASETTI;https://www.asforniture.it/images/sacboll/sacboll-a.jpg;Blasetti;Cancelleria > Buste;0.00;1;22
AF-TIMBRO-AZIENDE;Timbro per Aziende e Farmacie;Timbro autoinchiostrante professionale ideale per aziende, professionisti, farmacie e studi medici. Personalizzabile con ragione sociale, P.IVA e dati aziendali.;15.74;https://www.asforniture.it/prodotti/timbro-per-aziende-e-farmacie--AF-TIMBRO-AZIENDE;https://www.asforniture.it/timbri.jpg;TRODAT / COLOP;Cancelleria > Timbri;0.00;1;22
AF-TONER-brother-dr1050;Brother - Tamburo - Nero - DR1050- 10000 pag;"Brother - Tamburo - Nero - DR1050- 10000 pag: consumabile originale o da catalogo (Brother), indicato per stampanti e multifunzione compatibili. Resa in pagine e colorazione secondo dichiarazioni del produttore. Prezzo unitario imponibile IVA esclusa; verificare sempre la compatibilità con il proprio modello prima dell'ordine.";115.90;https://www.asforniture.it/prodotti/brother-tamburo-nero-dr1050-10000-pag--AF-TONER-brother-dr1050;https://odmultimedia.eu/immagini/MD/BRODR1050.jpg;Brother;Cartucce & Toner;0.00;1;22
AF-TONER-brother-tn1050;Brother - Toner - Nero - TN1050 - 1000 pag;"Brother - Toner - Nero - TN1050 - 1000 pag: consumabile originale o da catalogo (Brother), indicato per stampanti e multifunzione compatibili. Resa in pagine e colorazione secondo dichiarazioni del produttore. Prezzo unitario imponibile IVA esclusa; verificare sempre la compatibilità con il proprio modello prima dell'ordine.";54.78;https://www.asforniture.it/prodotti/brother-toner-nero-tn1050-1000-pag--AF-TONER-brother-tn1050;https://odmultimedia.eu/immagini/MD/BROTN1050.jpg;Brother;Cartucce & Toner;0.00;1;22
AF-TONER-brother-tn2420;Brother - Toner - Nero - TN2420 - 3000 pag;"Brother - Toner - Nero - TN2420 - 3000 pag: consumabile originale o da catalogo (Brother), indicato per stampanti e multifunzione compatibili. Resa in pagine e colorazione secondo dichiarazioni del produttore. Prezzo unitario imponibile IVA esclusa; verificare sempre la compatibilità con il proprio modello prima dell'ordine.";87.84;https://www.asforniture.it/prodotti/brother-toner-nero-tn2420-3000-pag--AF-TONER-brother-tn2420;https://odmultimedia.eu/immagini/MD/BROTN2420.jpg;Brother;Cartucce & Toner;0.00;1;22
AF-TONER-brother-tn243bk;Brother - Toner - Nero - TN243BK - 1000 pag;"Brother - Toner - Nero - TN243BK - 1000 pag: consumabile originale o da catalogo (Brother), indicato per stampanti e multifunzione compatibili. Resa in pagine e colorazione secondo dichiarazioni del produttore. Prezzo unitario imponibile IVA esclusa; verificare sempre la compatibilità con il proprio modello prima dell'ordine.";60.88;https://www.asforniture.it/prodotti/brother-toner-nero-tn243bk-1000-pag--AF-TONER-brother-tn243bk;https://odmultimedia.eu/immagini/LD/BROTN243BK.jpg;Brother;Cartucce & Toner;0.00;1;22
AF-TONER-brother-tn2510;Brother originale - Toner - Nero - TN2510 - 1.200 pag;"Brother originale - Toner - Nero - TN2510 - 1.200 pag: consumabile originale o da catalogo (Brother), indicato per stampanti e multifunzione compatibili. Resa in pagine e colorazione secondo dichiarazioni del produttore. Prezzo unitario imponibile IVA esclusa; verificare sempre la compatibilità con il proprio modello prima dell'ordine.";78.69;https://www.asforniture.it/prodotti/brother-originale-toner-nero-tn2510-1-200-pag--AF-TONER-brother-tn2510;https://odmultimedia.eu/immagini/MD/BROTN2510.jpg;Brother;Cartucce & Toner;0.00;1;22
AF-TONER-epson-c13t05g14010;Epson - Cartuccia ink - 405 - Nero - C13T05G14010 - 300 pag;"Epson - Cartuccia ink - 405 - Nero - C13T05G14010 - 300 pag: consumabile originale o da catalogo (Epson), indicato per stampanti e multifunzione compatibili. Resa in pagine e colorazione secondo dichiarazioni del produttore. Prezzo unitario imponibile IVA esclusa; verificare sempre la compatibilità con il proprio modello prima dell'ordine.";39.04;https://www.asforniture.it/prodotti/epson-cartuccia-ink-405-nero-c13t05g14010-300-pag--AF-TONER-epson-c13t05g14010;https://odmultimedia.eu/immagini/MD/EPST05G14010.jpg;Epson;Cartucce & Toner;0.00;1;22
AF-TONER-epson-c13t05g24010;Epson - Cartuccia ink - 405 - Ciano - C13T05G24010 - 300 pag;"Epson - Cartuccia ink - 405 - Ciano - C13T05G24010 - 300 pag: consumabile originale o da catalogo (Epson), indicato per stampanti e multifunzione compatibili. Resa in pagine e colorazione secondo dichiarazioni del produttore. Prezzo unitario imponibile IVA esclusa; verificare sempre la compatibilità con il proprio modello prima dell'ordine.";34.16;https://www.asforniture.it/prodotti/epson-cartuccia-ink-405-ciano-c13t05g24010-300-pag--AF-TONER-epson-c13t05g24010;https://odmultimedia.eu/immagini/MD/EPST05G24010.jpg;Epson;Cartucce & Toner;0.00;1;22
AF-TONER-epson-c13t05g34010;Epson - Cartuccia ink - 405 - Magenta - C13T05G34010 - 300 pag;"Epson - Cartuccia ink - 405 - Magenta - C13T05G34010 - 300 pag: consumabile originale o da catalogo (Epson), indicato per stampanti e multifunzione compatibili. Resa in pagine e colorazione secondo dichiarazioni del produttore. Prezzo unitario imponibile IVA esclusa; verificare sempre la compatibilità con il proprio modello prima dell'ordine.";34.16;https://www.asforniture.it/prodotti/epson-cartuccia-ink-405-magenta-c13t05g34010-300-pag--AF-TONER-epson-c13t05g34010;https://odmultimedia.eu/immagini/MD/EPST05G34010.jpg;Epson;Cartucce & Toner;0.00;1;22
AF-TONER-epson-c13t05g44010;Epson - Cartuccia ink - 405 - giallo - C13T05G44010 - 300 pag;"Epson - Cartuccia ink - 405 - giallo - C13T05G44010 - 300 pag: consumabile originale o da catalogo (Epson), indicato per stampanti e multifunzione compatibili. Resa in pagine e colorazione secondo dichiarazioni del produttore. Prezzo unitario imponibile IVA esclusa; verificare sempre la compatibilità con il proprio modello prima dell'ordine.";34.16;https://www.asforniture.it/prodotti/epson-cartuccia-ink-405-giallo-c13t05g44010-300-pag--AF-TONER-epson-c13t05g44010;https://odmultimedia.eu/immagini/MD/EPST05G44010.jpg;Epson;Cartucce & Toner;0.00;1;22
AF-TONER-epson-c13t05g64010;Epson - Cartuccia Multipack DURABriteUltra 405 - BK/C/M/Y - C13T05G64010;"Epson - Cartuccia Multipack DURABriteUltra 405 - BK/C/M/Y - C13T05G64010: consumabile originale o da catalogo (Epson), indicato per stampanti e multifunzione compatibili. Resa in pagine e colorazione secondo dichiarazioni del produttore. Prezzo unitario imponibile IVA esclusa; verificare sempre la compatibilità con il proprio modello prima dell'ordine.";108.58;https://www.asforniture.it/prodotti/epson-cartuccia-multipack-durabriteultra-405-bk-c-m-y-c13t05g64010--AF-TONER-epson-c13t05g64010;https://odmultimedia.eu/immagini/MD/epst05g64010.jpg;Epson;Cartucce & Toner;0.00;1;22
AF-TONER-epson-c13t16214012;Epson - Cartuccia ink - 16 - Nero - C13T16214012 - 5,4ml;"Epson - Cartuccia ink - 16 - Nero - C13T16214012 - 5,4ml: consumabile originale o da catalogo (Epson), indicato per stampanti e multifunzione compatibili. Resa in pagine e colorazione secondo dichiarazioni del produttore. Prezzo unitario imponibile IVA esclusa; verificare sempre la compatibilità con il proprio modello prima dell'ordine.";27.45;https://www.asforniture.it/prodotti/epson-cartuccia-ink-16-nero-c13t16214012-5-4ml--AF-TONER-epson-c13t16214012;https://odmultimedia.eu/immagini/MD/EPST16214012.jpg;Epson;Cartucce & Toner;0.00;1;22
AF-TONER-epson-c13t16224012;Epson - Cartuccia ink - 16 - Ciano - C13T16224012 - 3,1ml;"Epson - Cartuccia ink - 16 - Ciano - C13T16224012 - 3,1ml: consumabile originale o da catalogo (Epson), indicato per stampanti e multifunzione compatibili. Resa in pagine e colorazione secondo dichiarazioni del produttore. Prezzo unitario imponibile IVA esclusa; verificare sempre la compatibilità con il proprio modello prima dell'ordine.";23.06;https://www.asforniture.it/prodotti/epson-cartuccia-ink-16-ciano-c13t16224012-3-1ml--AF-TONER-epson-c13t16224012;https://odmultimedia.eu/immagini/MD/EPST16224012.jpg;Epson;Cartucce & Toner;0.00;1;22
AF-TONER-epson-c13t16234012;Epson - Cartuccia ink - 16 - Magenta - C13T16234012 - 3,1ml;"Epson - Cartuccia ink - 16 - Magenta - C13T16234012 - 3,1ml: consumabile originale o da catalogo (Epson), indicato per stampanti e multifunzione compatibili. Resa in pagine e colorazione secondo dichiarazioni del produttore. Prezzo unitario imponibile IVA esclusa; verificare sempre la compatibilità con il proprio modello prima dell'ordine.";23.06;https://www.asforniture.it/prodotti/epson-cartuccia-ink-16-magenta-c13t16234012-3-1ml--AF-TONER-epson-c13t16234012;https://odmultimedia.eu/immagini/MD/EPST16234012.jpg;Epson;Cartucce & Toner;0.00;1;22
AF-TONER-epson-c13t16244012;Epson - Cartuccia ink - 16 - Giallo - C13T16244012 - 3,1ml;"Epson - Cartuccia ink - 16 - Giallo - C13T16244012 - 3,1ml: consumabile originale o da catalogo (Epson), indicato per stampanti e multifunzione compatibili. Resa in pagine e colorazione secondo dichiarazioni del produttore. Prezzo unitario imponibile IVA esclusa; verificare sempre la compatibilità con il proprio modello prima dell'ordine.";23.06;https://www.asforniture.it/prodotti/epson-cartuccia-ink-16-giallo-c13t16244012-3-1ml--AF-TONER-epson-c13t16244012;https://odmultimedia.eu/immagini/MD/EPST16244012.jpg;Epson;Cartucce & Toner;0.00;1;22
AF-TONER-epson-c13t16264012;Epson - Multipack Cartuccia ink - 16 - C/M/Y/K - C13T16264012;"Epson - Multipack Cartuccia ink - 16 - C/M/Y/K - C13T16264012: consumabile originale o da catalogo (Epson), indicato per stampanti e multifunzione compatibili. Resa in pagine e colorazione secondo dichiarazioni del produttore. Prezzo unitario imponibile IVA esclusa; verificare sempre la compatibilità con il proprio modello prima dell'ordine.";73.08;https://www.asforniture.it/prodotti/epson-multipack-cartuccia-ink-16-c-m-y-k-c13t16264012--AF-TONER-epson-c13t16264012;https://odmultimedia.eu/immagini/MD/EPST16264012.jpg;Epson;Cartucce & Toner;0.00;1;22
AF-TONER-epson-c13t29814012;Epson - Cartuccia ink - 29 - Nero - C13T29814012 - 5,3ml;"Epson - Cartuccia ink - 29 - Nero - C13T29814012 - 5,3ml: consumabile originale o da catalogo (Epson), indicato per stampanti e multifunzione compatibili. Resa in pagine e colorazione secondo dichiarazioni del produttore. Prezzo unitario imponibile IVA esclusa; verificare sempre la compatibilità con il proprio modello prima dell'ordine.";29.28;https://www.asforniture.it/prodotti/epson-cartuccia-ink-29-nero-c13t29814012-5-3ml--AF-TONER-epson-c13t29814012;https://odmultimedia.eu/immagini/MD/EPST29814012.jpg;Epson;Cartucce & Toner;0.00;1;22
AF-TONER-epson-c13t29824012;Epson - Cartuccia ink - 29 - Ciano - C13T29824012 - 3,2ml;"Epson - Cartuccia ink - 29 - Ciano - C13T29824012 - 3,2ml: consumabile originale o da catalogo (Epson), indicato per stampanti e multifunzione compatibili. Resa in pagine e colorazione secondo dichiarazioni del produttore. Prezzo unitario imponibile IVA esclusa; verificare sempre la compatibilità con il proprio modello prima dell'ordine.";23.79;https://www.asforniture.it/prodotti/epson-cartuccia-ink-29-ciano-c13t29824012-3-2ml--AF-TONER-epson-c13t29824012;https://odmultimedia.eu/immagini/MD/EPST29824012.jpg;Epson;Cartucce & Toner;0.00;1;22
AF-TONER-epson-c13t29834012;Epson - Cartuccia ink - 29 - Magenta - C13T29834012 - 3,2ml;"Epson - Cartuccia ink - 29 - Magenta - C13T29834012 - 3,2ml: consumabile originale o da catalogo (Epson), indicato per stampanti e multifunzione compatibili. Resa in pagine e colorazione secondo dichiarazioni del produttore. Prezzo unitario imponibile IVA esclusa; verificare sempre la compatibilità con il proprio modello prima dell'ordine.";23.79;https://www.asforniture.it/prodotti/epson-cartuccia-ink-29-magenta-c13t29834012-3-2ml--AF-TONER-epson-c13t29834012;https://odmultimedia.eu/immagini/MD/EPST29834012.jpg;Epson;Cartucce & Toner;0.00;1;22
AF-TONER-epson-c13t29844012;Epson - Cartuccia ink - 29 - Giallo - C13T29844012 - 3,2ml;"Epson - Cartuccia ink - 29 - Giallo - C13T29844012 - 3,2ml: consumabile originale o da catalogo (Epson), indicato per stampanti e multifunzione compatibili. Resa in pagine e colorazione secondo dichiarazioni del produttore. Prezzo unitario imponibile IVA esclusa; verificare sempre la compatibilità con il proprio modello prima dell'ordine.";23.79;https://www.asforniture.it/prodotti/epson-cartuccia-ink-29-giallo-c13t29844012-3-2ml--AF-TONER-epson-c13t29844012;https://odmultimedia.eu/immagini/MD/EPST29844012.jpg;Epson;Cartucce & Toner;0.00;1;22
AF-TONER-epson-c13t29864012;Epson - Confezioni cartucce ink - 29 - C/M/Y/K - C13T29864012;"Epson - Confezioni cartucce ink - 29 - C/M/Y/K - C13T29864012: consumabile originale o da catalogo (Epson), indicato per stampanti e multifunzione compatibili. Resa in pagine e colorazione secondo dichiarazioni del produttore. Prezzo unitario imponibile IVA esclusa; verificare sempre la compatibilità con il proprio modello prima dell'ordine.";79.18;https://www.asforniture.it/prodotti/epson-confezioni-cartucce-ink-29-c-m-y-k-c13t29864012--AF-TONER-epson-c13t29864012;https://odmultimedia.eu/immagini/MD/EPST29864012.jpg;Epson;Cartucce & Toner;0.00;1;22
AF-TONER-hp-3ym60ae;Hp - Cartuccia Ink originale - 305 - C/M/Y - 3YM60AE - 100 pag;"Hp - Cartuccia Ink originale - 305 - C/M/Y - 3YM60AE - 100 pag: consumabile originale o da catalogo (HP), indicato per stampanti e multifunzione compatibili. Resa in pagine e colorazione secondo dichiarazioni del produttore. Prezzo unitario imponibile IVA esclusa; verificare sempre la compatibilità con il proprio modello prima dell'ordine.";39.04;https://www.asforniture.it/prodotti/hp-cartuccia-ink-originale-305-c-m-y-3ym60ae-100-pag--AF-TONER-hp-3ym60ae;https://odmultimedia.eu/immagini/MD/HP3YM60AE.jpg;HP;Cartucce & Toner;0.00;1;22
AF-TONER-hp-3ym61ae;Hp - Cartuccia Ink originale - 305 - Nero - 3YM61AE - 120 pag;"Hp - Cartuccia Ink originale - 305 - Nero - 3YM61AE - 120 pag: consumabile originale o da catalogo (HP), indicato per stampanti e multifunzione compatibili. Resa in pagine e colorazione secondo dichiarazioni del produttore. Prezzo unitario imponibile IVA esclusa; verificare sempre la compatibilità con il proprio modello prima dell'ordine.";27.45;https://www.asforniture.it/prodotti/hp-cartuccia-ink-originale-305-nero-3ym61ae-120-pag--AF-TONER-hp-3ym61ae;https://odmultimedia.eu/immagini/MD/HP3YM61AE.jpg;HP;Cartucce & Toner;0.00;1;22
AF-TONER-hp-3ym62ae;Hp - Cartuccia Ink originale- 305XL - Nero - 3YM62AE - 240 pag;"Hp - Cartuccia Ink originale- 305XL - Nero - 3YM62AE - 240 pag: consumabile originale o da catalogo (HP), indicato per stampanti e multifunzione compatibili. Resa in pagine e colorazione secondo dichiarazioni del produttore. Prezzo unitario imponibile IVA esclusa; verificare sempre la compatibilità con il proprio modello prima dell'ordine.";46.36;https://www.asforniture.it/prodotti/hp-cartuccia-ink-originale-305xl-nero-3ym62ae-240-pag--AF-TONER-hp-3ym62ae;https://odmultimedia.eu/immagini/MD/HP3YM62AE.jpg;HP;Cartucce & Toner;0.00;1;22
AF-TONER-hp-3ym63ae;Hp - Cartuccia Ink originale - 305XL - C/M/Y - 3YM63AE - 200 pag;"Hp - Cartuccia Ink originale - 305XL - C/M/Y - 3YM63AE - 200 pag: consumabile originale o da catalogo (HP), indicato per stampanti e multifunzione compatibili. Resa in pagine e colorazione secondo dichiarazioni del produttore. Prezzo unitario imponibile IVA esclusa; verificare sempre la compatibilità con il proprio modello prima dell'ordine.";58.56;https://www.asforniture.it/prodotti/hp-cartuccia-ink-originale-305xl-c-m-y-3ym63ae-200-pag--AF-TONER-hp-3ym63ae;https://odmultimedia.eu/immagini/MD/HP3YM63AE.jpg;HP;Cartucce & Toner;0.00;1;22
AF-TONER-hp-6zd17ae;Hp - conf. combo 2 toner originale - 305 - C/M/Y/K - 6ZD17AE;"Hp - conf. combo 2 toner originale - 305 - C/M/Y/K - 6ZD17AE: consumabile originale o da catalogo (HP), indicato per stampanti e multifunzione compatibili. Resa in pagine e colorazione secondo dichiarazioni del produttore. Prezzo unitario imponibile IVA esclusa; verificare sempre la compatibilità con il proprio modello prima dell'ordine.";474.58;https://www.asforniture.it/prodotti/hp-conf-combo-2-toner-originale-305-c-m-y-k-6zd17ae--AF-TONER-hp-6zd17ae;https://odmultimedia.eu/immagini/MD/HP6ZD17AE.jpg;HP;Cartucce & Toner;0.00;1;22
AF-TONER-hp-cc530a;Hp - Toner originale - 304A - Nero - CC530A - 3.500 pag;"Hp - Toner originale - 304A - Nero - CC530A - 3.500 pag: consumabile originale o da catalogo (HP), indicato per stampanti e multifunzione compatibili. Resa in pagine e colorazione secondo dichiarazioni del produttore. Prezzo unitario imponibile IVA esclusa; verificare sempre la compatibilità con il proprio modello prima dell'ordine.";119.56;https://www.asforniture.it/prodotti/hp-toner-originale-304a-nero-cc530a-3-500-pag--AF-TONER-hp-cc530a;https://odmultimedia.eu/immagini/MD/HPCC530A.jpg;HP;Cartucce & Toner;0.00;1;22
AF-TONER-hp-cc531a;Hp - Toner originale - 304A - Ciano - CC531A - 2.800 pag;"Hp - Toner originale - 304A - Ciano - CC531A - 2.800 pag: consumabile originale o da catalogo (HP), indicato per stampanti e multifunzione compatibili. Resa in pagine e colorazione secondo dichiarazioni del produttore. Prezzo unitario imponibile IVA esclusa; verificare sempre la compatibilità con il proprio modello prima dell'ordine.";213.50;https://www.asforniture.it/prodotti/hp-toner-originale-304a-ciano-cc531a-2-800-pag--AF-TONER-hp-cc531a;https://odmultimedia.eu/immagini/MD/HPCC531A.jpg;HP;Cartucce & Toner;0.00;1;22
AF-TONER-hp-cc532a;Hp - Toner originale - 304A - Giallo - CC532A - 2.800 pag;"Hp - Toner originale - 304A - Giallo - CC532A - 2.800 pag: consumabile originale o da catalogo (HP), indicato per stampanti e multifunzione compatibili. Resa in pagine e colorazione secondo dichiarazioni del produttore. Prezzo unitario imponibile IVA esclusa; verificare sempre la compatibilità con il proprio modello prima dell'ordine.";213.50;https://www.asforniture.it/prodotti/hp-toner-originale-304a-giallo-cc532a-2-800-pag--AF-TONER-hp-cc532a;https://odmultimedia.eu/immagini/MD/HPCC532A.jpg;HP;Cartucce & Toner;0.00;1;22
AF-TONER-hp-cc533a;Hp - Toner originale - 304A - Magenta - CC533A - 2.800 pag;"Hp - Toner originale - 304A - Magenta - CC533A - 2.800 pag: consumabile originale o da catalogo (HP), indicato per stampanti e multifunzione compatibili. Resa in pagine e colorazione secondo dichiarazioni del produttore. Prezzo unitario imponibile IVA esclusa; verificare sempre la compatibilità con il proprio modello prima dell'ordine.";213.50;https://www.asforniture.it/prodotti/hp-toner-originale-304a-magenta-cc533a-2-800-pag--AF-TONER-hp-cc533a;https://odmultimedia.eu/immagini/MD/HPCC533A.jpg;HP;Cartucce & Toner;0.00;1;22
AF-TONER-hp-ce410a;Hp - Toner originale - 305A - Nero - CE410A - 2.090 pag;"Hp - Toner originale - 305A - Nero - CE410A - 2.090 pag: consumabile originale o da catalogo (HP), indicato per stampanti e multifunzione compatibili. Resa in pagine e colorazione secondo dichiarazioni del produttore. Prezzo unitario imponibile IVA esclusa; verificare sempre la compatibilità con il proprio modello prima dell'ordine.";115.90;https://www.asforniture.it/prodotti/hp-toner-originale-305a-nero-ce410a-2-090-pag--AF-TONER-hp-ce410a;https://odmultimedia.eu/immagini/MD/HPCE410A.jpg;HP;Cartucce & Toner;0.00;1;22
AF-TONER-hp-ce411a;Hp - Toner originale - 305A - Ciano - CE411A - 2.600 pag;"Hp - Toner originale - 305A - Ciano - CE411A - 2.600 pag: consumabile originale o da catalogo (HP), indicato per stampanti e multifunzione compatibili. Resa in pagine e colorazione secondo dichiarazioni del produttore. Prezzo unitario imponibile IVA esclusa; verificare sempre la compatibilità con il proprio modello prima dell'ordine.";230.58;https://www.asforniture.it/prodotti/hp-toner-originale-305a-ciano-ce411a-2-600-pag--AF-TONER-hp-ce411a;https://odmultimedia.eu/immagini/MD/HPCE411A.jpg;HP;Cartucce & Toner;0.00;1;22
AF-TONER-hp-ce412a;Hp - Toner originale - 305A - Giallo - CE412A - 2.600 pag;"Hp - Toner originale - 305A - Giallo - CE412A - 2.600 pag: consumabile originale o da catalogo (HP), indicato per stampanti e multifunzione compatibili. Resa in pagine e colorazione secondo dichiarazioni del produttore. Prezzo unitario imponibile IVA esclusa; verificare sempre la compatibilità con il proprio modello prima dell'ordine.";230.58;https://www.asforniture.it/prodotti/hp-toner-originale-305a-giallo-ce412a-2-600-pag--AF-TONER-hp-ce412a;https://odmultimedia.eu/immagini/MD/HPCE412A.jpg;HP;Cartucce & Toner;0.00;1;22
AF-TONER-hp-ce413a;Hp - Toner originale - 305A - Magenta - CE413A - 2.600 pag;"Hp - Toner originale - 305A - Magenta - CE413A - 2.600 pag: consumabile originale o da catalogo (HP), indicato per stampanti e multifunzione compatibili. Resa in pagine e colorazione secondo dichiarazioni del produttore. Prezzo unitario imponibile IVA esclusa; verificare sempre la compatibilità con il proprio modello prima dell'ordine.";230.58;https://www.asforniture.it/prodotti/hp-toner-originale-305a-magenta-ce413a-2-600-pag--AF-TONER-hp-ce413a;https://odmultimedia.eu/immagini/MD/HPCE413A.jpg;HP;Cartucce & Toner;0.00;1;22
AF-TONER-hp-cf244a;Hp - Toner originale - 44A - Nero - CF244A - 1.000 pag;"Hp - Toner originale - 44A - Nero - CF244A - 1.000 pag: consumabile originale o da catalogo (HP), indicato per stampanti e multifunzione compatibili. Resa in pagine e colorazione secondo dichiarazioni del produttore. Prezzo unitario imponibile IVA esclusa; verificare sempre la compatibilità con il proprio modello prima dell'ordine.";75.64;https://www.asforniture.it/prodotti/hp-toner-originale-44a-nero-cf244a-1-000-pag--AF-TONER-hp-cf244a;https://odmultimedia.eu/immagini/MD/HPCF244A.jpg;HP;Cartucce & Toner;0.00;1;22
AF-TONER-hp-ch561ee;Hp - Cartuccia ink originale- 301 - Nero - CH561EE - 190 pag;"Hp - Cartuccia ink originale- 301 - Nero - CH561EE - 190 pag: consumabile originale o da catalogo (HP), indicato per stampanti e multifunzione compatibili. Resa in pagine e colorazione secondo dichiarazioni del produttore. Prezzo unitario imponibile IVA esclusa; verificare sempre la compatibilità con il proprio modello prima dell'ordine.";28.67;https://www.asforniture.it/prodotti/hp-cartuccia-ink-originale-301-nero-ch561ee-190-pag--AF-TONER-hp-ch561ee;https://odmultimedia.eu/immagini/MD/HPCH561EE.jpg;HP;Cartucce & Toner;0.00;1;22
AF-TONER-hp-ch562ee;Hp - Cartuccia ink originale - 301 - C/M/Y - CH562EE - 165 pag;"Hp - Cartuccia ink originale - 301 - C/M/Y - CH562EE - 165 pag: consumabile originale o da catalogo (HP), indicato per stampanti e multifunzione compatibili. Resa in pagine e colorazione secondo dichiarazioni del produttore. Prezzo unitario imponibile IVA esclusa; verificare sempre la compatibilità con il proprio modello prima dell'ordine.";39.65;https://www.asforniture.it/prodotti/hp-cartuccia-ink-originale-301-c-m-y-ch562ee-165-pag--AF-TONER-hp-ch562ee;https://odmultimedia.eu/immagini/MD/HPCH562EE.jpg;HP;Cartucce & Toner;0.00;1;22
AF-TONER-hp-ch563ee;Hp - Cartuccia ink originale - 301XL - Nero - CH563EE - 480 pag;"Hp - Cartuccia ink originale - 301XL - Nero - CH563EE - 480 pag: consumabile originale o da catalogo (HP), indicato per stampanti e multifunzione compatibili. Resa in pagine e colorazione secondo dichiarazioni del produttore. Prezzo unitario imponibile IVA esclusa; verificare sempre la compatibilità con il proprio modello prima dell'ordine.";43.92;https://www.asforniture.it/prodotti/hp-cartuccia-ink-originale-301xl-nero-ch563ee-480-pag--AF-TONER-hp-ch563ee;https://odmultimedia.eu/immagini/MD/HPCH563EE.jpg;HP;Cartucce & Toner;0.00;1;22
AF-TONER-hp-ch564ee;Hp - Cartuccia ink originale- 301XL - C/M/Y - CH564EE - 330 pag;"Hp - Cartuccia ink originale- 301XL - C/M/Y - CH564EE - 330 pag: consumabile originale o da catalogo (HP), indicato per stampanti e multifunzione compatibili. Resa in pagine e colorazione secondo dichiarazioni del produttore. Prezzo unitario imponibile IVA esclusa; verificare sempre la compatibilità con il proprio modello prima dell'ordine.";56.12;https://www.asforniture.it/prodotti/hp-cartuccia-ink-originale-301xl-c-m-y-ch564ee-330-pag--AF-TONER-hp-ch564ee;https://odmultimedia.eu/immagini/MD/HPCH564EE.jpg;HP;Cartucce & Toner;0.00;1;22
AF-TONER-hp-f6u65ae;Hp - Cartuccia ink originale - 302 - C/M/Y - F6U65AE - 165 pag;"Hp - Cartuccia ink originale - 302 - C/M/Y - F6U65AE - 165 pag: consumabile originale o da catalogo (HP), indicato per stampanti e multifunzione compatibili. Resa in pagine e colorazione secondo dichiarazioni del produttore. Prezzo unitario imponibile IVA esclusa; verificare sempre la compatibilità con il proprio modello prima dell'ordine.";41.48;https://www.asforniture.it/prodotti/hp-cartuccia-ink-originale-302-c-m-y-f6u65ae-165-pag--AF-TONER-hp-f6u65ae;https://odmultimedia.eu/immagini/MD/HPF6U65AE.jpg;HP;Cartucce & Toner;0.00;1;22
AF-TONER-hp-f6u66ae;Hp - Cartuccia ink originale - 302 - Nero - F6U66AE - 190 pag;"Hp - Cartuccia ink originale - 302 - Nero - F6U66AE - 190 pag: consumabile originale o da catalogo (HP), indicato per stampanti e multifunzione compatibili. Resa in pagine e colorazione secondo dichiarazioni del produttore. Prezzo unitario imponibile IVA esclusa; verificare sempre la compatibilità con il proprio modello prima dell'ordine.";29.89;https://www.asforniture.it/prodotti/hp-cartuccia-ink-originale-302-nero-f6u66ae-190-pag--AF-TONER-hp-f6u66ae;https://odmultimedia.eu/immagini/MD/HPF6U66AE.jpg;HP;Cartucce & Toner;0.00;1;22
AF-TONER-hp-w1106a;Hp - Toner originale - 106A - nero - W1106A - 1.000 pag;"Hp - Toner originale - 106A - nero - W1106A - 1.000 pag: consumabile originale o da catalogo (HP), indicato per stampanti e multifunzione compatibili. Resa in pagine e colorazione secondo dichiarazioni del produttore. Prezzo unitario imponibile IVA esclusa; verificare sempre la compatibilità con il proprio modello prima dell'ordine.";70.76;https://www.asforniture.it/prodotti/hp-toner-originale-106a-nero-w1106a-1-000-pag--AF-TONER-hp-w1106a;https://odmultimedia.eu/immagini/MD/HPW1106A.jpg;HP;Cartucce & Toner;0.00;1;22
AF-TONER-hp-w1350a;Hp - Toner originale - 135A - Nero - W1350A - 1.100 pag;"Hp - Toner originale - 135A - Nero - W1350A - 1.100 pag: consumabile originale o da catalogo (HP), indicato per stampanti e multifunzione compatibili. Resa in pagine e colorazione secondo dichiarazioni del produttore. Prezzo unitario imponibile IVA esclusa; verificare sempre la compatibilità con il proprio modello prima dell'ordine.";92.72;https://www.asforniture.it/prodotti/hp-toner-originale-135a-nero-w1350a-1-100-pag--AF-TONER-hp-w1350a;https://odmultimedia.eu/immagini/MD/HPW1350A.jpg;HP;Cartucce & Toner;0.00;1;22
AF-TONER-hp-w1350x;Hp - Toner originale - 135X - Nero - W1350X - 2.400 pag;"Hp - Toner originale - 135X - Nero - W1350X - 2.400 pag: consumabile originale o da catalogo (HP), indicato per stampanti e multifunzione compatibili. Resa in pagine e colorazione secondo dichiarazioni del produttore. Prezzo unitario imponibile IVA esclusa; verificare sempre la compatibilità con il proprio modello prima dell'ordine.";119.56;https://www.asforniture.it/prodotti/hp-toner-originale-135x-nero-w1350x-2-400-pag--AF-TONER-hp-w1350x;https://odmultimedia.eu/immagini/MD/HPW1350X.jpg;HP;Cartucce & Toner;0.00;1;22
AF-TONER-hp-w1420a;Hp - Cartuccia toner originale - nero - W1420A;"Hp - Cartuccia toner originale - nero - W1420A: consumabile originale o da catalogo (HP), indicato per stampanti e multifunzione compatibili. Resa in pagine e colorazione secondo dichiarazioni del produttore. Prezzo unitario imponibile IVA esclusa; verificare sempre la compatibilità con il proprio modello prima dell'ordine.";108.58;https://www.asforniture.it/prodotti/hp-cartuccia-toner-originale-nero-w1420a--AF-TONER-hp-w1420a;https://odmultimedia.eu/immagini/MD/HPW1420A.jpg;HP;Cartucce & Toner;0.00;1;22
AF-TONER-hp-w2070a;Hp - Toner originale - 117A - nero - W2070A - 1.000 pag;"Hp - Toner originale - 117A - nero - W2070A - 1.000 pag: consumabile originale o da catalogo (HP), indicato per stampanti e multifunzione compatibili. Resa in pagine e colorazione secondo dichiarazioni del produttore. Prezzo unitario imponibile IVA esclusa; verificare sempre la compatibilità con il proprio modello prima dell'ordine.";84.18;https://www.asforniture.it/prodotti/hp-toner-originale-117a-nero-w2070a-1-000-pag--AF-TONER-hp-w2070a;https://odmultimedia.eu/immagini/MD/HPW2070A.jpg;HP;Cartucce & Toner;0.00;1;22
AF-TONER-hp-w2071a;Hp - Toner originale - 117A - ciano - W2071A - 700 pag;"Hp - Toner originale - 117A - ciano - W2071A - 700 pag: consumabile originale o da catalogo (HP), indicato per stampanti e multifunzione compatibili. Resa in pagine e colorazione secondo dichiarazioni del produttore. Prezzo unitario imponibile IVA esclusa; verificare sempre la compatibilità con il proprio modello prima dell'ordine.";96.38;https://www.asforniture.it/prodotti/hp-toner-originale-117a-ciano-w2071a-700-pag--AF-TONER-hp-w2071a;https://odmultimedia.eu/immagini/MD/HPW2071A.jpg;HP;Cartucce & Toner;0.00;1;22
AF-TONER-hp-w2072a;Hp - Toner originale - 117A - giallo - W2072A - 700 pag;"Hp - Toner originale - 117A - giallo - W2072A - 700 pag: consumabile originale o da catalogo (HP), indicato per stampanti e multifunzione compatibili. Resa in pagine e colorazione secondo dichiarazioni del produttore. Prezzo unitario imponibile IVA esclusa; verificare sempre la compatibilità con il proprio modello prima dell'ordine.";96.38;https://www.asforniture.it/prodotti/hp-toner-originale-117a-giallo-w2072a-700-pag--AF-TONER-hp-w2072a;https://odmultimedia.eu/immagini/MD/HPW2072A.jpg;HP;Cartucce & Toner;0.00;1;22
AF-TONER-hp-w2073a;Hp - Toner originale - 117A - magenta - W2073A - 700 pag;"Hp - Toner originale - 117A - magenta - W2073A - 700 pag: consumabile originale o da catalogo (HP), indicato per stampanti e multifunzione compatibili. Resa in pagine e colorazione secondo dichiarazioni del produttore. Prezzo unitario imponibile IVA esclusa; verificare sempre la compatibilità con il proprio modello prima dell'ordine.";96.38;https://www.asforniture.it/prodotti/hp-toner-originale-117a-magenta-w2073a-700-pag--AF-TONER-hp-w2073a;https://odmultimedia.eu/immagini/MD/HPW2073A.jpg;HP;Cartucce & Toner;0.00;1;22
AF-TONER-hp-w2410a;Hp - Toner originale - 216A - Nero - W2410A - 1.050 pag;"Hp - Toner originale - 216A - Nero - W2410A - 1.050 pag: consumabile originale o da catalogo (HP), indicato per stampanti e multifunzione compatibili. Resa in pagine e colorazione secondo dichiarazioni del produttore. Prezzo unitario imponibile IVA esclusa; verificare sempre la compatibilità con il proprio modello prima dell'ordine.";87.84;https://www.asforniture.it/prodotti/hp-toner-originale-216a-nero-w2410a-1-050-pag--AF-TONER-hp-w2410a;https://odmultimedia.eu/immagini/MD/HPW2410A.jpg;HP;Cartucce & Toner;0.00;1;22
AF-TONER-hp-w2411a;Hp - Toner originale - 216A - Ciano - W2411A - 850 pag;"Hp - Toner originale - 216A - Ciano - W2411A - 850 pag: consumabile originale o da catalogo (HP), indicato per stampanti e multifunzione compatibili. Resa in pagine e colorazione secondo dichiarazioni del produttore. Prezzo unitario imponibile IVA esclusa; verificare sempre la compatibilità con il proprio modello prima dell'ordine.";102.48;https://www.asforniture.it/prodotti/hp-toner-originale-216a-ciano-w2411a-850-pag--AF-TONER-hp-w2411a;https://odmultimedia.eu/immagini/MD/HPW2411A.jpg;HP;Cartucce & Toner;0.00;1;22
AF-TONER-hp-w2412a;Hp - Toner originale - 216A - Giallo - W2412A - 850 pag;"Hp - Toner originale - 216A - Giallo - W2412A - 850 pag: consumabile originale o da catalogo (HP), indicato per stampanti e multifunzione compatibili. Resa in pagine e colorazione secondo dichiarazioni del produttore. Prezzo unitario imponibile IVA esclusa; verificare sempre la compatibilità con il proprio modello prima dell'ordine.";102.48;https://www.asforniture.it/prodotti/hp-toner-originale-216a-giallo-w2412a-850-pag--AF-TONER-hp-w2412a;https://odmultimedia.eu/immagini/MD/HPW2412A.jpg;HP;Cartucce & Toner;0.00;1;22
AF-TONER-hp-w2413a;Hp - Toner originale - 216A - Magenta - W2413A - 850 pag;"Hp - Toner originale - 216A - Magenta - W2413A - 850 pag: consumabile originale o da catalogo (HP), indicato per stampanti e multifunzione compatibili. Resa in pagine e colorazione secondo dichiarazioni del produttore. Prezzo unitario imponibile IVA esclusa; verificare sempre la compatibilità con il proprio modello prima dell'ordine.";102.48;https://www.asforniture.it/prodotti/hp-toner-originale-216a-magenta-w2413a-850-pag--AF-TONER-hp-w2413a;https://odmultimedia.eu/immagini/MD/HPW2413A.jpg;HP;Cartucce & Toner;0.00;1;22
b072f740-4f6d-4703-8a3c-ffd6aa4df677;Marcatore permanente N50 - Marrone;Marcatore a punta tonda, fusto in metallo.;2.20;https://www.asforniture.it/prodotti/marcatore-permanente-n50-marrone--b072f740-4f6d-4703-8a3c-ffd6aa4df677;https://odmultimedia.eu/immagini/MD/29886.jpg;Pentel;Cancelleria > Marcatori;0.00;1;22
b20f1315-baed-4428-9912-a7fb07d70dab;Scatola progetto Eurobox - dorso 6 cm - giallo;Scatola progetto in robusto cartone rivestito Esselte;7.56;https://www.asforniture.it/prodotti/scatola-progetto-eurobox-dorso-6-cm-giallo--b20f1315-baed-4428-9912-a7fb07d70dab;https://odmultimedia.eu/immagini/HD/48346.jpg;Esselte;Archivio > Scatole Archivio;0.00;1;22
b22b3fb7-3131-4420-88b8-e300e3cea52d;Pennarello Stabilo OHPen 841 - punta superfine 0.4 mm - blu;Pennarello universale permanente per quasi tutte le superfici lisce;1.83;https://www.asforniture.it/prodotti/pennarello-stabilo-ohpen-841-punta-superfine-0-4-mm-blu--b22b3fb7-3131-4420-88b8-e300e3cea52d;https://odmultimedia.eu/immagini/MD/27704.jpg;Stabilo;Cancelleria;0.00;1;22
b3dc8810-ba6b-4a1b-a33b-354ce5607991;Marcatore permanente N50 - Giallo;Marcatore a punta tonda, fusto in metallo.;2.20;https://www.asforniture.it/prodotti/marcatore-permanente-n50-giallo--b3dc8810-ba6b-4a1b-a33b-354ce5607991;https://odmultimedia.eu/immagini/MD/29888.jpg;Pentel;Cancelleria > Marcatori;0.00;1;22
b5ed60cb-1995-455c-85e0-0d0d8fd9c068;Cartellina a L - A4 - liscio pesante - Starline - conf. 50 pz;Cartelline a L in formato A4, finitura liscia pesante.;10.37;https://www.asforniture.it/prodotti/cartellina-a-l-a4-liscio-pesante-starline-conf-50-pz--b5ed60cb-1995-455c-85e0-0d0d8fd9c068;https://odmultimedia.eu/immagini/MD/STL7417.jpg;Starline;Archivio > Buste Trasparenti;0.00;1;22
b63f0b18-e579-4a8b-b125-bb69d41f502d;Scatola progetto Eurobox - dorso 10 cm - verde;Scatola progetto Esselte in cartone robusto;7.56;https://www.asforniture.it/prodotti/scatola-progetto-eurobox-dorso-10-cm-verde--b63f0b18-e579-4a8b-b125-bb69d41f502d;https://odmultimedia.eu/immagini/HD/48356.jpg;Esselte;Archivio > Scatole Archivio;0.00;1;22
b7a67a89-4d37-4f22-9265-0164c06bd3fd;Scatola progetto Eurobox - dorso 4 cm - rosso;Scatola progetto Esselte in cartone robusto;7.56;https://www.asforniture.it/prodotti/scatola-progetto-eurobox-dorso-4-cm-rosso--b7a67a89-4d37-4f22-9265-0164c06bd3fd;https://odmultimedia.eu/immagini/HD/48343.jpg;Esselte;Archivio > Scatole Archivio;0.00;1;22
b92dafc8-20a2-4434-9acc-533e8f322e91;Fermagli zincati - n. 6 - 5,8 cm - Leone - conf. 100 pezzi;Fermagli metallici zincati Leone n. 6. Lunghezza 58mm. Confezione da 100 pezzi.;0.73;https://www.asforniture.it/prodotti/fermagli-zincati-n-6-5-8-cm-leone-conf-100-pezzi--b92dafc8-20a2-4434-9acc-533e8f322e91;https://odmultimedia.eu/immagini/MD/44689.jpg;Leone;Cancelleria > Accessori Scrivania;0.00;1;22
b9ab2a9a-db5a-4ec9-9c68-89aa7931464c;Marcatore permanente N50 - Arancio;Marcatore a punta tonda, fusto in metallo.;2.20;https://www.asforniture.it/prodotti/marcatore-permanente-n50-arancio--b9ab2a9a-db5a-4ec9-9c68-89aa7931464c;https://odmultimedia.eu/immagini/MD/29887.jpg;Pentel;Cancelleria > Marcatori;0.00;1;22
becb24bd-1b96-4ea4-b1fd-316937498065;Nastro adesivo carta - 25 mm x 50 m - beige - Starline;Nastro adesivo in carta per mascheratura Starline. Misura: 25mm x 50m.;1.71;https://www.asforniture.it/prodotti/nastro-adesivo-carta-25-mm-x-50-m-beige-starline--becb24bd-1b96-4ea4-b1fd-316937498065;https://odmultimedia.eu/immagini/MD/STL6302.jpg;Starline;Cancelleria > Imballaggio;0.00;1;22
bf787dab-250d-44c0-b9ef-af3326a51040;Pennarello Stabilo OHPen 842 - punta fine 0.7 mm - nero;Pennarello universale permanente per quasi tutte le superfici lisce;1.83;https://www.asforniture.it/prodotti/pennarello-stabilo-ohpen-842-punta-fine-0-7-mm-nero--bf787dab-250d-44c0-b9ef-af3326a51040;https://odmultimedia.eu/immagini/MD/27711.jpg;Stabilo;Cancelleria;0.00;1;22
c3141d23-9020-4431-b83a-f959a84f0b47;Pennarello Stabilo OHPen 842 - punta fine 0.7 mm - blu;Pennarello universale permanente per quasi tutte le superfici lisce;1.83;https://www.asforniture.it/prodotti/pennarello-stabilo-ohpen-842-punta-fine-0-7-mm-blu--c3141d23-9020-4431-b83a-f959a84f0b47;https://odmultimedia.eu/immagini/MD/27714.jpg;Stabilo;Cancelleria;0.00;1;22
c5dee410-a288-4ced-89e0-c5c3951e01eb;Cartella archivio con lacci - dorso 12 cm - grigio - Euro-cart;Cartella archivio con legacci rivettati. Dimensioni 35x25 cm. Dorso 12 cm.;3.42;https://www.asforniture.it/prodotti/cartella-archivio-con-lacci-dorso-12-cm-grigio-euro-cart--c5dee410-a288-4ced-89e0-c5c3951e01eb;https://odmultimedia.eu/immagini/HD/73590.jpg;Euro-cart;Archivio > Cartelle archivio con lacci;0.00;1;22
c7d6b98f-0284-4557-a702-24bd027e474a;Buste forate Altea T - pesante - liscio - 42 x 30 cm - Sei Rota - conf. 10 pz;Buste a foratura universale formato album 42x30 cm.;15.74;https://www.asforniture.it/prodotti/buste-forate-altea-t-pesante-liscio-42-x-30-cm-sei-rota-conf-10-pz--c7d6b98f-0284-4557-a702-24bd027e474a;https://odmultimedia.eu/immagini/MD/26045.jpg;Sei Rota;Archivio > Buste Trasparenti;0.00;1;22
c8ef43fe-b591-410c-a926-20a27ba02db6;Scatola progetto Eurobox - dorso 12 cm - rosso;Scatola progetto Esselte in cartone robusto;8.78;https://www.asforniture.it/prodotti/scatola-progetto-eurobox-dorso-12-cm-rosso--c8ef43fe-b591-410c-a926-20a27ba02db6;https://odmultimedia.eu/immagini/HD/49434.jpg;Esselte;Archivio > Scatole Archivio;0.00;1;22
c9eb9dcd-18cb-4cb3-9e2e-7cd9f5efc42a;Nastro adesivo carta - 50 mm x 50 m - beige - Comet;Nastro adesivo in carta coprente, ideale per mascheratura. Misura: 50mm x 50m.;3.05;https://www.asforniture.it/prodotti/nastro-adesivo-carta-50-mm-x-50-m-beige-comet--c9eb9dcd-18cb-4cb3-9e2e-7cd9f5efc42a;https://odmultimedia.eu/immagini/MD/37918.jpg;Comet;Cancelleria > Imballaggio;0.00;1;22
ca942da6-463a-4d65-93b9-943670ac2931;Pennarello Stabilo OHPen 842 - punta fine 0.7 mm - verde;Pennarello universale permanente per quasi tutte le superfici lisce;1.83;https://www.asforniture.it/prodotti/pennarello-stabilo-ohpen-842-punta-fine-0-7-mm-verde--ca942da6-463a-4d65-93b9-943670ac2931;https://odmultimedia.eu/immagini/MD/27712.jpg;Stabilo;Cancelleria;0.00;1;22
caee4e60-28bf-4f21-aecb-ced9eeba789a;Marcatore permanente N50 - Blu;Marcatore a punta tonda, fusto in metallo.;2.20;https://www.asforniture.it/prodotti/marcatore-permanente-n50-blu--caee4e60-28bf-4f21-aecb-ced9eeba789a;https://odmultimedia.eu/immagini/MD/29884.jpg;Pentel;Cancelleria > Marcatori;0.00;1;22
cfa9e6f9-fa71-48f8-a71e-05e80ea57ff9;Fermagli zincati - n. 2 - 2,6 cm - Leone - conf. 100 pezzi;Fermagli metallici zincati Leone n. 2. Lunghezza 26mm. Confezione da 100 pezzi.;0.73;https://www.asforniture.it/prodotti/fermagli-zincati-n-2-2-6-cm-leone-conf-100-pezzi--cfa9e6f9-fa71-48f8-a71e-05e80ea57ff9;https://odmultimedia.eu/immagini/MD/44685.jpg;Leone;Cancelleria > Accessori Scrivania;0.00;1;22
cfb2dfea-51b6-49c2-8a57-6c4efa07591e;Busta a sacco Mailpack - 19 x 26 cm;Busta bianca 80gr con strip adesivo. Conf. 25 pezzi.;6.34;https://www.asforniture.it/prodotti/busta-a-sacco-mailpack-19-x-26-cm--cfb2dfea-51b6-49c2-8a57-6c4efa07591e;https://odmultimedia.eu/immagini/MD/46146.jpg;Blasetti;Cancelleria > Buste;0.00;1;22
cfe68881-7e20-4f2c-b86e-16f01e8bc41c;Pennarello Stabilo OHPen 843 - punta media 1.0 mm - verde;Pennarello universale permanente per quasi tutte le superfici lisce;1.83;https://www.asforniture.it/prodotti/pennarello-stabilo-ohpen-843-punta-media-1-0-mm-verde--cfe68881-7e20-4f2c-b86e-16f01e8bc41c;https://odmultimedia.eu/immagini/MD/27720.jpg;Stabilo;Cancelleria;0.00;1;22
d050eada-6892-4846-85b1-785c67ad8662;Cartellina semplice - 25x34 cm - 200 gr - rosso - Starline - conf. 50 pz;Cartellina semplice in cartoncino bristol 200gr. Colore: Rosso.;15.25;https://www.asforniture.it/prodotti/cartellina-semplice-25x34-cm-200-gr-rosso-starline-conf-50-pz--d050eada-6892-4846-85b1-785c67ad8662;https://odmultimedia.eu/immagini/HD/STL6125.jpg;Starline;Archivio > Cartelline in carta;0.00;1;22
d06a980d-634f-4d1e-a9c4-38f51aca0781;Roller Hi Tecpoint V5 - punta 0,5 mm - nero - Pilot;Roller a inchiostro liquido con punta ad ago 0,5mm. Tratto ultra preciso e costante. Colore: Nero.;3.05;https://www.asforniture.it/prodotti/roller-hi-tecpoint-v5-punta-0-5-mm-nero-pilot--d06a980d-634f-4d1e-a9c4-38f51aca0781;https://odmultimedia.eu/immagini/MD/29233.jpg;Pilot;Cancelleria > Scrittura;0.00;1;22
d0a3141d-bb4b-498b-ad7c-9507f01061d3;Correttore a nastro Tombow - conf. 2 pezzi;Correttore a nastro 4,2mm x 10mt. Confezione risparmio da 2 pezzi.;5.86;https://www.asforniture.it/prodotti/correttore-a-nastro-tombow-conf-2-pezzi--d0a3141d-bb4b-498b-ad7c-9507f01061d3;https://odmultimedia.eu/immagini/MD/61262.jpg;Tombow;Cancelleria;0.00;1;22
d12fa6e8-2267-45ce-926f-0818108721bf;Cartellina semplice - 25x34 cm - 200 gr - giallo sole - Starline - conf. 50 pz;Cartellina semplice in cartoncino bristol 200gr. Colore: Giallo Sole.;15.25;https://www.asforniture.it/prodotti/cartellina-semplice-25x34-cm-200-gr-giallo-sole-starline-conf-50-pz--d12fa6e8-2267-45ce-926f-0818108721bf;https://odmultimedia.eu/immagini/HD/STL6123.jpg;Starline;Archivio > Cartelline in carta;0.00;1;22
d33fd34e-fd46-476a-8490-7c323f619e53;Pennarello Stabilo OHPen 841 - punta superfine 0.4 mm - verde;Pennarello universale permanente per quasi tutte le superfici lisce;1.83;https://www.asforniture.it/prodotti/pennarello-stabilo-ohpen-841-punta-superfine-0-4-mm-verde--d33fd34e-fd46-476a-8490-7c323f619e53;https://odmultimedia.eu/immagini/MD/27706.jpg;Stabilo;Cancelleria;0.00;1;22
d975f993-12ee-44ba-9267-9685140f2afe;Cucitrice a pinza 548/E antibacterial - verde - Zenith;Cucitrice Zenith 548/E con speciale vernice antibatterica. Colore: Verde.;29.89;https://www.asforniture.it/prodotti/cucitrice-a-pinza-548-e-antibacterial-verde-zenith--d975f993-12ee-44ba-9267-9685140f2afe;https://odmultimedia.eu/immagini/MD/95045.jpg;Zenith;Cancelleria > Accessori Scrivania;0.00;1;22
d9ff951d-a81d-46bd-a8d2-b5f3ce4d3f25;Roller Hi Tecpoint V7 - punta 0,7 mm - verde - Pilot;Roller a inchiostro liquido con punta ad ago 0,7mm. Tratto fluido e visibile. Colore: Verde.;3.05;https://www.asforniture.it/prodotti/roller-hi-tecpoint-v7-punta-0-7-mm-verde-pilot--d9ff951d-a81d-46bd-a8d2-b5f3ce4d3f25;https://odmultimedia.eu/immagini/MD/29242.jpg;Pilot;Cancelleria > Scrittura;0.00;1;22
da2ac1bc-8c54-47e8-acc7-acf2bf3829c5;Nastro adesivo carta - 19 mm x 50 m - beige - Starline;Nastro adesivo in carta per mascheratura Starline. Misura: 19mm x 50m.;1.34;https://www.asforniture.it/prodotti/nastro-adesivo-carta-19-mm-x-50-m-beige-starline--da2ac1bc-8c54-47e8-acc7-acf2bf3829c5;https://odmultimedia.eu/immagini/MD/STL6301.jpg;Starline;Cancelleria > Imballaggio;0.00;1;22
dc3cfa20-71e2-4f7d-941f-39bd09bf26e5;Punti Zenith 130/E S100 - 6/4 - acciaio naturale - metallo - Zenith - conf. 1000 punti;Punti metallici Zenith 130/E in acciaio naturale. Alta qualità per cucitrici a passo 6/4. Conf. 1000 punti.;0.98;https://www.asforniture.it/prodotti/punti-zenith-130-e-s100-6-4-acciaio-naturale-metallo-zenith-conf-1000-punti--dc3cfa20-71e2-4f7d-941f-39bd09bf26e5;https://odmultimedia.eu/immagini/MD/39021.jpg;Zenith;Cancelleria > Accessori Scrivania;0.00;1;22
dd3ba16c-dfbb-4920-aff5-19443b0c06b6;Evidenziatore Tratto Video - azzurro;Evidenziatore con punta a scalpello, tratto 1.0-5.0mm. Ideale per carta, fax e fotocopie.;1.10;https://www.asforniture.it/prodotti/evidenziatore-tratto-video-azzurro--dd3ba16c-dfbb-4920-aff5-19443b0c06b6;https://odmultimedia.eu/immagini/MD/73536.jpg;Tratto;Cancelleria;0.00;1;22
dda42ca9-37e1-42f0-b003-6b9f798b23dd;Roller Hi Tecpoint V7 - punta 0,7 mm - rosso - Pilot;Roller a inchiostro liquido con punta ad ago 0,7mm. Tratto fluido e visibile. Colore: Rosso.;3.05;https://www.asforniture.it/prodotti/roller-hi-tecpoint-v7-punta-0-7-mm-rosso-pilot--dda42ca9-37e1-42f0-b003-6b9f798b23dd;https://odmultimedia.eu/immagini/MD/29241.jpg;Pilot;Cancelleria > Scrittura;0.00;1;22
DU161570000;Blocco buoni di consegna - 50/50 copie autoric. - 11,5 x 16,5 cm - DU161570000 - Data Ufficio;Blocco buoni di consegna Data Ufficio 50/50 copie autoricalcanti, formato 11,5 ?? 16,5 cm.;4.88;https://www.asforniture.it/prodotti/blocco-buoni-di-consegna-50-50-copie-autoric-11-5-x-16-5-cm-du161570000-data-uff--DU161570000;https://odmultimedia.eu/immagini/HD/90880.jpg;Data Ufficio;Modulistica > Magazzino e Trasporto;0.00;1;22
DU161583300;Blocco buoni di consegna - 33/33/33 copie autoric. - 11,5 x 16,5 cm - DU161583300 - Data Ufficio;Blocco buoni di consegna Data Ufficio 33/33/33 copie autoricalcanti, formato 11,5 ?? 16,5 cm.;4.88;https://www.asforniture.it/prodotti/blocco-buoni-di-consegna-33-33-33-copie-autoric-11-5-x-16-5-cm-du161583300-data---DU161583300;https://odmultimedia.eu/immagini/HD/90881.jpg;Data Ufficio;Modulistica > Magazzino e Trasporto;0.00;1;22
DU164570000;Blocco buoni di consegna - 50/50 copie autoric. - 21,5 x 14,8 cm - DU164570000 - Data Ufficio;Blocco buoni di consegna Data Ufficio 50/50 copie autoricalcanti, formato 21,5 ?? 14,8 cm.;5.49;https://www.asforniture.it/prodotti/blocco-buoni-di-consegna-50-50-copie-autoric-21-5-x-14-8-cm-du164570000-data-uff--DU164570000;https://odmultimedia.eu/immagini/HD/90891.jpg;Data Ufficio;Modulistica > Magazzino e Trasporto;0.00;1;22
DU164583300;Blocco buoni di consegna - 33/33/33 copie autoric. - 21,5 x 14,8 cm - DU164583300 - Data Ufficio;Blocco buoni di consegna Data Ufficio 33/33/33 copie autoricalcanti, formato 21,5 ?? 14,8 cm.;5.73;https://www.asforniture.it/prodotti/blocco-buoni-di-consegna-33-33-33-copie-autoric-21-5-x-14-8-cm-du164583300-data---DU164583300;https://odmultimedia.eu/immagini/HD/90892.jpg;Data Ufficio;Modulistica > Magazzino e Trasporto;0.00;1;22
E-2102-A;Registro prima nota IVA corrispettivi 25×2 (2 anni) autoricalcante – Formato 29,7×23;Registro prima nota IVA corrispettivi Edipro 25×2 (2 anni) autoricalcante, formato 29,7 × 23 cm.;9.03;https://www.asforniture.it/prodotti/registro-prima-nota-iva-corrispettivi-25-2-2-anni-autoricalcante-formato-29-7-23--E%202102%20A;https://www.asforniture.it/images/8f0739b7-da7e-4e04-803a-4965a5e9162d.jpg;Edipro;Modulistica > Contabilità IVA e Generale;0.00;1;22
E-2104-A;Registro prima nota IVA corrispettivi 13×2 (1 anno) autoricalcante – Formato 29,7×23;Registro prima nota IVA corrispettivi Edipro 13×2 (1 anno) autoricalcante, formato 29,7 × 23 cm.;6.59;https://www.asforniture.it/prodotti/registro-prima-nota-iva-corrispettivi-13-2-1-anno-autoricalcante-formato-29-7-23--E%202104%20A;https://www.asforniture.it/images/792ed7ed-83b7-494d-bff4-16ac1c9d1d47.jpg;Edipro;Modulistica > Contabilità IVA e Generale;0.00;1;22
E-2108;Registro dei corrispettivi per mancato o irregolare funzionamento registratori di cassa – Formato 31×24,5;Registro dei corrispettivi Edipro per mancato o irregolare funzionamento dei registratori di cassa, formato 31 × 24,5 cm.;6.59;https://www.asforniture.it/prodotti/registro-dei-corrispettivi-per-mancato-o-irregolare-funzionamento-registratori-d--E%202108;https://www.asforniture.it/images/222fc477-e9ee-4642-9d17-8833d55d9f9d.jpg;Edipro;Modulistica > Contabilità IVA e Generale;0.00;1;22
E-2529;Verbale assemblea condominio 96 pagine – Formato 31×24,5;Verbale assemblea di condominio Edipro, 96 pagine, formato 31 × 24,5 cm.;15.74;https://www.asforniture.it/prodotti/verbale-assemblea-condominio-96-pagine-formato-31-24-5--E%202529;https://www.asforniture.it/images/c3febc55-30f2-46b3-a8a9-832277f0f492.jpg;Edipro;Modulistica > Condominio ed Edilizia;0.00;1;22
E-3259;Schede - 3 colonne - 15 x 21 cm orizzontale - Edipro - conf. 100 pezzi;Schede contabili Edipro a 3 colonne, formato 15 × 21 cm orizzontale, confezione da 100 pezzi.;12.08;https://www.asforniture.it/prodotti/schede-3-colonne-15-x-21-cm-orizzontale-edipro-conf-100-pezzi--E%203259;https://www.asforniture.it/images/80e3b5c6-de8e-4d92-bcb9-5dfe75970e79.jpg;Edipro;Modulistica > Contabilità IVA e Generale;0.00;1;22
E-3369;Schede - 3 colonne - 17 x 24 cm orizzontale - Edipro - conf. 100 pezzi;Schede contabili Edipro a 3 colonne, formato 17 × 24 cm orizzontale, confezione da 100 pezzi.;12.08;https://www.asforniture.it/prodotti/schede-3-colonne-17-x-24-cm-orizzontale-edipro-conf-100-pezzi--E%203369;https://www.asforniture.it/images/67e70187-52d7-4788-bd05-54495c728c0c.jpg;Edipro;Modulistica > Contabilità IVA e Generale;0.00;1;22
E-3399;Schede - 2 colonne - 24 x 17 cm (verticale) - Edipro - conf. 100 pezzi;Schede contabili Edipro a 2 colonne, formato 24 × 17 cm verticale, confezione da 100 pezzi.;12.08;https://www.asforniture.it/prodotti/schede-2-colonne-24-x-17-cm-verticale-edipro-conf-100-pezzi--E%203399;https://www.asforniture.it/images/0f73bb8f-8dbc-4b0a-bed3-69a6b148ad4f.jpg;Edipro;Modulistica > Contabilità IVA e Generale;0.00;1;22
E-3406;Schede - 3 colonne - 24 x 17 cm verticale - Edipro - conf. 100 pezzi;Schede contabili Edipro a 3 colonne, formato 24 × 17 cm verticale, confezione da 100 pezzi.;12.08;https://www.asforniture.it/prodotti/schede-3-colonne-24-x-17-cm-verticale-edipro-conf-100-pezzi--E%203406;https://www.asforniture.it/images/9754b9bb-7d4e-4967-a8dd-a99dde182fe8.jpg;Edipro;Modulistica > Contabilità IVA e Generale;0.00;1;22
E-5275-CN;Ricevuta Sanitaria 50x2 autoricalcanti - Formato 9,9x17;Ricevuta sanitaria Edipro 50×2 autoricalcanti, formato 9,9 × 17 cm.;9.76;https://www.asforniture.it/prodotti/ricevuta-sanitaria-50x2-autoricalcanti-formato-9-9x17--E%205275%20CN;https://www.asforniture.it/images/e67b1190-6a40-443a-b831-8a4fdcddcb62.jpg;Edipro;Modulistica > Stampati Fiscali;0.00;1;22
E-5340-C;Blocco fattura/ricevuta fiscale generica 50×2 autoricalcante – Formato 22×14,8;Blocco fattura/ricevuta fiscale generica Edipro 50×2 autoricalcante, formato 22 × 14,8 cm.;9.76;https://www.asforniture.it/prodotti/blocco-fattura-ricevuta-fiscale-generica-50-2-autoricalcante-formato-22-14-8--E%205340%20C;https://www.asforniture.it/images/82aed2d3-b9a7-4813-8183-2abd6fee6add.jpg;Edipro;Modulistica > Stampati Fiscali;0.00;1;22
E-5342-C;Blocco fattura/ricevuta fiscale parrucchiere 50×2 autoricalcante – Formato 22×9,9;Blocco fattura/ricevuta fiscale parrucchiere Edipro 50×2 autoricalcante, formato 22 × 9,9 cm.;9.76;https://www.asforniture.it/prodotti/blocco-fattura-ricevuta-fiscale-parrucchiere-50-2-autoricalcante-formato-22-9-9--E%205342%20C;https://www.asforniture.it/images/dc4d3188-fbf5-4645-b85c-0ed980e37de4.jpg;Edipro;Modulistica > Stampati Fiscali;0.00;1;22
E-5348-C;Blocco fattura/ricevuta fiscale barbiere 50×2 autoricalcante – Formato 22×9,9;Blocco fattura/ricevuta fiscale barbiere Edipro 50×2 autoricalcante, formato 22 × 9,9 cm.;9.76;https://www.asforniture.it/prodotti/blocco-fattura-ricevuta-fiscale-barbiere-50-2-autoricalcante-formato-22-9-9--E%205348%20C;https://www.asforniture.it/images/ad8ad89c-fa28-4b8f-bee6-9be1d057cd55.jpg;Edipro;Modulistica > Stampati Fiscali;0.00;1;22
E-5349;Blocco prima nota cassa 100 fogli uso mano – Formato 14,8×22;Blocco prima nota cassa Edipro 100 fogli uso mano, formato 14,8 × 22 cm.;10.86;https://www.asforniture.it/prodotti/blocco-prima-nota-cassa-100-fogli-uso-mano-formato-14-8-22--E%205349;https://www.asforniture.it/images/86e56334-f38d-4d6e-b0aa-2ef9b6fc565a.jpg;Edipro;Modulistica > Contabilità IVA e Generale;0.00;1;22
E-5349-A;Blocco prima nota cassa 50×2 autoricalcante – Formato 14,8×22;Blocco prima nota cassa Edipro 50×2 autoricalcante, formato 14,8 × 22 cm.;10.86;https://www.asforniture.it/prodotti/blocco-prima-nota-cassa-50-2-autoricalcante-formato-14-8-22--E%205349%20A;https://www.asforniture.it/images/c2cfacd0-627a-4182-a211-497694042b2a.jpg;Edipro;Modulistica > Contabilità IVA e Generale;0.00;1;22
E-5350;Blocco prima nota cassa 50×2 autoricalcante (cassa-banca) – Formato 22×29,7;Blocco prima nota cassa Edipro 50×2 autoricalcante (cassa-banca), formato 22 × 29,7 cm.;13.30;https://www.asforniture.it/prodotti/blocco-prima-nota-cassa-50-2-autoricalcante-cassa-banca-formato-22-29-7--E%205350;https://www.asforniture.it/images/f8291f0e-e4a5-43e8-964b-583c72260f0a.jpg;Edipro;Modulistica > Contabilità IVA e Generale;0.00;1;22
E-5356;Blocco prima nota cassa 100 fogli uso mano (entrata – uscita – IVA) – Formato 29,7×22;Blocco prima nota cassa Edipro 100 fogli uso mano (entrata – uscita – IVA), formato 29,7 × 22 cm.;13.30;https://www.asforniture.it/prodotti/blocco-prima-nota-cassa-100-fogli-uso-mano-entrata-uscita-iva-formato-29-7-22--E%205356;https://www.asforniture.it/images/8ccdad5c-d9b7-4310-b271-c0044ef12a1c.jpg;Edipro;Modulistica > Contabilità IVA e Generale;0.00;1;22
E-5356-A;Blocco prima nota cassa 50×2 autoricalcante (entrate – uscite - IVA) – Formato 29,7×22;Blocco prima nota cassa Edipro 50×2 autoricalcante (entrate – uscite - IVA), formato 29,7 × 22 cm.;13.30;https://www.asforniture.it/prodotti/blocco-prima-nota-cassa-50-2-autoricalcante-entrate-uscite-iva-formato-29-7-22--E%205356%20A;https://www.asforniture.it/images/92c5e4d1-0e14-4191-8a5d-6fad90ab6ad3.jpg;Edipro;Modulistica > Contabilità IVA e Generale;0.00;1;22
E-5359-A;Blocco prima nota cassa 50×2 autoricalcante (entrate – uscite) – Formato 29,7×22;Blocco prima nota cassa Edipro 50×2 autoricalcante (entrate – uscite), formato 29,7 × 22 cm.;13.30;https://www.asforniture.it/prodotti/blocco-prima-nota-cassa-50-2-autoricalcante-entrate-uscite-formato-29-7-22--E%205359%20A;https://www.asforniture.it/images/ee4bb8de-1d14-4b04-b9fd-ff408aed5277.jpg;Edipro;Modulistica > Contabilità IVA e Generale;0.00;1;22
E-5504-C;Blocco ricevuta d’affitto 50×2 autoricalcante – Formato 9,9×17;Blocco ricevuta d’affitto Edipro 50×2 autoricalcante, formato 9,9 × 17 cm. Per condominio e edilizia.;4.88;https://www.asforniture.it/prodotti/blocco-ricevuta-d-affitto-50-2-autoricalcante-formato-9-9-17--E%205504%20C;https://www.asforniture.it/images/298dec2f-59c6-4cf3-b8a1-c27af2d613ab.jpg;Edipro;Modulistica > Condominio ed Edilizia;0.00;1;22
E-5563-C;Blocco ricevuta generica 50×2 autoricalcante – Formato 9,9×17;Blocco ricevuta generica Edipro 50×2 autoricalcante, formato 9,9 × 17 cm.;4.88;https://www.asforniture.it/prodotti/blocco-ricevuta-generica-50-2-autoricalcante-formato-9-9-17--E%205563%20C;https://www.asforniture.it/images/6a8681b7-1de7-41c7-8029-404fd446c481.jpg;Edipro;Modulistica > Condominio ed Edilizia;0.00;1;22
E-5567-C;Blocco ricevuta di pagamento per attività sportive 50×2 autoricalcante – Formato 9,9×17;Blocco ricevuta di pagamento per attività sportive Edipro 50×2 autoricalcante, formato 9,9 × 17 cm.;9.76;https://www.asforniture.it/prodotti/blocco-ricevuta-di-pagamento-per-attivita-sportive-50-2-autoricalcante-formato-9--E%205567%20C;https://www.asforniture.it/images/E5567C.jpg;Edipro;Modulistica > Stampati Fiscali;0.00;1;22
E-5911;Blocco comande - 25x3 fogli autoricalcanti - 17 x 9,9 cm - Edipro;Blocco comande Edipro a 25×3 fogli autoricalcanti, formato 17 × 9,9 cm. Ideale per alberghi e ristoranti.;1.71;https://www.asforniture.it/prodotti/blocco-comande-25x3-fogli-autoricalcanti-17-x-9-9-cm-edipro--E%205911;https://www.asforniture.it/images/E5911.jpg;Edipro;Modulistica > Alberghi e Ristoranti;0.00;1;22
E-5913;Blocco comande - 2 copie autoricalcanti - 17 x 9,9 cm - Edipro;Blocco comande Edipro a 2 copie autoricalcanti, formato 17 × 9,9 cm.;1.34;https://www.asforniture.it/prodotti/blocco-comande-2-copie-autoricalcanti-17-x-9-9-cm-edipro--E%205913;https://www.asforniture.it/images/d06c153f-a63e-428c-ada0-6a10dfb17f4a.jpg;Edipro;Modulistica > Alberghi e Ristoranti;0.00;1;22
E2103;Registro IVA corrispettivi 15 pagine numerate – Formato 31×24,5;Registro IVA corrispettivi Edipro, 15 pagine numerate, formato 31 × 24,5 cm.;9.76;https://www.asforniture.it/prodotti/registro-iva-corrispettivi-15-pagine-numerate-formato-31-24-5--E2103;https://www.asforniture.it/images/5fb4c36a-99b6-415e-966e-86f40125e00d.jpg;Edipro;Modulistica > Contabilità IVA e Generale;0.00;1;22
E2117;Registro acquisti beni usati 23 pagine numerate – Formato 31×24,5;Registro acquisti beni usati Edipro, 23 pagine numerate, formato 31 × 24,5 cm.;13.30;https://www.asforniture.it/prodotti/registro-acquisti-beni-usati-23-pagine-numerate-formato-31-24-5--E2117;https://www.asforniture.it/images/ec49d2be-fc99-4a91-8e29-55278111be90.jpg;Edipro;Modulistica > Contabilità IVA e Generale;0.00;1;22
E2172;Giornale degli affari 96 pagine – Formato 31×24,5;Giornale degli affari Edipro, 96 pagine, formato 31 × 24,5 cm.;27.94;https://www.asforniture.it/prodotti/giornale-degli-affari-96-pagine-formato-31-24-5--E2172;https://www.asforniture.it/images/5ba2c8ee-973b-4456-96b3-aac779f14a2c.jpg;Edipro;Modulistica > Contabilità IVA e Generale;0.00;1;22
E2656;Registro dare/avere/saldo 96 pagine – Formato 17×12;Registro dare/avere/saldo Edipro, 96 pagine, formato 17 × 12 cm.;15.74;https://www.asforniture.it/prodotti/registro-dare-avere-saldo-96-pagine-formato-17-12--E2656;https://www.asforniture.it/images/6dd78a36-4f78-4b7f-874d-1b343db3ed31.jpg;Edipro;Modulistica > Contabilità IVA e Generale;0.00;1;22
E2666;Registro due colonne 96 pagine – Formato 24×17;Registro due colonne Edipro, 96 pagine, formato 24 × 17 cm.;15.74;https://www.asforniture.it/prodotti/registro-due-colonne-96-pagine-formato-24-17--E2666;https://www.asforniture.it/images/E2666.jpg;Edipro;Modulistica > Contabilità IVA e Generale;0.00;1;22
E2686;Registro cassa entrate/uscite 96 pagine – Formato 24×17;Registro cassa entrate/uscite Edipro, 96 pagine, formato 24 × 17 cm.;16.96;https://www.asforniture.it/prodotti/registro-cassa-entrate-uscite-96-pagine-formato-24-17--E2686;https://www.asforniture.it/images/8016ed36-fec6-4814-9ee1-a52d9f4de98a.jpg;Edipro;Modulistica > Contabilità IVA e Generale;0.00;1;22
E2769;Registro 3 colonne 96 pagine – Formato 31×24,5;Registro 3 colonne Edipro, 96 pagine, formato 31 × 24,5 cm.;13.30;https://www.asforniture.it/prodotti/registro-3-colonne-96-pagine-formato-31-24-5--E2769;https://www.asforniture.it/images/55037817-9ba0-4a46-ab8e-bd40cd82a800.jpg;Edipro;Modulistica > Contabilità IVA e Generale;0.00;1;22
e34eec11-7d18-4603-81be-0c1aced22523;Scatola progetto Eurobox - dorso 10 cm - giallo;Scatola progetto Esselte in cartone robusto;7.56;https://www.asforniture.it/prodotti/scatola-progetto-eurobox-dorso-10-cm-giallo--e34eec11-7d18-4603-81be-0c1aced22523;https://odmultimedia.eu/immagini/HD/48354.jpg;Esselte;Archivio > Scatole Archivio;0.00;1;22
E4033;Scadenzario effetti passivi con spirale e indici plastificati 36 fogli – Formato 24×17;Scadenzario effetti passivi Edipro con spirale e indici plastificati, 36 fogli, formato 24 × 17 cm.;14.52;https://www.asforniture.it/prodotti/scadenzario-effetti-passivi-con-spirale-e-indici-plastificati-36-fogli-formato-2--E4033;https://www.asforniture.it/images/718ff514-7368-4dc4-85c2-0055ca641fbf.jpg;Edipro;Modulistica > Contabilità IVA e Generale;0.00;1;22
E4034;Scadenzario effetti attivi con spirale e indici plastificati 36 fogli – Formato 24×17;Scadenzario effetti attivi Edipro con spirale e indici plastificati, 36 fogli, formato 24 × 17 cm.;14.52;https://www.asforniture.it/prodotti/scadenzario-effetti-attivi-con-spirale-e-indici-plastificati-36-fogli-formato-24--E4034;https://www.asforniture.it/images/26586a3f-bcdc-47a9-8522-879efc5ee053.jpg;Edipro;Modulistica > Contabilità IVA e Generale;0.00;1;22
e6d0eafc-f06a-45be-9a40-4614258efcd0;Registratore Oxford G85 - dorso 5 cm - protocollo 23 x 33 cm - Giallo - Esselte;Registratore Oxford G85 con meccanismo a leva, dorso 8cm, formato protocollo.;5.49;https://www.asforniture.it/prodotti/registratore-oxford-g85-dorso-5-cm-protocollo-23-x-33-cm-giallo-esselte--e6d0eafc-f06a-45be-9a40-4614258efcd0;https://odmultimedia.eu/immagini/HD/63416.jpg;Astro Forniture;Archivio > Raccoglitori Archivio;0.00;1;22
e900eb55-d28a-4502-9786-4e0048202c11;Cartellina 3 lembi - 25x34 cm - arancio - Starline - conf. 25 pz;Cartellina a 3 lembi in cartoncino pesante con elastico. Colore: Arancio. Conf. 25pz;11.59;https://www.asforniture.it/prodotti/cartellina-3-lembi-25x34-cm-arancio-starline-conf-25-pz--e900eb55-d28a-4502-9786-4e0048202c11;https://odmultimedia.eu/immagini/HD/STL6114.jpg;Starline;Archivio > Cartelline in carta;0.00;1;22
ed64fbf6-acfa-4607-8640-d42c5ba0c2fe;Marcatore permanente N50 - Nero;Marcatore a punta tonda, fusto in metallo.;2.20;https://www.asforniture.it/prodotti/marcatore-permanente-n50-nero--ed64fbf6-acfa-4607-8640-d42c5ba0c2fe;https://odmultimedia.eu/immagini/MD/29882.jpg;Pentel;Cancelleria > Marcatori;0.00;1;22
eefeb720-f9dd-40ba-8e81-c9648c01249b;Evidenziatore Tratto Video - viola;Evidenziatore con punta a scalpello, tratto 1.0-5.0mm. Ideale per carta, fax e fotocopie.;1.10;https://www.asforniture.it/prodotti/evidenziatore-tratto-video-viola--eefeb720-f9dd-40ba-8e81-c9648c01249b;https://odmultimedia.eu/immagini/MD/73534.jpg;Tratto;Cancelleria;0.00;1;22
efec25b1-9d51-4d43-8bf3-e810d0d0933d;Pennarello Stabilo OHPen 842 - punta fine 0.7 mm - rosso;Pennarello universale permanente per quasi tutte le superfici lisce;1.83;https://www.asforniture.it/prodotti/pennarello-stabilo-ohpen-842-punta-fine-0-7-mm-rosso--efec25b1-9d51-4d43-8bf3-e810d0d0933d;https://odmultimedia.eu/immagini/MD/27713.jpg;Stabilo;Cancelleria;0.00;1;22
f1551af5-04d3-4af4-acc5-88c2e840a8a2;Matita in grafite Noris - gradazione H - Staedtler - conf. 12 pezzi;Matita di alta qualità per scrivere, disegnare e fare schizzi. Gradazione: H. Conf. 12 pz.;5.49;https://www.asforniture.it/prodotti/matita-in-grafite-noris-gradazione-h-staedtler-conf-12-pezzi--f1551af5-04d3-4af4-acc5-88c2e840a8a2;https://odmultimedia.eu/immagini/MD/37045.jpg;Staedtler;Cancelleria > Scrittura;0.00;1;22
f1b9902e-64b5-4ddc-b835-0dd256101941;Cartellina a L - A4 - buccia pesante - Starline - conf. 50 pz;Cartelline a L in formato A4, finitura a buccia d'arancia pesante.;10.37;https://www.asforniture.it/prodotti/cartellina-a-l-a4-buccia-pesante-starline-conf-50-pz--f1b9902e-64b5-4ddc-b835-0dd256101941;https://odmultimedia.eu/immagini/MD/STL7416.jpg;Starline;Archivio > Buste Trasparenti;0.00;1;22
f268089c-97e6-4582-a5e6-04136ac2de7e;Nastro adesivo carta - 30 mm x 50 m - beige - Comet;Nastro adesivo in carta coprente, ideale per mascheratura. Misura: 30mm x 50m.;2.20;https://www.asforniture.it/prodotti/nastro-adesivo-carta-30-mm-x-50-m-beige-comet--f268089c-97e6-4582-a5e6-04136ac2de7e;https://odmultimedia.eu/immagini/MD/37915.jpg;Comet;Cancelleria > Imballaggio;0.00;1;22
f358f6f7-a3e6-491b-bcb5-0ea081ee754b;Scatola archivio Big Sei Rota - dorso 12 cm - rosso;Scatola progetto Big in cartone plastificato con maniglia;22.57;https://www.asforniture.it/prodotti/scatola-archivio-big-sei-rota-dorso-12-cm-rosso--f358f6f7-a3e6-491b-bcb5-0ea081ee754b;https://odmultimedia.eu/immagini/HD/25631.jpg;Sei Rota;Archivio > Scatole Archivio;0.00;1;22
f47f899d-b61f-43c4-8dcc-ada0b967baf8;Pennarello Stabilo OHPen 841 - punta superfine 0.4 mm - nero;Pennarello universale permanente per quasi tutte le superfici lisce;1.83;https://www.asforniture.it/prodotti/pennarello-stabilo-ohpen-841-punta-superfine-0-4-mm-nero--f47f899d-b61f-43c4-8dcc-ada0b967baf8;https://odmultimedia.eu/immagini/MD/27701.jpg;Stabilo;Cancelleria;0.00;1;22
f51c0ca3-728f-4b41-8578-372d1fb21c8d;Dispenser per nastro adesivo - 33 m - nero - Lebez;Dispenser da tavolo per nastri adesivi con anima da 33m. Base antiscivolo.;5.49;https://www.asforniture.it/prodotti/dispenser-per-nastro-adesivo-33-m-nero-lebez--f51c0ca3-728f-4b41-8578-372d1fb21c8d;https://odmultimedia.eu/immagini/MD/103608.jpg;Lebez;Cancelleria > Accessori Scrivania;0.00;1;22
fb1511d3-31e2-4371-a7a1-784b246cbb84;Cartella archivio con lacci - dorso 5 cm - grigio - Euro-cart;Cartella archivio con legacci rivettati. Dimensioni 35x25 cm. Dorso 5 cm.;3.42;https://www.asforniture.it/prodotti/cartella-archivio-con-lacci-dorso-5-cm-grigio-euro-cart--fb1511d3-31e2-4371-a7a1-784b246cbb84;https://odmultimedia.eu/immagini/HD/73590.jpg;Euro-cart;Archivio > Cartelle archivio con lacci;0.00;1;22
fe0bd3ff-4068-4d5c-84b0-37d8f1e90578;Busta a sacco Mailpack - 25 x 35,3 cm;Busta bianca 80gr con strip adesivo. Conf. 25 pezzi.;9.15;https://www.asforniture.it/prodotti/busta-a-sacco-mailpack-25-x-35-3-cm--fe0bd3ff-4068-4d5c-84b0-37d8f1e90578;https://odmultimedia.eu/immagini/MD/46148.jpg;Blasetti;Cancelleria > Buste;0.00;1;22
gima-20500;FORBICI PER BENDE con clip - 14 cm;Forbici per bende con clip, lunghezza 14 cm. Prezzo unitario imponibile IVA esclusa.;9.15;https://www.asforniture.it/prodotti/forbici-per-bende-con-clip-14-cm--gima-20500;https://www.gimaitaly.com/images/prodotti/medium/20500.jpg;Gima;Linea Specializzata Astro Medical > Strumentario;0.00;1;22
gima-20695;GISAFE MASCHERINA TIPO IIR - azzurra;Mascherina chirurgica tipo IIR Gisafe, colore azzurro, confezione flowpack. Prezzo unitario imponibile IVA esclusa.;1.21;https://www.asforniture.it/prodotti/gisafe-mascherina-tipo-iir-azzurra--gima-20695;https://www.gimaitaly.com/images/prodotti/medium/20695.jpg;Gima;Linea Specializzata Astro Medical > DPI vie respiratorie;0.00;1;22
gima-20697;GISAFE MASCHERINA TIPO IIR - rosa;Mascherina tipo IIR Gisafe, rosa, in scatola. Prezzo unitario imponibile IVA esclusa.;4.88;https://www.asforniture.it/prodotti/gisafe-mascherina-tipo-iir-rosa--gima-20697;https://www.gimaitaly.com/images/prodotti/medium/20697.jpg;Gima;Linea Specializzata Astro Medical > DPI vie respiratorie;0.00;1;22
gima-20699;GISAFE MASCHERINA TIPO IIR - verde chiaro - scatola;Mascherina tipo IIR Gisafe, verde chiaro, in scatola. Prezzo unitario imponibile IVA esclusa.;4.15;https://www.asforniture.it/prodotti/gisafe-mascherina-tipo-iir-verde-chiaro-scatola--gima-20699;https://www.gimaitaly.com/images/prodotti/medium/20699.jpg;Gima;Linea Specializzata Astro Medical > DPI vie respiratorie;0.00;1;22
gima-20701;GISAFE MASCHERINA TIPO IIR - nera - scatola;Mascherina tipo IIR Gisafe, nera, in scatola. Prezzo unitario imponibile IVA esclusa.;6.41;https://www.asforniture.it/prodotti/gisafe-mascherina-tipo-iir-nera-scatola--gima-20701;https://www.gimaitaly.com/images/prodotti/medium/20701.jpg;Gima;Linea Specializzata Astro Medical > DPI vie respiratorie;0.00;1;22
gima-20703;MASCHERINA CHIRURGICA 4 VELI - verde con lacci;Mascherina chirurgica a 4 veli, verde, con lacci. Prezzo unitario imponibile IVA esclusa.;87.23;https://www.asforniture.it/prodotti/mascherina-chirurgica-4-veli-verde-con-lacci--gima-20703;https://www.gimaitaly.com/images/prodotti/medium/20703.jpg;Gima;Linea Specializzata Astro Medical > DPI vie respiratorie;0.00;1;22
gima-20715;3M AURA 1862+ MASCHERINA FFP2 IIR;Mascherina pieghevole 3M Aura 1862+ FFP2 con prestazioni IIR secondo scheda produttore. Prezzo unitario imponibile IVA esclusa.;104.92;https://www.asforniture.it/prodotti/3m-aura-1862-mascherina-ffp2-iir--gima-20715;https://www.gimaitaly.com/images/prodotti/medium/20715.jpg;3M;Linea Specializzata Astro Medical > DPI vie respiratorie;0.00;1;22
gima-20732;MASCHERINA FFP2 - bianca - Multi-lingua 1;Mascherina FFP2 bianca, versione multilingua 1. Prezzo unitario imponibile IVA esclusa.;5.98;https://www.asforniture.it/prodotti/mascherina-ffp2-bianca-multi-lingua-1--gima-20732;https://www.gimaitaly.com/images/prodotti/medium/20732.jpg;Gima;Linea Specializzata Astro Medical > DPI vie respiratorie;0.00;1;22
gima-20733;MASCHERINA FFP2 - bianca - Multi-lingua 2;Mascherina FFP2 bianca, versione multilingua 2. Prezzo unitario imponibile IVA esclusa.;5.55;https://www.asforniture.it/prodotti/mascherina-ffp2-bianca-multi-lingua-2--gima-20733;https://www.gimaitaly.com/images/prodotti/medium/20733.jpg;Gima;Linea Specializzata Astro Medical > DPI vie respiratorie;0.00;1;22
gima-21401-05;CAMICE BIANCO - donna - taglia S;CAMICE BIANCO - donna - taglia S Linea: Organizzazione e ausili › Abbigliamento. Prezzo unitario imponibile IVA esclusa.;43.92;https://www.asforniture.it/prodotti/camice-bianco-donna-taglia-s--gima-21401-05;https://www.gimaitaly.com/images/prodotti/medium/21401-05.jpg;Gima;Linea Specializzata Astro Medical > Organizzazione e ausili;0.00;1;22
gima-21431-37;CASACCA - unisex - taglia S bianca;CASACCA - unisex - taglia S bianca Linea: Organizzazione e ausili › Abbigliamento. Prezzo unitario imponibile IVA esclusa.;38.43;https://www.asforniture.it/prodotti/casacca-unisex-taglia-s-bianca--gima-21431-37;https://www.gimaitaly.com/images/prodotti/medium/21431-37.jpg;Gima;Linea Specializzata Astro Medical > Organizzazione e ausili;0.00;1;22
gima-22294;SUTURA MONOFILAMENTO ETHICON ETHILON — 4/0 ago 13 mm — GIMA 22294;"Sutura monofilamento non assorbibile ETHILON Ethicon, calibro 4/0, ago 13 mm (P-3), lunghezza filo 45 cm; confezione da 36 pezzi. Prezzo unitario imponibile IVA esclusa.";610.00;https://www.asforniture.it/prodotti/sutura-monofilamento-ethicon-ethilon-4-0-ago-13-mm-gima-22294--gima-22294;https://www.gimaitaly.com/images/prodotti/medium/22294.jpg;Ethicon;Linea Specializzata Astro Medical > Suture chirurgiche;0.00;1;22
gima-22296;SUTURA MONOFILAMENTO ETHICON ETHILON — 3/0 ago 19 mm — GIMA 22296;"Sutura ETHILON Ethicon 3/0, ago 19 mm (FS-2), monofilamento nero; per approssimazione dei tessuti molli. Prezzo unitario imponibile IVA esclusa.";433.10;https://www.asforniture.it/prodotti/sutura-monofilamento-ethicon-ethilon-3-0-ago-19-mm-gima-22296--gima-22296;https://www.gimaitaly.com/images/prodotti/medium/22296.jpg;Ethicon;Linea Specializzata Astro Medical > Suture chirurgiche;0.00;1;22
gima-22297;SUTURA MONOFILAMENTO ETHICON ETHILON — 4/0 ago 19 mm — GIMA 22297;Sutura ETHILON Ethicon 4/0, ago 19 mm (FS-2). Prezzo unitario imponibile IVA esclusa.;191.54;https://www.asforniture.it/prodotti/sutura-monofilamento-ethicon-ethilon-4-0-ago-19-mm-gima-22297--gima-22297;https://www.gimaitaly.com/images/prodotti/medium/22297.jpg;Ethicon;Linea Specializzata Astro Medical > Suture chirurgiche;0.00;1;22
gima-22299;SUTURA MONOFILAMENTO ETHICON ETHILON — 8/0 ago 6,5 mm — GIMA 22299;"Sutura ETHILON Ethicon 8/0, ago 6,5 mm; indicata anche in ambito oftalmico e microchirurgico. Prezzo unitario imponibile IVA esclusa.";378.20;https://www.asforniture.it/prodotti/sutura-monofilamento-ethicon-ethilon-8-0-ago-6-5-mm-gima-22299--gima-22299;https://www.gimaitaly.com/images/prodotti/medium/22299.jpg;Ethicon;Linea Specializzata Astro Medical > Suture chirurgiche;0.00;1;22
gima-22300;SUTURA MONOFILAMENTO ETHICON ETHILON — 6/0 ago 16 mm — GIMA 22300;Sutura ETHILON Ethicon 6/0, ago 16 mm (FS-3). Prezzo unitario imponibile IVA esclusa.;213.50;https://www.asforniture.it/prodotti/sutura-monofilamento-ethicon-ethilon-6-0-ago-16-mm-gima-22300--gima-22300;https://www.gimaitaly.com/images/prodotti/medium/22300.jpg;Ethicon;Linea Specializzata Astro Medical > Suture chirurgiche;0.00;1;22
gima-22301;SUTURA MONOFILAMENTO ETHICON ETHILON — 5/0 ago 19 mm — GIMA 22301;Sutura ETHILON Ethicon 5/0, ago 19 mm (FS-2). Prezzo unitario imponibile IVA esclusa.;200.08;https://www.asforniture.it/prodotti/sutura-monofilamento-ethicon-ethilon-5-0-ago-19-mm-gima-22301--gima-22301;https://www.gimaitaly.com/images/prodotti/medium/22301.jpg;Ethicon;Linea Specializzata Astro Medical > Suture chirurgiche;0.00;1;22
gima-22302;SUTURA MONOFILAMENTO ETHICON ETHILON — 4/0 ago 19 mm FS-2 — GIMA 22302;Sutura ETHILON Ethicon 4/0, ago 19 mm FS-2. Prezzo unitario imponibile IVA esclusa.;191.54;https://www.asforniture.it/prodotti/sutura-monofilamento-ethicon-ethilon-4-0-ago-19-mm-fs-2-gima-22302--gima-22302;https://www.gimaitaly.com/images/prodotti/medium/22302.jpg;Ethicon;Linea Specializzata Astro Medical > Suture chirurgiche;0.00;1;22
gima-22303;SUTURA MONOFILAMENTO ETHICON ETHILON — 3/0 ago 19 mm FS-2 — GIMA 22303;Sutura ETHILON Ethicon 3/0, ago 19 mm FS-2. Prezzo unitario imponibile IVA esclusa.;433.10;https://www.asforniture.it/prodotti/sutura-monofilamento-ethicon-ethilon-3-0-ago-19-mm-fs-2-gima-22303--gima-22303;https://www.gimaitaly.com/images/prodotti/medium/22303.jpg;Ethicon;Linea Specializzata Astro Medical > Suture chirurgiche;0.00;1;22
gima-22304;SUTURA MONOFILAMENTO ETHICON ETHILON — 3/0 ago 24 mm FS-1 — GIMA 22304;Sutura ETHILON Ethicon 3/0, ago 24 mm FS-1, filo 75 cm. Prezzo unitario imponibile IVA esclusa.;451.40;https://www.asforniture.it/prodotti/sutura-monofilamento-ethicon-ethilon-3-0-ago-24-mm-fs-1-gima-22304--gima-22304;https://www.gimaitaly.com/images/prodotti/medium/22304.jpg;Ethicon;Linea Specializzata Astro Medical > Suture chirurgiche;0.00;1;22
gima-22305;SUTURA MONOFILAMENTO ETHICON ETHILON — 5/0 ago 19 mm FS-2 — GIMA 22305;Sutura ETHILON Ethicon 5/0, ago 19 mm FS-2. Prezzo unitario imponibile IVA esclusa.;200.08;https://www.asforniture.it/prodotti/sutura-monofilamento-ethicon-ethilon-5-0-ago-19-mm-fs-2-gima-22305--gima-22305;https://www.gimaitaly.com/images/prodotti/medium/22305.jpg;Ethicon;Linea Specializzata Astro Medical > Suture chirurgiche;0.00;1;22
gima-22307;SUTURA MONOFILAMENTO ETHICON ETHILON — 5/0 ago 19 mm P-3 — GIMA 22307;Sutura ETHILON Ethicon 5/0, ago 19 mm P-3. Prezzo unitario imponibile IVA esclusa.;200.08;https://www.asforniture.it/prodotti/sutura-monofilamento-ethicon-ethilon-5-0-ago-19-mm-p-3-gima-22307--gima-22307;https://www.gimaitaly.com/images/prodotti/medium/22307.jpg;Ethicon;Linea Specializzata Astro Medical > Suture chirurgiche;0.00;1;22
gima-22310;SUTURA SETA ETHICON PERMA-HAND — 4/0 ago 17 mm J-1 — intrecciata — GIMA 22310;"Sutura in seta PERMA-HAND Ethicon, 4/0, ago 17 mm J-1, intrecciata; confezione da 12 pezzi. Prezzo unitario imponibile IVA esclusa.";80.52;https://www.asforniture.it/prodotti/sutura-seta-ethicon-perma-hand-4-0-ago-17-mm-j-1-intrecciata-gima-22310--gima-22310;https://www.gimaitaly.com/images/prodotti/medium/22310.jpg;Ethicon;Linea Specializzata Astro Medical > Suture chirurgiche;0.00;1;22
gima-22311;SUTURA SETA ETHICON PERMA-HAND — 3/0 ago 22 mm — intrecciata — GIMA 22311;Sutura in seta PERMA-HAND Ethicon, 3/0, ago 22 mm, intrecciata. Prezzo unitario imponibile IVA esclusa.;57.34;https://www.asforniture.it/prodotti/sutura-seta-ethicon-perma-hand-3-0-ago-22-mm-intrecciata-gima-22311--gima-22311;https://www.gimaitaly.com/images/prodotti/medium/22311.jpg;Ethicon;Linea Specializzata Astro Medical > Suture chirurgiche;0.00;1;22
gima-22312;SUTURA SETA ETHICON PERMA-HAND — 2/0 ago 22 mm X-1 — intrecciata — GIMA 22312;Sutura in seta PERMA-HAND Ethicon, 2/0, ago 22 mm X-1. Prezzo unitario imponibile IVA esclusa.;87.84;https://www.asforniture.it/prodotti/sutura-seta-ethicon-perma-hand-2-0-ago-22-mm-x-1-intrecciata-gima-22312--gima-22312;https://www.gimaitaly.com/images/prodotti/medium/22312.jpg;Ethicon;Linea Specializzata Astro Medical > Suture chirurgiche;0.00;1;22
gima-22313;SUTURA SETA ETHICON PERMA-HAND — 4/0 ago 19 mm ST-4 — intrecciata — GIMA 22313;Sutura in seta PERMA-HAND Ethicon, 4/0, ago retto 19 mm ST-4. Prezzo unitario imponibile IVA esclusa.;70.76;https://www.asforniture.it/prodotti/sutura-seta-ethicon-perma-hand-4-0-ago-19-mm-st-4-intrecciata-gima-22313--gima-22313;https://www.gimaitaly.com/images/prodotti/medium/22313.jpg;Ethicon;Linea Specializzata Astro Medical > Suture chirurgiche;0.00;1;22
gima-22314;SUTURA SETA ETHICON PERMA-HAND — 4/0 ago 13 mm P-3 — intrecciata — GIMA 22314;Sutura in seta PERMA-HAND Ethicon, 4/0, ago 13 mm P-3. Prezzo unitario imponibile IVA esclusa.;67.10;https://www.asforniture.it/prodotti/sutura-seta-ethicon-perma-hand-4-0-ago-13-mm-p-3-intrecciata-gima-22314--gima-22314;https://www.gimaitaly.com/images/prodotti/medium/22314.jpg;Ethicon;Linea Specializzata Astro Medical > Suture chirurgiche;0.00;1;22
gima-22315;SUTURA SETA ETHICON PERMA-HAND — 3/0 ago 22 mm SH-1 Plus — intrecciata — GIMA 22315;Sutura in seta PERMA-HAND Ethicon, 3/0, ago 22 mm SH-1 Plus. Prezzo unitario imponibile IVA esclusa.;63.44;https://www.asforniture.it/prodotti/sutura-seta-ethicon-perma-hand-3-0-ago-22-mm-sh-1-plus-intrecciata-gima-22315--gima-22315;https://www.gimaitaly.com/images/prodotti/medium/22315.jpg;Ethicon;Linea Specializzata Astro Medical > Suture chirurgiche;0.00;1;22
gima-22316;SUTURA SETA ETHICON PERMA-HAND — 4/0 ago 17 mm FS-2 — intrecciata — GIMA 22316;Sutura in seta PERMA-HAND Ethicon, 4/0, ago 17 mm FS-2. Prezzo unitario imponibile IVA esclusa.;73.20;https://www.asforniture.it/prodotti/sutura-seta-ethicon-perma-hand-4-0-ago-17-mm-fs-2-intrecciata-gima-22316--gima-22316;https://www.gimaitaly.com/images/prodotti/medium/22316.jpg;Ethicon;Linea Specializzata Astro Medical > Suture chirurgiche;0.00;1;22
gima-22319;SUTURA SETA ETHICON PERMA-HAND — 3/0 ago 24 mm FS-1 — intrecciata — GIMA 22319;Sutura in seta PERMA-HAND Ethicon, 3/0, ago 24 mm FS-1. Prezzo unitario imponibile IVA esclusa.;61.00;https://www.asforniture.it/prodotti/sutura-seta-ethicon-perma-hand-3-0-ago-24-mm-fs-1-intrecciata-gima-22319--gima-22319;https://www.gimaitaly.com/images/prodotti/medium/22319.jpg;Ethicon;Linea Specializzata Astro Medical > Suture chirurgiche;0.00;1;22
gima-22320;SUTURA MONOFILAMENTO ETHICON PROLENE BLUE — 4/0 ago 19 mm FS-2 — GIMA 22320;"Sutura monofilamento PROLENE blu Ethicon, 4/0, ago 19 mm FS-2; polipropilene non assorbibile. Prezzo unitario imponibile IVA esclusa.";247.66;https://www.asforniture.it/prodotti/sutura-monofilamento-ethicon-prolene-blue-4-0-ago-19-mm-fs-2-gima-22320--gima-22320;https://www.gimaitaly.com/images/prodotti/medium/22320.jpg;Ethicon;Linea Specializzata Astro Medical > Suture chirurgiche;0.00;1;22
gima-22321;SUTURA MONOFILAMENTO ETHICON PROLENE BLUE — 4/0 ago 19 mm FS-2 — GIMA 22321;Sutura PROLENE Ethicon 4/0, ago 19 mm FS-2, filo 45 cm. Prezzo unitario imponibile IVA esclusa.;241.56;https://www.asforniture.it/prodotti/sutura-monofilamento-ethicon-prolene-blue-4-0-ago-19-mm-fs-2-gima-22321--gima-22321;https://www.gimaitaly.com/images/prodotti/medium/22321.jpg;Ethicon;Linea Specializzata Astro Medical > Suture chirurgiche;0.00;1;22
gima-22322;SUTURA MONOFILAMENTO ETHICON PROLENE BLUE — 6/0 ago 16 mm PC-3 Prime — GIMA 22322;Sutura PROLENE Ethicon 6/0, ago 16 mm PC-3 Prime. Prezzo unitario imponibile IVA esclusa.;278.16;https://www.asforniture.it/prodotti/sutura-monofilamento-ethicon-prolene-blue-6-0-ago-16-mm-pc-3-prime-gima-22322--gima-22322;https://www.gimaitaly.com/images/prodotti/medium/22322.jpg;Ethicon;Linea Specializzata Astro Medical > Suture chirurgiche;0.00;1;22
gima-22360;SUTURA ASSORBIBILE ETHICON VICRYL PLUS — 4/0 ago 19 mm — intrecciata — GIMA 22360;"Sutura assorbibile VICRYL PLUS intrecciata Ethicon, 4/0, ago 19 mm FS-2; rivestimento antibatterico. Prezzo unitario imponibile IVA esclusa.";363.56;https://www.asforniture.it/prodotti/sutura-assorbibile-ethicon-vicryl-plus-4-0-ago-19-mm-intrecciata-gima-22360--gima-22360;https://www.gimaitaly.com/images/prodotti/medium/22360.jpg;Ethicon;Linea Specializzata Astro Medical > Suture chirurgiche;0.00;1;22
gima-22361;SUTURA ASSORBIBILE ETHICON VICRYL PLUS — 3/0 ago 17 mm RB-1 Plus — intrecciata — GIMA 22361;Sutura VICRYL PLUS Ethicon 3/0, ago 17 mm RB-1 Plus. Prezzo unitario imponibile IVA esclusa.;372.10;https://www.asforniture.it/prodotti/sutura-assorbibile-ethicon-vicryl-plus-3-0-ago-17-mm-rb-1-plus-intrecciata-gima---gima-22361;https://www.gimaitaly.com/images/prodotti/medium/22361.jpg;Ethicon;Linea Specializzata Astro Medical > Suture chirurgiche;0.00;1;22
gima-22362;SUTURA ASSORBIBILE ETHICON VICRYL PLUS — 3/0 ago 24 mm FS-1 — intrecciata — GIMA 22362;Sutura VICRYL PLUS Ethicon 3/0, ago 24 mm FS-1. Prezzo unitario imponibile IVA esclusa.;375.76;https://www.asforniture.it/prodotti/sutura-assorbibile-ethicon-vicryl-plus-3-0-ago-24-mm-fs-1-intrecciata-gima-22362--gima-22362;https://www.gimaitaly.com/images/prodotti/medium/22362.jpg;Ethicon;Linea Specializzata Astro Medical > Suture chirurgiche;0.00;1;22
gima-22363;SUTURA ASSORBIBILE ETHICON VICRYL PLUS — 2/0 ago 24 mm — intrecciata — GIMA 22363;Sutura VICRYL PLUS Ethicon 2/0, ago 24 mm FS-1, intrecciata. Prezzo unitario imponibile IVA esclusa.;384.30;https://www.asforniture.it/prodotti/sutura-assorbibile-ethicon-vicryl-plus-2-0-ago-24-mm-intrecciata-gima-22363--gima-22363;https://www.gimaitaly.com/images/prodotti/medium/22363.jpg;Ethicon;Linea Specializzata Astro Medical > Suture chirurgiche;0.00;1;22
gima-23454;RILEVATORE DI VENE PROFESSIONALE QV-600 — GIMA 23454;"Rilevatore di vene professionale QV-600 con display; 12 modalità colore per adattarsi a età e tipologia del paziente. Per flebologia e accessi venosi difficili. Prezzo unitario imponibile IVA esclusa.";3123.20;https://www.asforniture.it/prodotti/rilevatore-di-vene-professionale-qv-600-gima-23454--gima-23454;https://www.gimaitaly.com/images/prodotti/medium/23454.jpg;Gima;Linea Specializzata Astro Medical > Rilevatori di vene;0.00;1;22
gima-23456;RILEVATORE DI VENE PROFESSIONALE QV-500 — GIMA 23456;"Rilevatore di vene professionale QV-500; 7 modalità colore, uso ambulatoriale e sala operatoria. Prezzo unitario imponibile IVA esclusa.";2403.40;https://www.asforniture.it/prodotti/rilevatore-di-vene-professionale-qv-500-gima-23456--gima-23456;https://www.gimaitaly.com/images/prodotti/medium/23456.jpg;Gima;Linea Specializzata Astro Medical > Rilevatori di vene;0.00;1;22
gima-23495;Misuratore Pressione iHealth NEO BP5S (braccio);"Misuratore digitale da braccio iHealth NEO BP5S: monitoraggio della pressione arteriosa in uso domestico o professionale leggero. Compatibile con app iHealth per storico misurazioni; funzioni e precisione secondo specifiche del produttore. Prezzo unitario imponibile IVA esclusa.";129.32;https://www.asforniture.it/prodotti/misuratore-pressione-ihealth-neo-bp5s-braccio--gima-23495;https://www.gimaitaly.com/images/prodotti/medium/23495.jpg;iHealth;Linea Specializzata Astro Medical > Elettromedicali;0.00;1;22
gima-23499;Misuratore Pressione iHealth TRACK (braccio);"Misuratore pressione da braccio iHealth TRACK, formato compatto per uso quotidiano. Ideale per chi desidera tenere sotto controllo i valori in autonomia; dettagli tecnici e connettività secondo scheda produttore. Prezzo unitario imponibile IVA esclusa.";39.04;https://www.asforniture.it/prodotti/misuratore-pressione-ihealth-track-braccio--gima-23499;https://www.gimaitaly.com/images/prodotti/medium/23499.jpg;iHealth;Linea Specializzata Astro Medical > Elettromedicali;0.00;1;22
gima-23500;Misuratore Pressione iHealth BP5 (braccio);"Misuratore pressione da braccio iHealth BP5 con connettività secondo scheda tecnica. Per tracciamento pressione e polso in modo semplice; cuffia e alimentazione come da kit produttore. Prezzo unitario imponibile IVA esclusa.";100.04;https://www.asforniture.it/prodotti/misuratore-pressione-ihealth-bp5-braccio--gima-23500;https://www.gimaitaly.com/images/prodotti/medium/23500.jpeg;iHealth;Linea Specializzata Astro Medical > Elettromedicali;0.00;1;22
gima-23501;Misuratore Pressione iHealth SENSE BP7 (polso);"Misuratore pressione da polso iHealth SENSE BP7, formato tascabile. Indicato per controlli rapidi; seguire le istruzioni di posizionamento per letture affidabili. Prezzo unitario imponibile IVA esclusa.";17.57;https://www.asforniture.it/prodotti/misuratore-pressione-ihealth-sense-bp7-polso--gima-23501;https://www.gimaitaly.com/images/prodotti/medium/23501.jpeg;iHealth;Linea Specializzata Astro Medical > Elettromedicali;0.00;1;22
gima-23502;Misuratore Pressione iHealth VIEW BP7S (polso c/display);"Misuratore pressione da polso iHealth VIEW BP7S con display integrato. Visualizzazione immediata dei valori; funzioni aggiuntive e memoria secondo specifiche iHealth. Prezzo unitario imponibile IVA esclusa.";108.58;https://www.asforniture.it/prodotti/misuratore-pressione-ihealth-view-bp7s-polso-c-display--gima-23502;https://www.gimaitaly.com/images/prodotti/medium/23502.jpg;iHealth;Linea Specializzata Astro Medical > Elettromedicali;0.00;1;22
gima-23503;Bilancia Analisi iHealth FIT HS2S Wireless;Bilancia smart iHealth FIT HS2S con analisi corporea e connessione wireless. Pensata per il monitoraggio del peso e dei parametri indicati dal produttore tramite app dedicata. Prezzo unitario imponibile IVA esclusa.;73.81;https://www.asforniture.it/prodotti/bilancia-analisi-ihealth-fit-hs2s-wireless--gima-23503;https://www.gimaitaly.com/images/prodotti/medium/23503.jpg;iHealth;Linea Specializzata Astro Medical > Elettromedicali;0.00;1;22
gima-23510-14;Glucometro iHealth BG5 (senza strisce);"Glucometro iHealth BG5 per rilevazione della glicemia (senza strisce in dotazione). Richiede strisce dedicate iHealth vendute separatamente; trasmissione dati e funzioni come da documentazione ufficiale. Prezzo unitario imponibile IVA esclusa.";51.12;https://www.asforniture.it/prodotti/glucometro-ihealth-bg5-senza-strisce--gima-23510-14;https://www.gimaitaly.com/images/prodotti/medium/23510-14.jpg;iHealth;Linea Specializzata Astro Medical > Elettromedicali;0.00;1;22
gima-23511;Strisce Glicemia iHealth (Conf. Small);"Strisce reattive per glicemia iHealth, confezione small. Da utilizzare esclusivamente con i glucometri compatibili indicati dal produttore; conservazione e modalità d’uso come da istruzioni in confezione. Prezzo unitario imponibile IVA esclusa.";17.08;https://www.asforniture.it/prodotti/strisce-glicemia-ihealth-conf-small--gima-23511;https://www.gimaitaly.com/images/prodotti/medium/23511.jpg;iHealth;Linea Specializzata Astro Medical > Elettromedicali;0.00;1;22
gima-23512;Strisce Glicemia iHealth (Conf. Large);"Strisce reattive per glicemia iHealth, confezione large. Compatibilità e scadenza secondo indicazioni iHealth; abbinare al glucometro della stessa linea. Prezzo unitario imponibile IVA esclusa.";34.16;https://www.asforniture.it/prodotti/strisce-glicemia-ihealth-conf-large--gima-23512;https://www.gimaitaly.com/images/prodotti/medium/23512.jpg;iHealth;Linea Specializzata Astro Medical > Elettromedicali;0.00;1;22
gima-23525;Pulsoximetro Wireless iHealth;"Pulsossimetro wireless iHealth per saturazione e frequenza; utilizzo non invasivo a dito. Adatto a monitoraggio rapido in contesti domestici o mobili; specifiche di misura e app secondo produttore. Prezzo unitario imponibile IVA esclusa.";98.82;https://www.asforniture.it/prodotti/pulsoximetro-wireless-ihealth--gima-23525;https://www.gimaitaly.com/images/prodotti/medium/23525.jpg;iHealth;Linea Specializzata Astro Medical > Elettromedicali;0.00;1;22
gima-23662;CATETERE IV INTROCAN SAFETY B-BRAUN 18G 45 mm — sterile — GIMA 23662;"Catetere venoso periferico INTROCAN SAFETY B-Braun 18G (1,3×45 mm), sterile, con dispositivo di sicurezza. Radiopaco; confezione secondo listino Gima. Prezzo unitario imponibile IVA esclusa.";235.46;https://www.asforniture.it/prodotti/catetere-iv-introcan-safety-b-braun-18g-45-mm-sterile-gima-23662--gima-23662;https://www.gimaitaly.com/images/prodotti/medium/23662.jpg;B.Braun;Linea Specializzata Astro Medical > Aghi, cateteri e cannule;0.00;1;22
gima-23663;CATETERE IV INTROCAN SAFETY B-BRAUN 20G 32 mm — sterile — GIMA 23663;Catetere venoso periferico INTROCAN SAFETY B-Braun 20G (1,1×32 mm), sterile, con dispositivo di sicurezza. Prezzo unitario imponibile IVA esclusa.;235.46;https://www.asforniture.it/prodotti/catetere-iv-introcan-safety-b-braun-20g-32-mm-sterile-gima-23663--gima-23663;https://www.gimaitaly.com/images/prodotti/medium/23663.jpg;B.Braun;Linea Specializzata Astro Medical > Aghi, cateteri e cannule;0.00;1;22
gima-23664;CATETERE IV INTROCAN SAFETY B-BRAUN 22G 25 mm — sterile — GIMA 23664;Catetere venoso periferico INTROCAN SAFETY B-Braun 22G (0,9×25 mm), sterile, con dispositivo di sicurezza. Prezzo unitario imponibile IVA esclusa.;235.46;https://www.asforniture.it/prodotti/catetere-iv-introcan-safety-b-braun-22g-25-mm-sterile-gima-23664--gima-23664;https://www.gimaitaly.com/images/prodotti/medium/23664.jpg;B.Braun;Linea Specializzata Astro Medical > Aghi, cateteri e cannule;0.00;1;22
gima-23705;AGHI BD QUINCKE 18G — 1,2×90 mm — rosa — GIMA 23705;"Ago spinale Quincke BD 18G (1,2×90 mm), colore rosa; per procedure che richiedono ago a punta lancetta. Prezzo unitario imponibile IVA esclusa.";48.68;https://www.asforniture.it/prodotti/aghi-bd-quincke-18g-1-2-90-mm-rosa-gima-23705--gima-23705;https://www.gimaitaly.com/images/prodotti/medium/23705.jpg;BD;Linea Specializzata Astro Medical > Aghi, cateteri e cannule;0.00;1;22
gima-23707;AGHI BD QUINCKE 20G — 0,9×90 mm — giallo — GIMA 23707;Ago spinale Quincke BD 20G (0,9×90 mm), colore giallo. Prezzo unitario imponibile IVA esclusa.;48.68;https://www.asforniture.it/prodotti/aghi-bd-quincke-20g-0-9-90-mm-giallo-gima-23707--gima-23707;https://www.gimaitaly.com/images/prodotti/medium/23707.jpg;BD;Linea Specializzata Astro Medical > Aghi, cateteri e cannule;0.00;1;22
gima-23709;AGHI BD QUINCKE 22G — 0,7×90 mm — nero — GIMA 23709;Ago spinale Quincke BD 22G (0,7×90 mm), colore nero. Prezzo unitario imponibile IVA esclusa.;48.68;https://www.asforniture.it/prodotti/aghi-bd-quincke-22g-0-7-90-mm-nero-gima-23709--gima-23709;https://www.gimaitaly.com/images/prodotti/medium/23709.jpg;BD;Linea Specializzata Astro Medical > Aghi, cateteri e cannule;0.00;1;22
gima-23712;AGO CANNULA BD VENFLON PRO SAFETY 18G 32 mm — sterile — GIMA 23712;Cannula venosa BD Venflon Pro Safety 18G (1,3×32 mm), sterile, con meccanismo di sicurezza integrato. Prezzo unitario imponibile IVA esclusa.;81.13;https://www.asforniture.it/prodotti/ago-cannula-bd-venflon-pro-safety-18g-32-mm-sterile-gima-23712--gima-23712;https://www.gimaitaly.com/images/prodotti/medium/23712.jpg;BD;Linea Specializzata Astro Medical > Aghi, cateteri e cannule;0.00;1;22
gima-23713;AGO CANNULA BD VENFLON PRO SAFETY 20G 32 mm — sterile — GIMA 23713;Cannula venosa BD Venflon Pro Safety 20G (1,1×32 mm), sterile. Prezzo unitario imponibile IVA esclusa.;81.13;https://www.asforniture.it/prodotti/ago-cannula-bd-venflon-pro-safety-20g-32-mm-sterile-gima-23713--gima-23713;https://www.gimaitaly.com/images/prodotti/medium/23713.jpg;BD;Linea Specializzata Astro Medical > Aghi, cateteri e cannule;0.00;1;22
gima-23714;AGO CANNULA BD VENFLON PRO SAFETY 22G 25 mm — sterile — GIMA 23714;Cannula venosa BD Venflon Pro Safety 22G (0,9×25 mm), sterile. Prezzo unitario imponibile IVA esclusa.;81.13;https://www.asforniture.it/prodotti/ago-cannula-bd-venflon-pro-safety-22g-25-mm-sterile-gima-23714--gima-23714;https://www.gimaitaly.com/images/prodotti/medium/23714.jpg;BD;Linea Specializzata Astro Medical > Aghi, cateteri e cannule;0.00;1;22
gima-23715;AGO CANNULA BD VENFLON 18G 45 mm;AGO CANNULA BD VENFLON 18G 45 mm Linea: Farmacia e cura › Consumabili. Prezzo unitario imponibile IVA esclusa.;5.49;https://www.asforniture.it/prodotti/ago-cannula-bd-venflon-18g-45-mm--gima-23715;https://www.gimaitaly.com/images/prodotti/medium/23715.jpg;Gima;Linea Specializzata Astro Medical > Farmacia e cura;0.00;1;22
gima-23716;AGO CANNULA BD VENFLON 20G 32 mm — sterile — GIMA 23716;Cannula venosa BD Venflon 20G (1,1×32 mm), sterile, linea standard. Prezzo unitario imponibile IVA esclusa.;40.50;https://www.asforniture.it/prodotti/ago-cannula-bd-venflon-20g-32-mm-sterile-gima-23716--gima-23716;https://www.gimaitaly.com/images/prodotti/medium/23716.jpg;BD;Linea Specializzata Astro Medical > Aghi, cateteri e cannule;0.00;1;22
gima-23717;AGO CANNULA BD VENFLON 22G 25 mm — sterile — GIMA 23717;Cannula venosa BD Venflon 22G (0,9×25 mm), sterile. Prezzo unitario imponibile IVA esclusa.;40.50;https://www.asforniture.it/prodotti/ago-cannula-bd-venflon-22g-25-mm-sterile-gima-23717--gima-23717;https://www.gimaitaly.com/images/prodotti/medium/23717.jpg;BD;Linea Specializzata Astro Medical > Aghi, cateteri e cannule;0.00;1;22
gima-23733;CATETERE IV VASOFIX SAFETY PUR B-BRAUN 18G 45 mm — sterile — GIMA 23733;Catetere VASOFIX Safety PUR B-Braun 18G (1,3×45 mm), sterile, poliuretano radiopaco con dispositivo di sicurezza. Prezzo unitario imponibile IVA esclusa.;109.80;https://www.asforniture.it/prodotti/catetere-iv-vasofix-safety-pur-b-braun-18g-45-mm-sterile-gima-23733--gima-23733;https://www.gimaitaly.com/images/prodotti/medium/23733.jpg;B.Braun;Linea Specializzata Astro Medical > Aghi, cateteri e cannule;0.00;1;22
gima-23734;CATETERE IV VASOFIX SAFETY PUR B-BRAUN 20G 33 mm — sterile — GIMA 23734;Catetere VASOFIX Safety PUR B-Braun 20G (1,1×33 mm), sterile. Prezzo unitario imponibile IVA esclusa.;109.80;https://www.asforniture.it/prodotti/catetere-iv-vasofix-safety-pur-b-braun-20g-33-mm-sterile-gima-23734--gima-23734;https://www.gimaitaly.com/images/prodotti/medium/23734.jpg;B.Braun;Linea Specializzata Astro Medical > Aghi, cateteri e cannule;0.00;1;22
gima-23803;SIRINGA INSULINA AGO INSERITO 27G;SIRINGA INSULINA AGO INSERITO 27G Linea: Farmacia e cura › Consumabili. Prezzo unitario imponibile IVA esclusa.;12.08;https://www.asforniture.it/prodotti/siringa-insulina-ago-inserito-27g--gima-23803;https://www.gimaitaly.com/images/prodotti/medium/23803.jpg;Gima;Linea Specializzata Astro Medical > Farmacia e cura;0.00;1;22
gima-24050;ANALIZZATORE URINA URILYZER 500 PRO con stampante;Analizzatore urinario Urilyzer 500 PRO con stampante integrata (cod. GIMA 24050). Strumento professionale per screening urinari ad alto volume in laboratorio e ambulatorio: lettura automatica delle strisce, gestione risultati e stampa immediata dei referti. Ideale per strutture sanitarie e poliambulatori. Verificare strisce e consumabili compatibili sulla scheda tecnica del produttore. Prezzo unitario imponibile IVA esclusa.;3660.00;https://www.asforniture.it/prodotti/analizzatore-urina-urilyzer-500-pro-con-stampante--gima-24050;https://www.gimaitaly.com/images/prodotti/medium/24050.jpg;Gima;Linea Specializzata Astro Medical > Elettromedicali;0.00;1;22
gima-24128;GimaCare — Monitor multiparametrico (ref. 24128);Monitor multiparametrico GimaCare per lettura strisce dedicate (glucosio, chetoni, lattato, colesterolo, acido urico, emoglobina) e soluzioni di controllo omologate. Prezzo unitario imponibile IVA esclusa.;119.56;https://www.asforniture.it/prodotti/gimacare-monitor-multiparametrico-ref-24128--gima-24128;https://www.gimaitaly.com/images/prodotti/medium/24128.jpg;Gima;Linea Specializzata Astro Medical > Diagnostica professionale;0.00;1;22
gima-24132;GimaCare — Strisce glucosio (monitor 24128);"Strisce reattive glucosio per monitor GimaCare 24128; uso professionale. Prezzo unitario imponibile IVA esclusa.";27.45;https://www.asforniture.it/prodotti/gimacare-strisce-glucosio-monitor-24128--gima-24132;https://www.gimaitaly.com/images/prodotti/medium/24132.jpg;Gima;Linea Specializzata Astro Medical > Diagnostica professionale;0.00;1;22
gima-24133;GimaCare — Strisce chetoni (monitor 24128);Strisce chetoni compatibili monitor GimaCare 24128. Prezzo unitario imponibile IVA esclusa.;29.28;https://www.asforniture.it/prodotti/gimacare-strisce-chetoni-monitor-24128--gima-24133;https://www.gimaitaly.com/images/prodotti/medium/24133.jpg;Gima;Linea Specializzata Astro Medical > Diagnostica professionale;0.00;1;22
gima-24134;GimaCare — Strisce lattato (monitor 24128);Strisce lattato per monitor GimaCare 24128. Prezzo unitario imponibile IVA esclusa.;34.16;https://www.asforniture.it/prodotti/gimacare-strisce-lattato-monitor-24128--gima-24134;https://www.gimaitaly.com/images/prodotti/medium/24134.jpg;Gima;Linea Specializzata Astro Medical > Diagnostica professionale;0.00;1;22
gima-24135;GimaCare — Strisce colesterolo (monitor 24128);Strisce colesterolo per monitor GimaCare 24128. Prezzo unitario imponibile IVA esclusa.;37.82;https://www.asforniture.it/prodotti/gimacare-strisce-colesterolo-monitor-24128--gima-24135;https://www.gimaitaly.com/images/prodotti/medium/24135.jpg;Gima;Linea Specializzata Astro Medical > Diagnostica professionale;0.00;1;22
gima-24136;GimaCare — Strisce acido urico (monitor 24128);Strisce acido urico per monitor GimaCare 24128. Prezzo unitario imponibile IVA esclusa.;31.72;https://www.asforniture.it/prodotti/gimacare-strisce-acido-urico-monitor-24128--gima-24136;https://www.gimaitaly.com/images/prodotti/medium/24136.jpg;Gima;Linea Specializzata Astro Medical > Diagnostica professionale;0.00;1;22
gima-24137;GimaCare — Strisce emoglobina (monitor 24128);Strisce emoglobina per monitor GimaCare 24128. Prezzo unitario imponibile IVA esclusa.;35.38;https://www.asforniture.it/prodotti/gimacare-strisce-emoglobina-monitor-24128--gima-24137;https://www.gimaitaly.com/images/prodotti/medium/24137.jpg;Gima;Linea Specializzata Astro Medical > Diagnostica professionale;0.00;1;22
gima-24147;GimaCare — Soluzione di controllo livello 1;Soluzione di controllo livello 1 per linea GimaCare / monitor 24128. Prezzo unitario imponibile IVA esclusa.;21.96;https://www.asforniture.it/prodotti/gimacare-soluzione-di-controllo-livello-1--gima-24147;https://www.gimaitaly.com/images/prodotti/medium/24147.jpg;Gima;Linea Specializzata Astro Medical > Diagnostica professionale;0.00;1;22
gima-24148;GimaCare — Soluzione di controllo livello 2;Soluzione di controllo livello 2 per linea GimaCare / monitor 24128. Prezzo unitario imponibile IVA esclusa.;21.96;https://www.asforniture.it/prodotti/gimacare-soluzione-di-controllo-livello-2--gima-24148;https://www.gimaitaly.com/images/prodotti/medium/24148.jpg;Gima;Linea Specializzata Astro Medical > Diagnostica professionale;0.00;1;22
gima-24561;Drug Reader 24561 (apparecchio lettura cup);"Apparecchio Drug Reader codice 24561 per lettura cup test dedicati; listino Gima. Prezzo unitario imponibile IVA esclusa.";1030.90;https://www.asforniture.it/prodotti/drug-reader-24561-apparecchio-lettura-cup--gima-24561;https://www.gimaitaly.com/images/prodotti/medium/24561.jpg;Gima;Linea Specializzata Astro Medical > Diagnostica professionale;0.00;1;22
gima-24562;Cup test 24561 — pannello 5 sostanze;Cup test compatibile Drug Reader 24561 — 5 analiti. Prezzo unitario imponibile IVA esclusa.;58.56;https://www.asforniture.it/prodotti/cup-test-24561-pannello-5-sostanze--gima-24562;https://www.gimaitaly.com/images/prodotti/medium/24562.jpg;Gima;Linea Specializzata Astro Medical > Diagnostica professionale;0.00;1;22
gima-24563;Cup test 24561 — pannello 10 sostanze;Cup test compatibile Drug Reader 24561 — 10 analiti. Prezzo unitario imponibile IVA esclusa.;92.72;https://www.asforniture.it/prodotti/cup-test-24561-pannello-10-sostanze--gima-24563;https://www.gimaitaly.com/images/prodotti/medium/24563.jpg;Gima;Linea Specializzata Astro Medical > Diagnostica professionale;0.00;1;22
gima-24600;Analizzatore 24600 (lettura cassette);"Analizzatore codice 24600 per cassette dedicate (PCR, procalcitonina, D-dimero, Influenza A/B, RSV, vitamina D, ecc.). Listino imponibile IVA esclusa; configurazione commerciale da confermare con Gima.";3001.20;https://www.asforniture.it/prodotti/analizzatore-24600-lettura-cassette--gima-24600;https://www.gimaitaly.com/images/prodotti/medium/24600.jpg;Gima;Linea Specializzata Astro Medical > Diagnostica professionale;0.00;1;22
gima-24605;Cassetta 24600 — PCR;Cassetta per analizzatore 24600 — profilo PCR. Prezzo unitario imponibile IVA esclusa.;82.96;https://www.asforniture.it/prodotti/cassetta-24600-pcr--gima-24605;https://www.gimaitaly.com/images/prodotti/medium/24605.jpg;Gima;Linea Specializzata Astro Medical > Diagnostica professionale;0.00;1;22
gima-24606;Cassetta 24600 — Procalcitonina;Cassetta procalcitonina per analizzatore 24600. Prezzo unitario imponibile IVA esclusa.;87.84;https://www.asforniture.it/prodotti/cassetta-24600-procalcitonina--gima-24606;https://www.gimaitaly.com/images/prodotti/medium/24606.jpg;Gima;Linea Specializzata Astro Medical > Diagnostica professionale;0.00;1;22
gima-24608;Cassetta 24600 — D-Dimero;Cassetta D-dimero per analizzatore 24600. Prezzo unitario imponibile IVA esclusa.;70.76;https://www.asforniture.it/prodotti/cassetta-24600-d-dimero--gima-24608;https://www.gimaitaly.com/images/prodotti/medium/24608.jpg;Gima;Linea Specializzata Astro Medical > Diagnostica professionale;0.00;1;22
gima-24610;Cassetta 24600 — Influenza A/B;Cassetta Influenza A/B per analizzatore 24600. Prezzo unitario imponibile IVA esclusa.;78.08;https://www.asforniture.it/prodotti/cassetta-24600-influenza-a-b--gima-24610;https://www.gimaitaly.com/images/prodotti/medium/24610.jpg;Gima;Linea Specializzata Astro Medical > Diagnostica professionale;0.00;1;22
gima-24612;Cassetta 24600 — RSV;Cassetta RSV per analizzatore 24600. Prezzo unitario imponibile IVA esclusa.;74.42;https://www.asforniture.it/prodotti/cassetta-24600-rsv--gima-24612;https://www.gimaitaly.com/images/prodotti/medium/24612.jpg;Gima;Linea Specializzata Astro Medical > Diagnostica professionale;0.00;1;22
gima-24614;Cassetta 24600 — Vitamina D;Cassetta vitamina D per analizzatore 24600. Prezzo unitario imponibile IVA esclusa.;67.10;https://www.asforniture.it/prodotti/cassetta-24600-vitamina-d--gima-24614;https://www.gimaitaly.com/images/prodotti/medium/24614.jpg;Gima;Linea Specializzata Astro Medical > Diagnostica professionale;0.00;1;22
gima-24900;GONIOMETRO PER DITA — acciaio inox 15 cm — GIMA 24900;"Goniometro da dita in acciaio inox AISI 430, 15 cm; scala 180° in incrementi di 5°. Prezzo unitario imponibile IVA esclusa.";26.60;https://www.asforniture.it/prodotti/goniometro-per-dita-acciaio-inox-15-cm-gima-24900--gima-24900;https://www.gimaitaly.com/images/prodotti/medium/24900.jpg;Gima;Linea Specializzata Astro Medical > Antropometria e misurazione;0.00;1;22
gima-24901;GONIOMETRO DIGIT 180° — acciaio inox 15 cm — GIMA 24901;"Goniometro Digit 180°; misurazione con una mano, flessione 110° e iperestensione 40°. Prezzo unitario imponibile IVA esclusa.";29.28;https://www.asforniture.it/prodotti/goniometro-digit-180-acciaio-inox-15-cm-gima-24901--gima-24901;https://www.gimaitaly.com/images/prodotti/medium/24901.jpg;Gima;Linea Specializzata Astro Medical > Antropometria e misurazione;0.00;1;22
gima-24902;GONIOMETRO ROBINSON 180° — acciaio inox 17,5 cm — GIMA 24902;Goniometro tascabile Robinson 180° per medici e fisioterapisti. Prezzo unitario imponibile IVA esclusa.;21.96;https://www.asforniture.it/prodotti/goniometro-robinson-180-acciaio-inox-17-5-cm-gima-24902--gima-24902;https://www.gimaitaly.com/images/prodotti/medium/24902.jpg;Gima;Linea Specializzata Astro Medical > Antropometria e misurazione;0.00;1;22
gima-24903;GONIOMETRO 360° — acciaio inox 35 cm — GIMA 24903;"Goniometro 360° con doppia scala 180° opposta; manopola regolabile tensione bracci. Prezzo unitario imponibile IVA esclusa.";39.04;https://www.asforniture.it/prodotti/goniometro-360-acciaio-inox-35-cm-gima-24903--gima-24903;https://www.gimaitaly.com/images/prodotti/medium/24903.jpg;Gima;Linea Specializzata Astro Medical > Antropometria e misurazione;0.00;1;22
gima-24904;GONIOMETRO A BRACCI LUNGHI 180° — acciaio inox 35 cm — GIMA 24904;"Goniometro a bracci lunghi 14""/35 cm; scala lineare in incrementi di 1° per tutte le articolazioni. Prezzo unitario imponibile IVA esclusa.";42.70;https://www.asforniture.it/prodotti/goniometro-a-bracci-lunghi-180-acciaio-inox-35-cm-gima-24904--gima-24904;https://www.gimaitaly.com/images/prodotti/medium/24904.jpg;Gima;Linea Specializzata Astro Medical > Antropometria e misurazione;0.00;1;22
gima-24990;PESANEONATO ELETTRONICA PROFESSIONALE WUNDER BABY 02-1 — Classe III — GIMA 24990;"Bilancia elettronica professionale portatile per neonati 6–15 kg, Classe III; funzioni hold, tara, milk intake, RS232. Superficie ABS 560×290 mm. Made in Italy. Prezzo unitario imponibile IVA esclusa.";634.40;https://www.asforniture.it/prodotti/pesaneonato-elettronica-professionale-wunder-baby-02-1-classe-iii-gima-24990--gima-24990;https://www.gimaitaly.com/images/prodotti/medium/24990.jpg;Gima;Linea Specializzata Astro Medical > Bilance professionali e pesaneonati;0.00;1;22
gima-25000;PESAPERSONE DIGITALE PROFESSIONALE WUNDER RB200 250 kg — Classe III — GIMA 25000;"Pesapersone digitale Wunder RB200, portata 250 kg, Classe III; uso ospedaliero e ambulatoriale. Compatibile con statimetro WH200 GIMA 25005. Prezzo unitario imponibile IVA esclusa.";573.40;https://www.asforniture.it/prodotti/pesapersone-digitale-professionale-wunder-rb200-250-kg-classe-iii-gima-25000--gima-25000;https://www.gimaitaly.com/images/prodotti/medium/25000.jpg;Gima;Linea Specializzata Astro Medical > Bilance mediche professionali;0.00;1;22
gima-25003;PESAPERSONE DIGITALE PROFESSIONALE WUNDER RA300 300 kg — Classe III — GIMA 25003;"Pesapersone Wunder RA300, portata 300 kg, Classe III; struttura rinforzata per pazienti bariatrici. Prezzo unitario imponibile IVA esclusa.";854.00;https://www.asforniture.it/prodotti/pesapersone-digitale-professionale-wunder-ra300-300-kg-classe-iii-gima-25003--gima-25003;https://www.gimaitaly.com/images/prodotti/medium/25003.jpg;Gima;Linea Specializzata Astro Medical > Bilance mediche professionali;0.00;1;22
gima-25005;STATIMETRO WH200 per bilance — GIMA 25005;Statimetro WH200 per abbinamento a bilance Wunder RB200/RA300 e sistemi compatibili. Prezzo unitario imponibile IVA esclusa.;112.24;https://www.asforniture.it/prodotti/statimetro-wh200-per-bilance-gima-25005--gima-25005;https://www.gimaitaly.com/images/prodotti/medium/25005.jpg;Gima;Linea Specializzata Astro Medical > Antropometria e misurazione;0.00;1;22
gima-25008;PESAPERSONE A STADERA WUNDER C201;PESAPERSONE A STADERA WUNDER C201 Linea: Diagnostica › Elettromedicali. Prezzo unitario imponibile IVA esclusa.;46.36;https://www.asforniture.it/prodotti/pesapersone-a-stadera-wunder-c201--gima-25008;https://www.gimaitaly.com/images/prodotti/medium/25008.jpg;Gima;Linea Specializzata Astro Medical > Diagnostica;0.00;1;22
gima-25015;ANALIZZATORE DI COMPOSIZIONE CORPOREA WUNDER WBA300 CON STAMPANTE — Classe III — GIMA 25015;Analizzatore composizione corporea Wunder WBA300 con stampante integrata, Classe III. Abbinare elettrodi GIMA 27319. Prezzo unitario imponibile IVA esclusa.;2580.30;https://www.asforniture.it/prodotti/analizzatore-di-composizione-corporea-wunder-wba300-con-stampante-classe-iii-gim--gima-25015;https://www.gimaitaly.com/images/prodotti/medium/25015.jpg;Gima;Linea Specializzata Astro Medical > Diagnostica corporea e sistemi di pesatura;0.00;1;22
gima-25020;PESAPERSONE ELETTRONICA A SEDIA WUNDER DE20 250 kg — Classe III — GIMA 25020;"Bilancia a sedia Wunder DE20, portata 250 kg, Classe III; pesatura pazienti con mobilità ridotta. Prezzo unitario imponibile IVA esclusa.";1293.20;https://www.asforniture.it/prodotti/pesapersone-elettronica-a-sedia-wunder-de20-250-kg-classe-iii-gima-25020--gima-25020;https://www.gimaitaly.com/images/prodotti/medium/25020.jpg;Gima;Linea Specializzata Astro Medical > Diagnostica corporea e sistemi di pesatura;0.00;1;22
gima-25026;PIATTAFORMA DIGITALE WUNDER RW2.0 CON CORRIMANO 300 kg — Classe III — GIMA 25026;Piattaforma digitale Wunder RW2.0 con corrimano, portata 300 kg, Classe III. Prezzo unitario imponibile IVA esclusa.;1850.74;https://www.asforniture.it/prodotti/piattaforma-digitale-wunder-rw2-0-con-corrimano-300-kg-classe-iii-gima-25026--gima-25026;https://www.gimaitaly.com/images/prodotti/medium/25026.jpg;Gima;Linea Specializzata Astro Medical > Diagnostica corporea e sistemi di pesatura;0.00;1;22
gima-25027;PIATTAFORMA DIGITALE WUNDER RW2.0 MOVE CON CORRIMANO E RUOTE 300 kg — Classe III — GIMA 25027;"Piattaforma Wunder RW2.0 Move con corrimano e ruote, portata 300 kg, Classe III; massima mobilità in reparto. Prezzo unitario imponibile IVA esclusa.";2128.90;https://www.asforniture.it/prodotti/piattaforma-digitale-wunder-rw2-0-move-con-corrimano-e-ruote-300-kg-classe-iii-g--gima-25027;https://www.gimaitaly.com/images/prodotti/medium/25027.jpeg;Gima;Linea Specializzata Astro Medical > Diagnostica corporea e sistemi di pesatura;0.00;1;22
gima-25257;OCCHIALI X5-PRO - blu;Occhiali di protezione X5-PRO, montatura blu. Prezzo unitario imponibile IVA esclusa.;5.12;https://www.asforniture.it/prodotti/occhiali-x5-pro-blu--gima-25257;https://www.gimaitaly.com/images/prodotti/medium/25257.jpg;Gima;Linea Specializzata Astro Medical > Protezione oculare;0.00;1;22
gima-25258;OCCHIALI X5-PRO - neri;Occhiali di protezione X5-PRO, montatura nera. Prezzo unitario imponibile IVA esclusa.;134.20;https://www.asforniture.it/prodotti/occhiali-x5-pro-neri--gima-25258;https://www.gimaitaly.com/images/prodotti/medium/25258.jpg;Gima;Linea Specializzata Astro Medical > Protezione oculare;0.00;1;22
gima-25260;OCCHIALI 505UP;Occhiali di protezione 505UP. Prezzo unitario imponibile IVA esclusa.;9.76;https://www.asforniture.it/prodotti/occhiali-505up--gima-25260;https://www.gimaitaly.com/images/prodotti/medium/25260.jpg;Gima;Linea Specializzata Astro Medical > Protezione oculare;0.00;1;22
gima-25300;CEROTTI CLASSICI 7x2cm;"Cerotti classici 7×2 cm; medicazione quotidiana. Prezzo unitario imponibile IVA esclusa.";16.84;https://www.asforniture.it/prodotti/cerotti-classici-7x2cm--gima-25300;https://www.gimaitaly.com/images/prodotti/medium/25300.jpg;Gima;Linea Specializzata Astro Medical > Medicazione e primo soccorso;0.00;1;22
gima-25301;CEROTTI CLASSICI ASSORTITI 5 misure;Cerotti classici assortiti in 5 misure. Prezzo unitario imponibile IVA esclusa.;21.35;https://www.asforniture.it/prodotti/cerotti-classici-assortiti-5-misure--gima-25301;https://www.gimaitaly.com/images/prodotti/medium/25301.jpg;Gima;Linea Specializzata Astro Medical > Medicazione e primo soccorso;0.00;1;22
gima-25302;CEROTTI CLASSICI ASSORTITI 6 misure;Cerotti classici assortiti in 6 misure. Prezzo unitario imponibile IVA esclusa.;58.56;https://www.asforniture.it/prodotti/cerotti-classici-assortiti-6-misure--gima-25302;https://www.gimaitaly.com/images/prodotti/medium/25302.jpg;Gima;Linea Specializzata Astro Medical > Medicazione e primo soccorso;0.00;1;22
gima-25307;CEROTTI TNT ASSORTITI 2 misure;Cerotti in TNT assortiti in 2 misure. Prezzo unitario imponibile IVA esclusa.;25.62;https://www.asforniture.it/prodotti/cerotti-tnt-assortiti-2-misure--gima-25307;https://www.gimaitaly.com/images/prodotti/medium/25307.jpg;Gima;Linea Specializzata Astro Medical > Medicazione e primo soccorso;0.00;1;22
gima-25310;CEROTTI TATOO 2 misure;Cerotti Tatoo in 2 misure. Prezzo unitario imponibile IVA esclusa.;25.62;https://www.asforniture.it/prodotti/cerotti-tatoo-2-misure--gima-25310;https://www.gimaitaly.com/images/prodotti/medium/25310.jpg;Gima;Linea Specializzata Astro Medical > Medicazione e primo soccorso;0.00;1;22
gima-25312;CEROTTI PREMIUM;Cerotti linea premium. Prezzo unitario imponibile IVA esclusa.;24.28;https://www.asforniture.it/prodotti/cerotti-premium--gima-25312;https://www.gimaitaly.com/images/prodotti/medium/25312.jpg;Gima;Linea Specializzata Astro Medical > Medicazione e primo soccorso;0.00;1;22
gima-25314;CEROTTI PER MANI 3 misure;Cerotti per mani in 3 misure. Prezzo unitario imponibile IVA esclusa.;24.28;https://www.asforniture.it/prodotti/cerotti-per-mani-3-misure--gima-25314;https://www.gimaitaly.com/images/prodotti/medium/25314.jpg;Gima;Linea Specializzata Astro Medical > Medicazione e primo soccorso;0.00;1;22
gima-25316;HERPES PATCH;Herpes patch secondo confezione e indicazioni del produttore. Prezzo unitario imponibile IVA esclusa.;43.31;https://www.asforniture.it/prodotti/herpes-patch--gima-25316;https://www.gimaitaly.com/images/prodotti/medium/25316.jpg;Gima;Linea Specializzata Astro Medical > Medicazione e primo soccorso;0.00;1;22
gima-25318;CEROTTI NASALI;Cerotti nasali. Prezzo unitario imponibile IVA esclusa.;30.26;https://www.asforniture.it/prodotti/cerotti-nasali--gima-25318;https://www.gimaitaly.com/images/prodotti/medium/25318.jpg;Gima;Linea Specializzata Astro Medical > Medicazione e primo soccorso;0.00;1;22
gima-25320;CEROTTO A STRISCIA 100x6cm;Cerotto a striscia 100×6 cm. Prezzo unitario imponibile IVA esclusa.;21.96;https://www.asforniture.it/prodotti/cerotto-a-striscia-100x6cm--gima-25320;https://www.gimaitaly.com/images/prodotti/medium/25320.jpg;Gima;Linea Specializzata Astro Medical > Medicazione e primo soccorso;0.00;1;22
gima-25322;ROCCHETTO CEROTTO TELA;Rocchetto cerotto in tela. Prezzo unitario imponibile IVA esclusa.;40.26;https://www.asforniture.it/prodotti/rocchetto-cerotto-tela--gima-25322;https://www.gimaitaly.com/images/prodotti/medium/25322.jpg;Gima;Linea Specializzata Astro Medical > Medicazione e primo soccorso;0.00;1;22
gima-25324;ROCCHETTO CEROTTO TNT;Rocchetto cerotto in TNT. Prezzo unitario imponibile IVA esclusa.;23.42;https://www.asforniture.it/prodotti/rocchetto-cerotto-tnt--gima-25324;https://www.gimaitaly.com/images/prodotti/medium/25324.jpg;Gima;Linea Specializzata Astro Medical > Medicazione e primo soccorso;0.00;1;22
gima-25330;COMPRESSE DI GARZA 18x40cm;Compresse di garza 18×40 cm. Prezzo unitario imponibile IVA esclusa.;29.65;https://www.asforniture.it/prodotti/compresse-di-garza-18x40cm--gima-25330;https://www.gimaitaly.com/images/prodotti/medium/25330.jpg;Gima;Linea Specializzata Astro Medical > Medicazione e primo soccorso;0.00;1;22
gima-25332;BENDA ELASTICA 4m x 6cm;Benda elastica 4 m × 6 cm. Prezzo unitario imponibile IVA esclusa.;14.03;https://www.asforniture.it/prodotti/benda-elastica-4m-x-6cm--gima-25332;https://www.gimaitaly.com/images/prodotti/medium/25332.jpg;Gima;Linea Specializzata Astro Medical > Medicazione e primo soccorso;0.00;1;22
gima-25335;KIT PRONTO SOCCORSO;"Kit pronto soccorso; contenuto come da confezione Gima. Prezzo unitario imponibile IVA esclusa.";53.68;https://www.asforniture.it/prodotti/kit-pronto-soccorso--gima-25335;https://www.gimaitaly.com/images/prodotti/medium/25335.jpg;Gima;Linea Specializzata Astro Medical > Medicazione e primo soccorso;0.00;1;22
gima-25337;BENDA COESIVA ELASTICA;"Benda coesiva elastica; uso secondo indicazioni. Prezzo unitario imponibile IVA esclusa.";27.33;https://www.asforniture.it/prodotti/benda-coesiva-elastica--gima-25337;https://www.gimaitaly.com/images/prodotti/medium/25337.jpg;Gima;Linea Specializzata Astro Medical > Medicazione e primo soccorso;0.00;1;22
gima-25350;PARACALLI DISCO CENTRALE;Paracalli a disco centrale. Prezzo unitario imponibile IVA esclusa.;17.45;https://www.asforniture.it/prodotti/paracalli-disco-centrale--gima-25350;https://www.gimaitaly.com/images/prodotti/medium/25350.jpg;Gima;Linea Specializzata Astro Medical > Medicazione e primo soccorso;0.00;1;22
gima-25550;TERMOMETRO NO CONTACT AEON A200;TERMOMETRO NO CONTACT AEON A200 Linea: Elettromedicali › Elettromedicali. Prezzo unitario imponibile IVA esclusa.;56.00;https://www.asforniture.it/prodotti/termometro-no-contact-aeon-a200--gima-25550;https://www.gimaitaly.com/images/prodotti/medium/25550.jpg;Gima;Linea Specializzata Astro Medical > Elettromedicali;0.00;1;22
gima-25552;TERMOMETRO DIGITALE GIMA AMPIO SCHERMO - scatola;"Termometro digitale Gima con display ampio, confezione scatola. Uso domestico o ambulatoriale leggero; seguire istruzioni del produttore. Prezzo unitario imponibile IVA esclusa.";11.59;https://www.asforniture.it/prodotti/termometro-digitale-gima-ampio-schermo-scatola--gima-25552;https://www.gimaitaly.com/images/prodotti/medium/25552.jpg;Gima;Linea Specializzata Astro Medical > Termometria;0.00;1;22
gima-25553;TERMOMETRO DIGITALE GIMA BL1 AMPIO SCHERMO - scatola;Termometro digitale Gima modello BL1, display ampio, confezione scatola. Prezzo unitario imponibile IVA esclusa.;10.86;https://www.asforniture.it/prodotti/termometro-digitale-gima-bl1-ampio-schermo-scatola--gima-25553;https://www.gimaitaly.com/images/prodotti/medium/25553.jpg;Gima;Linea Specializzata Astro Medical > Termometria;0.00;1;22
gima-25554;TERMOMETRO DIGITALE BL3 AMPIO SCHERMO °C;Termometro digitale BL3 con display ampio, lettura in gradi Celsius. Prezzo unitario imponibile IVA esclusa.;10.49;https://www.asforniture.it/prodotti/termometro-digitale-bl3-ampio-schermo-c--gima-25554;https://www.gimaitaly.com/images/prodotti/medium/25554.jpg;Gima;Linea Specializzata Astro Medical > Termometria;0.00;1;22
gima-25556;TERMOMETRO DIGITALE GIMA;"Termometro digitale Gima; uso secondo istruzioni del produttore. Prezzo unitario imponibile IVA esclusa.";11.47;https://www.asforniture.it/prodotti/termometro-digitale-gima--gima-25556;https://www.gimaitaly.com/images/prodotti/medium/25556.jpg;Gima;Linea Specializzata Astro Medical > Termometria;0.00;1;22
gima-25558;TERMOMETRO DIGITALE JUMBO °C - rettale;Termometro digitale Jumbo, misura rettale, lettura in °C. Prezzo unitario imponibile IVA esclusa.;10.00;https://www.asforniture.it/prodotti/termometro-digitale-jumbo-c-rettale--gima-25558;https://www.gimaitaly.com/images/prodotti/medium/25558.jpg;Gima;Linea Specializzata Astro Medical > Termometria;0.00;1;22
gima-25559;TERMOMETRO DIGITALE °C in espositore;Termometro digitale in °C in formato espositore per punto vendita o ambulatorio. Prezzo unitario imponibile IVA esclusa.;157.38;https://www.asforniture.it/prodotti/termometro-digitale-c-in-espositore--gima-25559;https://www.gimaitaly.com/images/prodotti/medium/25559.jpg;Gima;Linea Specializzata Astro Medical > Termometria;0.00;1;22
gima-25590;Stampante Mission per sistema coagulazione;Stampante dedicata per documentazione risultati su sistemi Mission coagulazione ove previsto dalla configurazione. Verificare compatibilità con il proprio analizzatore. Prezzo unitario imponibile IVA esclusa.;387.96;https://www.asforniture.it/prodotti/stampante-mission-per-sistema-coagulazione--gima-25590;https://www.gimaitaly.com/images/prodotti/medium/25590.jpg;Mission;Linea Specializzata Astro Medical > Diagnostica professionale;0.00;1;22
gima-25636;MASKOP con visiera avvolgente - elastici;Maschera con visiera avvolgente Maskop, fissaggio con elastici. Prezzo unitario imponibile IVA esclusa.;40.26;https://www.asforniture.it/prodotti/maskop-con-visiera-avvolgente-elastici--gima-25636;https://www.gimaitaly.com/images/prodotti/medium/25636.jpg;Gima;Linea Specializzata Astro Medical > DPI vie respiratorie;0.00;1;22
gima-25637;MASKOP con visiera avvolgente - lacci;Maschera con visiera avvolgente Maskop, fissaggio con lacci. Prezzo unitario imponibile IVA esclusa.;40.26;https://www.asforniture.it/prodotti/maskop-con-visiera-avvolgente-lacci--gima-25637;https://www.gimaitaly.com/images/prodotti/medium/25637.jpg;Gima;Linea Specializzata Astro Medical > DPI vie respiratorie;0.00;1;22
gima-25660;OCCHIALI POLYSAFE MEDICAL;Occhiali Polysafe Medical. Prezzo unitario imponibile IVA esclusa.;6.22;https://www.asforniture.it/prodotti/occhiali-polysafe-medical--gima-25660;https://www.gimaitaly.com/images/prodotti/medium/25660.jpg;Gima;Linea Specializzata Astro Medical > Protezione oculare;0.00;1;22
gima-25721;LACCIO EMOSTATICO GIMA velcro;"Laccio emostatico Gima con chiusura a velcro; uso professionale secondo protocollo. Prezzo unitario imponibile IVA esclusa.";2.56;https://www.asforniture.it/prodotti/laccio-emostatico-gima-velcro--gima-25721;https://www.gimaitaly.com/images/prodotti/medium/25721.jpg;Gima;Linea Specializzata Astro Medical > Emergenza e emostasi;0.00;1;22
gima-25722;LACCIO EMOSTATICO JETPULL 2° - con fermo;Laccio emostatico Jetpull 2° con fermo. Prezzo unitario imponibile IVA esclusa.;10.13;https://www.asforniture.it/prodotti/laccio-emostatico-jetpull-2-con-fermo--gima-25722;https://www.gimaitaly.com/images/prodotti/medium/25722.jpg;Gima;Linea Specializzata Astro Medical > Emergenza e emostasi;0.00;1;22
gima-25723;LACCIO EMOSTATICO JETPULL 2° - senza lattice;Laccio emostatico Jetpull 2° senza lattice. Prezzo unitario imponibile IVA esclusa.;12.08;https://www.asforniture.it/prodotti/laccio-emostatico-jetpull-2-senza-lattice--gima-25723;https://www.gimaitaly.com/images/prodotti/medium/25723.jpg;Gima;Linea Specializzata Astro Medical > Emergenza e emostasi;0.00;1;22
gima-25774;CONTENITORE RIFIUTI 30 litri;"Contenitore per rifiuti speciali 30 litri; conformità e smaltimento secondo normativa locale. Prezzo unitario imponibile IVA esclusa.";11.71;https://www.asforniture.it/prodotti/contenitore-rifiuti-30-litri--gima-25774;https://www.gimaitaly.com/images/prodotti/medium/25774.jpg;Gima;Linea Specializzata Astro Medical > Smaltimento rifiuti speciali;0.00;1;22
gima-25778;CONTENITORE RIFIUTI 60 litri;"Contenitore per rifiuti speciali 60 litri; capienza e chiusura come da scheda Gima. Prezzo unitario imponibile IVA esclusa.";17.08;https://www.asforniture.it/prodotti/contenitore-rifiuti-60-litri--gima-25778;https://www.gimaitaly.com/images/prodotti/medium/25778.jpg;Gima;Linea Specializzata Astro Medical > Smaltimento rifiuti speciali;0.00;1;22
gima-25780;CONTENITORE TAGLIENTI POCKET;"Contenitore per taglienti linea Pocket; uso sicuro secondo IFU. Prezzo unitario imponibile IVA esclusa.";359.90;https://www.asforniture.it/prodotti/contenitore-taglienti-pocket--gima-25780;https://www.gimaitaly.com/images/prodotti/medium/25780.jpg;Gima;Linea Specializzata Astro Medical > Smaltimento rifiuti speciali;0.00;1;22
gima-25784;CONTENITORE TAGLIENTI LINEA CS - 4 litri;"Contenitore per taglienti linea CS 4 litri; compatibile con protocolli di smaltimento taglienti. Prezzo unitario imponibile IVA esclusa.";152.50;https://www.asforniture.it/prodotti/contenitore-taglienti-linea-cs-4-litri--gima-25784;https://www.gimaitaly.com/images/prodotti/medium/25784.jpg;Gima;Linea Specializzata Astro Medical > Smaltimento rifiuti speciali;0.00;1;22
gima-25836;SCHIZZETTONE SCHIMMELBUSCH 100 CC - metallo;"Schizzettone Schimmelbusch 100 cc in metallo; uso professionale secondo protocollo. Prezzo unitario imponibile IVA esclusa.";148.84;https://www.asforniture.it/prodotti/schizzettone-schimmelbusch-100-cc-metallo--gima-25836;https://www.gimaitaly.com/images/prodotti/medium/25836.jpg;Gima;Linea Specializzata Astro Medical > Maternità e specialistica;0.00;1;22
gima-25859;KIT IRRIGAZIONE AURICOLARE OTOCLEAR;"Kit irrigazione auricolare Otoclear; componenti monouso ove previsto dalla confezione. Prezzo unitario imponibile IVA esclusa.";153.72;https://www.asforniture.it/prodotti/kit-irrigazione-auricolare-otoclear--gima-25859;https://www.gimaitaly.com/images/prodotti/medium/25859.jpg;Gima;Linea Specializzata Astro Medical > Maternità e specialistica;0.00;1;22
gima-25879;TRAVELJOHN WC PORTATILE IN CARTA;"WC portatile TravelJohn in carta; uso da campo o emergenza secondo istruzioni. Prezzo unitario imponibile IVA esclusa.";13.18;https://www.asforniture.it/prodotti/traveljohn-wc-portatile-in-carta--gima-25879;https://www.gimaitaly.com/images/prodotti/medium/25879.jpg;Gima;Linea Specializzata Astro Medical > Ausili e sanitaria;0.00;1;22
gima-25880;TRAVELJOHN WC PORTATILE;WC portatile TravelJohn. Prezzo unitario imponibile IVA esclusa.;13.73;https://www.asforniture.it/prodotti/traveljohn-wc-portatile--gima-25880;https://www.gimaitaly.com/images/prodotti/medium/25880.jpg;Gima;Linea Specializzata Astro Medical > Ausili e sanitaria;0.00;1;22
gima-25958;CONTENITORE URINE 120 ml - bulk;Contenitore per urine 120 ml, formato bulk. Prezzo unitario imponibile IVA esclusa.;50.63;https://www.asforniture.it/prodotti/contenitore-urine-120-ml-bulk--gima-25958;https://www.gimaitaly.com/images/prodotti/medium/25958.jpg;Gima;Linea Specializzata Astro Medical > Laboratorio e campioni;0.00;1;22
gima-25960-1;CONTENITORE URINE 60 ml - ISO8;Contenitore per urine 60 ml, classe ISO8 secondo scheda. Prezzo unitario imponibile IVA esclusa.;86.62;https://www.asforniture.it/prodotti/contenitore-urine-60-ml-iso8--gima-25960-1;https://www.gimaitaly.com/images/prodotti/medium/25960-1.jpg;Gima;Linea Specializzata Astro Medical > Laboratorio e campioni;0.00;1;22
gima-25962-63-iso8;CONTENITORE URINE 120 ml - ISO8;Contenitore per raccolta urine 120 ml, classe ISO8 secondo indicazioni Gima. Prezzo unitario imponibile IVA esclusa.;45.14;https://www.asforniture.it/prodotti/contenitore-urine-120-ml-iso8--gima-25962-63-iso8;https://www.gimaitaly.com/images/prodotti/medium/25962-63.jpg;Gima;Linea Specializzata Astro Medical > Laboratorio e campioni;0.00;1;22
gima-25962-63-sterile;CONTENITORE URINE 120 ml - sterile;"Contenitore per urine 120 ml sterile; uso secondo protocollo e IFU. Prezzo unitario imponibile IVA esclusa.";65.88;https://www.asforniture.it/prodotti/contenitore-urine-120-ml-sterile--gima-25962-63-sterile;https://www.gimaitaly.com/images/prodotti/medium/25962-63.jpg;Gima;Linea Specializzata Astro Medical > Laboratorio e campioni;0.00;1;22
gima-25965-66;CONTENITORE FECI 30 ml - ISO8;Contenitore per campioni feci 30 ml, classe ISO8. Prezzo unitario imponibile IVA esclusa.;86.62;https://www.asforniture.it/prodotti/contenitore-feci-30-ml-iso8--gima-25965-66;https://www.gimaitaly.com/images/prodotti/medium/25965-66.jpg;Gima;Linea Specializzata Astro Medical > Laboratorio e campioni;0.00;1;22
gima-25975;PROVETTA SOTTOVUOTO URINE 10 ml;"Provetta sottovuoto per urine 10 ml; utilizzo da laboratorio secondo istruzioni. Prezzo unitario imponibile IVA esclusa.";52.46;https://www.asforniture.it/prodotti/provetta-sottovuoto-urine-10-ml--gima-25975;https://www.gimaitaly.com/images/prodotti/medium/25975.jpg;Gima;Linea Specializzata Astro Medical > Laboratorio e campioni;0.00;1;22
gima-26136;PANTALONI COTONE - bianchi - M;PANTALONI COTONE - bianchi - M Linea: Organizzazione e ausili › Abbigliamento. Prezzo unitario imponibile IVA esclusa.;35.38;https://www.asforniture.it/prodotti/pantaloni-cotone-bianchi-m--gima-26136;https://www.gimaitaly.com/images/prodotti/medium/26136.jpg;Gima;Linea Specializzata Astro Medical > Organizzazione e ausili;0.00;1;22
gima-26319;ZOCCOLI BIANCHI - senza fori;ZOCCOLI BIANCHI - senza fori Linea: Organizzazione e ausili › Abbigliamento. Prezzo unitario imponibile IVA esclusa.;41.48;https://www.asforniture.it/prodotti/zoccoli-bianchi-senza-fori--gima-26319;https://www.gimaitaly.com/images/prodotti/medium/26319.jpg;Gima;Linea Specializzata Astro Medical > Organizzazione e ausili;0.00;1;22
gima-26495-90x150;TELO CHIRURGICO 90×150 cm — GIMA 26495;"Telo chirurgico in cotone 100%, formato 90×150 cm, colore verde; produzione europea. Prezzo unitario imponibile IVA esclusa.";13.42;https://www.asforniture.it/prodotti/telo-chirurgico-90-150-cm-gima-26495--gima-26495-90x150;https://www.gimaitaly.com/images/prodotti/medium/26495-97.jpg;Gima;Linea Specializzata Astro Medical > Strumentario chirurgico;0.00;1;22
gima-26496-150x150;TELO CHIRURGICO 150×150 cm — GIMA 26496;"Telo chirurgico in cotone 100%, formato 150×150 cm, colore verde; produzione europea. Prezzo unitario imponibile IVA esclusa.";14.64;https://www.asforniture.it/prodotti/telo-chirurgico-150-150-cm-gima-26496--gima-26496-150x150;https://www.gimaitaly.com/images/prodotti/medium/26495-97.jpg;Gima;Linea Specializzata Astro Medical > Strumentario chirurgico;0.00;1;22
gima-26580;BACINELLA RENIFORME INOX 162x77x31 mm — GIMA 26580;"Bacinella reniforme in acciaio inox, dimensioni 162×77×31 mm (circa 190 ml). Per medicazione e uso chirurgico; lavabile e riutilizzabile. Prezzo unitario imponibile IVA esclusa.";4.27;https://www.asforniture.it/prodotti/bacinella-reniforme-inox-162x77x31-mm-gima-26580--gima-26580;https://www.gimaitaly.com/images/prodotti/medium/26580.jpg;Gima;Linea Specializzata Astro Medical > Strumentario chirurgico;0.00;1;22
gima-26581;BACINELLA RENIFORME INOX 207x98x39 mm — GIMA 26581;Bacinella reniforme in acciaio inox, dimensioni 207×98×39 mm (circa 400 ml). Prezzo unitario imponibile IVA esclusa.;7.32;https://www.asforniture.it/prodotti/bacinella-reniforme-inox-207x98x39-mm-gima-26581--gima-26581;https://www.gimaitaly.com/images/prodotti/medium/26581.jpg;Gima;Linea Specializzata Astro Medical > Strumentario chirurgico;0.00;1;22
gima-26703;BISTURI RETTO - 13 cm;BISTURI RETTO - 13 cm Linea: Strumentario e chirurgia › Strumentario. Prezzo unitario imponibile IVA esclusa.;10.37;https://www.asforniture.it/prodotti/bisturi-retto-13-cm--gima-26703;https://www.gimaitaly.com/images/prodotti/medium/26703.jpg;Gima;Linea Specializzata Astro Medical > Strumentario e chirurgia;0.00;1;22
gima-26760;TROUSSE FERRI STANDARD — nylon 9 strumenti — GIMA 26760;Trousse standard: kit da 9 strumenti in acciaio inox in borsa in poliestere. Include sonda, bisturi, pinze e forbici secondo composizione Gima. Prezzo unitario imponibile IVA esclusa.;75.64;https://www.asforniture.it/prodotti/trousse-ferri-standard-nylon-9-strumenti-gima-26760--gima-26760;https://www.gimaitaly.com/images/prodotti/medium/26760.jpg;Gima;Linea Specializzata Astro Medical > Strumentario chirurgico;0.00;1;22
gima-26761;TROUSSE FERRI CLASSICA — nylon 10 strumenti — GIMA 26761;"Trousse classica: kit da 10 strumenti in borsa in poliestere; include levapunti e porta aghi Mayo Hegar. Prezzo unitario imponibile IVA esclusa.";87.84;https://www.asforniture.it/prodotti/trousse-ferri-classica-nylon-10-strumenti-gima-26761--gima-26761;https://www.gimaitaly.com/images/prodotti/medium/26761.jpg;Gima;Linea Specializzata Astro Medical > Strumentario chirurgico;0.00;1;22
gima-26762;TROUSSE FERRI SUPREMA — nylon 11 strumenti — GIMA 26762;"Trousse suprema: kit da 11 strumenti in borsa in poliestere; include pinza Klemmmer e porta aghi Mathieu. Prezzo unitario imponibile IVA esclusa.";100.04;https://www.asforniture.it/prodotti/trousse-ferri-suprema-nylon-11-strumenti-gima-26762--gima-26762;https://www.gimaitaly.com/images/prodotti/medium/26762.jpg;Gima;Linea Specializzata Astro Medical > Strumentario chirurgico;0.00;1;22
gima-26768;TROUSSE FERRI SUPREMA — scatola alluminio 11 strumenti — GIMA 26768;"Trousse ferri suprema: kit da 11 strumenti in scatola in alluminio; set professionale per medicazione e piccola chirurgia. Prezzo unitario imponibile IVA esclusa.";108.58;https://www.asforniture.it/prodotti/trousse-ferri-suprema-scatola-alluminio-11-strumenti-gima-26768--gima-26768;https://www.gimaitaly.com/images/prodotti/medium/26768.jpg;Gima;Linea Specializzata Astro Medical > Strumentario chirurgico;0.00;1;22
gima-27086;BILANCIA BODY FAT GIMAFIT con Bluetooth 5.0 — nera — GIMA 27086;Bilancia analisi composizione corporea GIMAFIT con Bluetooth 5.0, colore nero. Prezzo unitario imponibile IVA esclusa.;48.56;https://www.asforniture.it/prodotti/bilancia-body-fat-gimafit-con-bluetooth-5-0-nera-gima-27086--gima-27086;https://www.gimaitaly.com/images/prodotti/medium/27086.jpg;Gima;Linea Specializzata Astro Medical > Bilance pesapersone;0.00;1;22
gima-27087;BILANCIA DIGITALE OMRON HN-286 — GIMA 27087;"Bilancia digitale pesapersone Omron HN-286; display chiaro per uso domestico. Prezzo unitario imponibile IVA esclusa.";31.11;https://www.asforniture.it/prodotti/bilancia-digitale-omron-hn-286-gima-27087--gima-27087;https://www.gimaitaly.com/images/prodotti/medium/27087.jpg;Omron;Linea Specializzata Astro Medical > Bilance pesapersone;0.00;1;22
gima-27089;BILANCIA BODY FAT LIBRA — nera — GIMA 27089;"Bilancia body fat Libra, colore nero; analisi composizione per uso domestico. Prezzo unitario imponibile IVA esclusa.";43.92;https://www.asforniture.it/prodotti/bilancia-body-fat-libra-nera-gima-27089--gima-27089;https://www.gimaitaly.com/images/prodotti/medium/27089.jpg;Gima;Linea Specializzata Astro Medical > Bilance pesapersone;0.00;1;22
gima-27094;BILANCIA BODY FAT GIMAFIT con app Bluetooth — GIMA 27094;"Bilancia GIMAFIT con app dedicata via Bluetooth; monitoraggio peso e metriche corporee. Prezzo unitario imponibile IVA esclusa.";51.24;https://www.asforniture.it/prodotti/bilancia-body-fat-gimafit-con-app-bluetooth-gima-27094--gima-27094;https://www.gimaitaly.com/images/prodotti/medium/27094.jpg;Gima;Linea Specializzata Astro Medical > Bilance pesapersone;0.00;1;22
gima-27100;"BORSA ""TEXAS SKAY"" — nera — GIMA 27100";"Borsa Texas in skay, colore nero; fondo rigido, tasca interna con bottone, serratura Tuc brunita. Misure esterne 35×13×h 24 cm. Prezzo unitario imponibile IVA esclusa.";241.56;https://www.asforniture.it/prodotti/borsa-texas-skay-nera-gima-27100--gima-27100;https://www.gimaitaly.com/images/prodotti/medium/27100.jpg;Gima;Linea Specializzata Astro Medical > Borse pregiate in pelle e cuoio;0.00;1;22
gima-27101;"BORSA ""TEXAS SKAY"" — cognac — GIMA 27101";"Borsa Texas in skay, colore cognac; formato compatto per visite e ambulatorio. Prezzo unitario imponibile IVA esclusa.";241.56;https://www.asforniture.it/prodotti/borsa-texas-skay-cognac-gima-27101--gima-27101;https://www.gimaitaly.com/images/prodotti/medium/27101.jpg;Gima;Linea Specializzata Astro Medical > Borse pregiate in pelle e cuoio;0.00;1;22
gima-27104;"BORSA ""INFERMIERA SKAY"" — cognac — GIMA 27104";"Borsa Infermiera in skay cognac; fondo rigido, tasca a soffietto e zip interna. Misure esterne 38×20×h 20 cm. Prezzo unitario imponibile IVA esclusa.";262.30;https://www.asforniture.it/prodotti/borsa-infermiera-skay-cognac-gima-27104--gima-27104;https://www.gimaitaly.com/images/prodotti/medium/27104.jpg;Gima;Linea Specializzata Astro Medical > Borse pregiate in pelle e cuoio;0.00;1;22
gima-27105;"BORSA ""SUPERTEXAS SKAY"" — cognac — GIMA 27105";"Borsa SuperTexas in skay cognac; tasca esterna a soffietto, divisorio interno 8 cm, doppia serratura. Misure esterne 41×20×h 22 cm. Prezzo unitario imponibile IVA esclusa.";302.56;https://www.asforniture.it/prodotti/borsa-supertexas-skay-cognac-gima-27105--gima-27105;https://www.gimaitaly.com/images/prodotti/medium/27105.jpg;Gima;Linea Specializzata Astro Medical > Borse pregiate in pelle e cuoio;0.00;1;22
gima-27108;"BORSA ""GRANDE POLUS SKAY"" — cognac — GIMA 27108";"Borsa Grande Polus in skay cognac; fondo rigido, elastici fermaoggetti sui lati interni. Misure esterne 45×20×h 25 cm. Prezzo unitario imponibile IVA esclusa.";326.96;https://www.asforniture.it/prodotti/borsa-grande-polus-skay-cognac-gima-27108--gima-27108;https://www.gimaitaly.com/images/prodotti/medium/27108.jpg;Gima;Linea Specializzata Astro Medical > Borse pregiate in pelle e cuoio;0.00;1;22
gima-27110;"BORSA MEDICA ""TEXAS PELLE"" — castagna — GIMA 27110";"Borsa medica Texas in pelle, colore castagna; fondo rigido, tasca interna con bottone, serratura Tuc brunita. Misure esterne 35×17×h 22 cm. Made in Italy. Prezzo unitario imponibile IVA esclusa.";336.72;https://www.asforniture.it/prodotti/borsa-medica-texas-pelle-castagna-gima-27110--gima-27110;https://www.gimaitaly.com/images/prodotti/medium/27110.jpg;Gima;Linea Specializzata Astro Medical > Borse pregiate in pelle e cuoio;0.00;1;22
gima-27114;"BORSA ""VALIGETTA CUOIO FIORE"" — nera — GIMA 27114";"Valigetta in cuoio fiore, colore nero; fondo rigido, tasca interna con zip e tasca a soffietto. Misure esterne 34×18×h 22 cm. Prezzo unitario imponibile IVA esclusa.";418.46;https://www.asforniture.it/prodotti/borsa-valigetta-cuoio-fiore-nera-gima-27114--gima-27114;https://www.gimaitaly.com/images/prodotti/medium/27114.jpg;Gima;Linea Specializzata Astro Medical > Borse pregiate in pelle e cuoio;0.00;1;22
gima-27115;"BORSA ""SUPERTEXAS PELLE"" — nera — GIMA 27115";"Borsa SuperTexas in pelle, colore nero; tasche esterna e interna con zip, divisorio trasversale 8 cm, doppia serratura brunita. Misure esterne 41×20×h 22 cm. Prezzo unitario imponibile IVA esclusa.";400.16;https://www.asforniture.it/prodotti/borsa-supertexas-pelle-nera-gima-27115--gima-27115;https://www.gimaitaly.com/images/prodotti/medium/27115.jpg;Gima;Linea Specializzata Astro Medical > Borse pregiate in pelle e cuoio;0.00;1;22
gima-27116;"BORSA ""SUPERTEXAS PELLE"" — castagna — GIMA 27116";"Borsa SuperTexas in pelle, colore castagna; ampia zona centrale portoggetti e doppia serratura. Misure esterne 41×20×h 22 cm. Prezzo unitario imponibile IVA esclusa.";402.60;https://www.asforniture.it/prodotti/borsa-supertexas-pelle-castagna-gima-27116--gima-27116;https://www.gimaitaly.com/images/prodotti/medium/27116.jpg;Gima;Linea Specializzata Astro Medical > Borse pregiate in pelle e cuoio;0.00;1;22
gima-27118;"BORSA ""SUPERTEXAS PELLE"" — bordeaux — GIMA 27118";"Borsa SuperTexas in pelle, colore bordeaux; tasche con zip e divisorio interno. Misure esterne 41×20×h 22 cm. Prezzo unitario imponibile IVA esclusa.";408.70;https://www.asforniture.it/prodotti/borsa-supertexas-pelle-bordeaux-gima-27118--gima-27118;https://www.gimaitaly.com/images/prodotti/medium/27118.jpg;Gima;Linea Specializzata Astro Medical > Borse pregiate in pelle e cuoio;0.00;1;22
gima-27120;"BORSA ""VALIGETTA CUOIO FIORE"" — marrone — GIMA 27120";"Valigetta in cuoio fiore, colore marrone; fondo rigido, tasche interne con zip. Misure esterne 34×18×h 22 cm. Prezzo unitario imponibile IVA esclusa.";387.96;https://www.asforniture.it/prodotti/borsa-valigetta-cuoio-fiore-marrone-gima-27120--gima-27120;https://www.gimaitaly.com/images/prodotti/medium/27120.jpg;Gima;Linea Specializzata Astro Medical > Borse pregiate in pelle e cuoio;0.00;1;22
gima-27125;BORSA UTILITY — nylon — blu — GIMA 27125;"Borsa utility in nylon, colore blu; formato compatto per materiali e piccoli accessori sanitari. Prezzo unitario imponibile IVA esclusa.";64.66;https://www.asforniture.it/prodotti/borsa-utility-nylon-blu-gima-27125--gima-27125;https://www.gimaitaly.com/images/prodotti/medium/27125.jpg;Gima;Linea Specializzata Astro Medical > Borse mediche e emergenza;0.00;1;22
gima-27127;BORSA UTILITY — nylon — beige — GIMA 27127;Borsa utility in nylon, colore beige. Prezzo unitario imponibile IVA esclusa.;64.66;https://www.asforniture.it/prodotti/borsa-utility-nylon-beige-gima-27127--gima-27127;https://www.gimaitaly.com/images/prodotti/medium/27127.jpg;Gima;Linea Specializzata Astro Medical > Borse mediche e emergenza;0.00;1;22
gima-27128;BORSA PROFESSIONAL — GIMA 27128;"Borsa professional per uso sanitario e ambulatoriale; capienza e organizzazione interna secondo scheda Gima. Accessorio consigliato: portafiale GIMA 27129. Prezzo unitario imponibile IVA esclusa.";112.24;https://www.asforniture.it/prodotti/borsa-professional-gima-27128--gima-27128;https://www.gimaitaly.com/images/prodotti/medium/27128.jpg;Gima;Linea Specializzata Astro Medical > Borse mediche e emergenza;0.00;1;22
gima-27129;PORTAFIALE — nylon — rosso — GIMA 27129;"Portafiale in nylon rosso per trasporto sicuro di fiale e flaconi; accessorio ideale con borse Smart e Professional. Prezzo unitario imponibile IVA esclusa.";23.91;https://www.asforniture.it/prodotti/portafiale-nylon-rosso-gima-27129--gima-27129;https://www.gimaitaly.com/images/prodotti/medium/27129.jpg;Gima;Linea Specializzata Astro Medical > Borse mediche e emergenza;0.00;1;22
gima-27132;BORSA FIRST AID — blu — vuota — GIMA 27132;"Borsa primo soccorso vuota, colore blu; da completare con contenuto secondo protocollo. Prezzo unitario imponibile IVA esclusa.";35.75;https://www.asforniture.it/prodotti/borsa-first-aid-blu-vuota-gima-27132--gima-27132;https://www.gimaitaly.com/images/prodotti/medium/27132.jpg;Gima;Linea Specializzata Astro Medical > Borse mediche e emergenza;0.00;1;22
gima-27133;BORSA MEDICAZIONE — cordura — blu — GIMA 27133;Borsa medicazione in cordura blu per materiali di cura e medicazione domiciliare/ambulatoriale. Prezzo unitario imponibile IVA esclusa.;24.77;https://www.asforniture.it/prodotti/borsa-medicazione-cordura-blu-gima-27133--gima-27133;https://www.gimaitaly.com/images/prodotti/medium/27133.jpg;Gima;Linea Specializzata Astro Medical > Borse mediche e emergenza;0.00;1;22
gima-27134;BORSA MULTIUSO — blu/grigio — GIMA 27134;Borsa multiuso blu/grigio per equipaggiamento sanitario versatile. Prezzo unitario imponibile IVA esclusa.;90.89;https://www.asforniture.it/prodotti/borsa-multiuso-blu-grigio-gima-27134--gima-27134;https://www.gimaitaly.com/images/prodotti/medium/27134.jpg;Gima;Linea Specializzata Astro Medical > Borse mediche e emergenza;0.00;1;22
gima-27135;BORSA MULTIUSO — marrone/beige — GIMA 27135;"Borsa multiuso marrone/beige; stessa linea della versione blu/grigio. Prezzo unitario imponibile IVA esclusa.";91.01;https://www.asforniture.it/prodotti/borsa-multiuso-marrone-beige-gima-27135--gima-27135;https://www.gimaitaly.com/images/prodotti/medium/27135.jpg;Gima;Linea Specializzata Astro Medical > Borse mediche e emergenza;0.00;1;22
gima-27139;BORSA PORTASTRUMENTI — cordura — nera — GIMA 27139;Borsa portastrumenti in cordura nera per ferri e piccolo strumentario. Prezzo unitario imponibile IVA esclusa.;38.43;https://www.asforniture.it/prodotti/borsa-portastrumenti-cordura-nera-gima-27139--gima-27139;https://www.gimaitaly.com/images/prodotti/medium/27139.jpg;Gima;Linea Specializzata Astro Medical > Borse mediche e emergenza;0.00;1;22
gima-27141;BORSA SMART CON TROLLEY — media — blu — GIMA 27141;"Borsa Smart media con trolley integrato, colore blu; per emergenza e trasporto kit sanitari. Prezzo unitario imponibile IVA esclusa.";157.38;https://www.asforniture.it/prodotti/borsa-smart-con-trolley-media-blu-gima-27141--gima-27141;https://www.gimaitaly.com/images/prodotti/medium/27141.jpg;Gima;Linea Specializzata Astro Medical > Borse mediche e emergenza;0.00;1;22
gima-27150;BORSA SMART — piccola — rossa — GIMA 27150;"Borsa Smart piccola rossa; linea emergenza Gima. Abbinare al portafiale GIMA 27129. Prezzo unitario imponibile IVA esclusa.";68.32;https://www.asforniture.it/prodotti/borsa-smart-piccola-rossa-gima-27150--gima-27150;https://www.gimaitaly.com/images/prodotti/medium/27150.jpg;Gima;Linea Specializzata Astro Medical > Borse mediche e emergenza;0.00;1;22
gima-27151;BORSA SMART — media — rossa — GIMA 27151;Borsa Smart media rossa per kit sanitari e soccorso. Prezzo unitario imponibile IVA esclusa.;113.46;https://www.asforniture.it/prodotti/borsa-smart-media-rossa-gima-27151--gima-27151;https://www.gimaitaly.com/images/prodotti/medium/27151.jpg;Gima;Linea Specializzata Astro Medical > Borse mediche e emergenza;0.00;1;22
gima-27152;BORSA SMART — media — blu — GIMA 27152;"Borsa Smart media blu; formato intermedio della linea Smart. Prezzo unitario imponibile IVA esclusa.";113.46;https://www.asforniture.it/prodotti/borsa-smart-media-blu-gima-27152--gima-27152;https://www.gimaitaly.com/images/prodotti/medium/27152.jpg;Gima;Linea Specializzata Astro Medical > Borse mediche e emergenza;0.00;1;22
gima-27153;BORSA SMART — grande — rossa — GIMA 27153;"Borsa Smart grande rossa; capienza superiore per equipaggiamento esteso. Prezzo unitario imponibile IVA esclusa.";120.17;https://www.asforniture.it/prodotti/borsa-smart-grande-rossa-gima-27153--gima-27153;https://www.gimaitaly.com/images/prodotti/medium/27153.jpg;Gima;Linea Specializzata Astro Medical > Borse mediche e emergenza;0.00;1;22
gima-27154;BORSA SMART CON TROLLEY — media — rossa — GIMA 27154;"Borsa Smart media con trolley, colore rosso; mobilità per intervento e ambulanza. Prezzo unitario imponibile IVA esclusa.";187.88;https://www.asforniture.it/prodotti/borsa-smart-con-trolley-media-rossa-gima-27154--gima-27154;https://www.gimaitaly.com/images/prodotti/medium/27154.jpg;Gima;Linea Specializzata Astro Medical > Borse mediche e emergenza;0.00;1;22
gima-27155;BORSA SMART PVC — piccola — rossa — GIMA 27155;"Borsa Smart in PVC, formato piccolo, rossa; superficie lavabile. Prezzo unitario imponibile IVA esclusa.";100.04;https://www.asforniture.it/prodotti/borsa-smart-pvc-piccola-rossa-gima-27155--gima-27155;https://www.gimaitaly.com/images/prodotti/medium/27155.jpg;Gima;Linea Specializzata Astro Medical > Borse mediche e emergenza;0.00;1;22
gima-27157;BORSA SMART PVC — media — rossa — GIMA 27157;Borsa Smart in PVC, formato medio, rossa. Prezzo unitario imponibile IVA esclusa.;134.20;https://www.asforniture.it/prodotti/borsa-smart-pvc-media-rossa-gima-27157--gima-27157;https://www.gimaitaly.com/images/prodotti/medium/27157.jpg;Gima;Linea Specializzata Astro Medical > Borse mediche e emergenza;0.00;1;22
gima-27209;BORSA TERMICA - nylon giallo;BORSA TERMICA - nylon giallo Linea: Emergenza e pronto soccorso › Pronto soccorso. Prezzo unitario imponibile IVA esclusa.;51.85;https://www.asforniture.it/prodotti/borsa-termica-nylon-giallo--gima-27209;https://www.gimaitaly.com/images/prodotti/medium/27209.jpg;Gima;Linea Specializzata Astro Medical > Emergenza e pronto soccorso;0.00;1;22
gima-27229;BILANCIA DIGITALE compatta — GIMA 27229;Bilancia digitale compatta per pesatura quotidiana. Prezzo unitario imponibile IVA esclusa.;26.84;https://www.asforniture.it/prodotti/bilancia-digitale-compatta-gima-27229--gima-27229;https://www.gimaitaly.com/images/prodotti/medium/27229.jpg;Gima;Linea Specializzata Astro Medical > Bilance pesapersone;0.00;1;22
gima-27232;QUADRANT SMARTWATCH — GIMA 27232;"Smartwatch Quadrant per monitoraggio parametri wellness; display e connettività moderne. Prezzo unitario imponibile IVA esclusa.";140.30;https://www.asforniture.it/prodotti/quadrant-smartwatch-gima-27232--gima-27232;https://www.gimaitaly.com/images/prodotti/medium/27232.jpg;Gima;Linea Specializzata Astro Medical > Antropometria e misurazione;0.00;1;22
gima-27240;BILANCIA BIG DIAL GIMA DIGITALE — GIMA 27240;"Bilancia Gima digitale ampio display; uso ambulatorio e studio medico. Prezzo unitario imponibile IVA esclusa.";91.50;https://www.asforniture.it/prodotti/bilancia-big-dial-gima-digitale-gima-27240--gima-27240;https://www.gimaitaly.com/images/prodotti/medium/27240.jpg;Gima;Linea Specializzata Astro Medical > Bilance mediche professionali;0.00;1;22
gima-27241;BILANCIA SECA 750 — GIMA 27241;"Bilancia meccanica Seca 750; quadrante di facile lettura per uso professionale. Prezzo unitario imponibile IVA esclusa.";214.72;https://www.asforniture.it/prodotti/bilancia-seca-750-gima-27241--gima-27241;https://www.gimaitaly.com/images/prodotti/medium/27241.jpg;Seca;Linea Specializzata Astro Medical > Bilance mediche professionali;0.00;1;22
gima-27243;BILANCIA SOEHNLE 7808 — MULTIFUNZIONE — GIMA 27243;"Bilancia multifunzione Soehnle 7808; colonna, funzioni avanzate per ambulatorio. Prezzo unitario imponibile IVA esclusa.";1982.50;https://www.asforniture.it/prodotti/bilancia-soehnle-7808-multifunzione-gima-27243--gima-27243;https://www.gimaitaly.com/images/prodotti/medium/27243.jpg;Soehnle;Linea Specializzata Astro Medical > Diagnostica corporea e sistemi di pesatura;0.00;1;22
gima-27245;BARRE DI SOSTEGNO OBESI (set da 3) + SOSTEGNO INDICATORE — GIMA 27245;"Set da 3 barre di sostegno per pazienti obesi con supporto indicatore; accessorio bilance multifunzione. Prezzo unitario imponibile IVA esclusa.";1403.00;https://www.asforniture.it/prodotti/barre-di-sostegno-obesi-set-da-3-sostegno-indicatore-gima-27245--gima-27245;https://www.gimaitaly.com/images/prodotti/medium/27245.jpg;Gima;Linea Specializzata Astro Medical > Antropometria e misurazione;0.00;1;22
gima-27257;BILANCIA DIGITALE SECA 807 — GIMA 27257;"Bilancia digitale Seca 807; pesatura precisa in ambiente sanitario. Prezzo unitario imponibile IVA esclusa.";120.78;https://www.asforniture.it/prodotti/bilancia-digitale-seca-807-gima-27257--gima-27257;https://www.gimaitaly.com/images/prodotti/medium/27257.jpg;Seca;Linea Specializzata Astro Medical > Bilance mediche professionali;0.00;1;22
gima-27266;PESANEONATI RIPIEGABILE SOEHNLE 8320 — GIMA 27266;"Pesaneonati ripiegabile Soehnle 8320; soluzione compatta per ambulatorio e domicilio. Prezzo unitario imponibile IVA esclusa.";359.90;https://www.asforniture.it/prodotti/pesaneonati-ripiegabile-soehnle-8320-gima-27266--gima-27266;https://www.gimaitaly.com/images/prodotti/medium/27266.jpg;Soehnle;Linea Specializzata Astro Medical > Bilance professionali e pesaneonati;0.00;1;22
gima-27267;BILANCIA OSPEDALIERA PESANEONATI SECA 376 — 20 kg — Classe III — GIMA 27267;"Pesaneonati ospedaliera Seca 376 digitale Classe III; portata 20 kg, precisione 5–10 g, wireless Seca 360° opzionale. Prezzo unitario imponibile IVA esclusa.";1683.60;https://www.asforniture.it/prodotti/bilancia-ospedaliera-pesaneonati-seca-376-20-kg-classe-iii-gima-27267--gima-27267;https://www.gimaitaly.com/images/prodotti/medium/27267.jpg;Seca;Linea Specializzata Astro Medical > Bilance professionali e pesaneonati;0.00;1;22
gima-27273;BILANCIA SEDIA SOEHNLE — GIMA 27273;"Bilancia a sedia Soehnle 7802; pesatura comoda per pazienti seduti. Prezzo unitario imponibile IVA esclusa.";2281.40;https://www.asforniture.it/prodotti/bilancia-sedia-soehnle-gima-27273--gima-27273;https://www.gimaitaly.com/images/prodotti/medium/27273.jpg;Soehnle;Linea Specializzata Astro Medical > Diagnostica corporea e sistemi di pesatura;0.00;1;22
gima-27275;BILANCIA PROFESSIONALE SOEHNLE 7830 — GIMA 27275;"Bilancia professionale Soehnle 7830 con colonna; uso ambulatorio e studio medico. Prezzo unitario imponibile IVA esclusa.";1085.80;https://www.asforniture.it/prodotti/bilancia-professionale-soehnle-7830-gima-27275--gima-27275;https://www.gimaitaly.com/images/prodotti/medium/27275.jpg;Soehnle;Linea Specializzata Astro Medical > Bilance professionali e pesaneonati;0.00;1;22
gima-27276;BILANCIA PROFESSIONALE SOEHNLE 7831 con altimetro e IMC — GIMA 27276;Bilancia Soehnle 7831 con altimetro integrato 120–202 cm e display IMC. Prezzo unitario imponibile IVA esclusa.;1439.60;https://www.asforniture.it/prodotti/bilancia-professionale-soehnle-7831-con-altimetro-e-imc-gima-27276--gima-27276;https://www.gimaitaly.com/images/prodotti/medium/27276.jpg;Soehnle;Linea Specializzata Astro Medical > Bilance professionali e pesaneonati;0.00;1;22
gima-27280;BILANCIA SECA 761 — uso medico — Classe IIII — GIMA 27280;"Bilancia Seca 761 per uso medico, Classe IIII; quadrante professionale, struttura metallica. Prezzo unitario imponibile IVA esclusa.";237.90;https://www.asforniture.it/prodotti/bilancia-seca-761-uso-medico-classe-iiii-gima-27280--gima-27280;https://www.gimaitaly.com/images/prodotti/medium/27280.jpg;Seca;Linea Specializzata Astro Medical > Bilance mediche professionali;0.00;1;22
gima-27282;PESANEONATI SECA 354 — elettronica — Classe III — GIMA 27282;"Pesaneonati elettronica Seca 354 Classe III; vassoio removibile, funzione breast-milk-intake. Prezzo unitario imponibile IVA esclusa.";591.70;https://www.asforniture.it/prodotti/pesaneonati-seca-354-elettronica-classe-iii-gima-27282--gima-27282;https://www.gimaitaly.com/images/prodotti/medium/27282.jpg;Seca;Linea Specializzata Astro Medical > Bilance professionali e pesaneonati;0.00;1;22
gima-27283;PESANEONATI SECA 384 — elettronica — Classe III — GIMA 27283;"Pesaneonati Seca 384 Classe III; due modalità sdraiato/pavimento, hold automatico. Prezzo unitario imponibile IVA esclusa.";664.90;https://www.asforniture.it/prodotti/pesaneonati-seca-384-elettronica-classe-iii-gima-27283--gima-27283;https://www.gimaitaly.com/images/prodotti/medium/27283.jpg;Seca;Linea Specializzata Astro Medical > Bilance professionali e pesaneonati;0.00;1;22
gima-27285;BILANCIA SECA 762 — professionale — GIMA 27285;"Bilancia Seca 762 professionale; portata 150 kg, precisione 500 g, pedana antiscivolo. Prezzo unitario imponibile IVA esclusa.";196.42;https://www.asforniture.it/prodotti/bilancia-seca-762-professionale-gima-27285--gima-27285;https://www.gimaitaly.com/images/prodotti/medium/27285.jpg;Seca;Linea Specializzata Astro Medical > Bilance mediche professionali;0.00;1;22
gima-27289;BILANCIA DIGITALE PEGASO — non DM — GIMA 27289;"Bilancia digitale Pegaso, dispositivo non DM; uso professionale e fitness club. Prezzo unitario imponibile IVA esclusa.";331.84;https://www.asforniture.it/prodotti/bilancia-digitale-pegaso-non-dm-gima-27289--gima-27289;https://www.gimaitaly.com/images/prodotti/medium/27289.jpg;Gima;Linea Specializzata Astro Medical > Bilance mediche professionali;0.00;1;22
gima-27292;BILANCIA DIGITALE SECA 799 con BMI — Classe III — GIMA 27292;"Bilancia elettronica Seca 799 con calcolo BMI/IMC, Classe III; pedana 520×520 mm. Prezzo unitario imponibile IVA esclusa.";1207.80;https://www.asforniture.it/prodotti/bilancia-digitale-seca-799-con-bmi-classe-iii-gima-27292--gima-27292;https://www.gimaitaly.com/images/prodotti/medium/27292.jpg;Seca;Linea Specializzata Astro Medical > Bilance mediche professionali;0.00;1;22
gima-27293;BILANCIA BODY FAT OMRON BF511;BILANCIA BODY FAT OMRON BF511 Linea: Elettromedicali › Elettromedicali. Prezzo unitario imponibile IVA esclusa.;119.56;https://www.asforniture.it/prodotti/bilancia-body-fat-omron-bf511--gima-27293;https://www.gimaitaly.com/images/prodotti/medium/27293.jpg;Gima;Linea Specializzata Astro Medical > Elettromedicali;0.00;1;22
gima-27294;PESANEONATI SECA 745 — meccanica — Classe III — GIMA 27294;"Pesaneonati meccanica Seca 745, Classe III; piatto ricurvo, portata 16 kg, precisione 10 g. Prezzo unitario imponibile IVA esclusa.";639.28;https://www.asforniture.it/prodotti/pesaneonati-seca-745-meccanica-classe-iii-gima-27294--gima-27294;https://www.gimaitaly.com/images/prodotti/medium/27294.jpg;Seca;Linea Specializzata Astro Medical > Bilance professionali e pesaneonati;0.00;1;22
gima-27296;BILANCIA PROFESSIONALE SECA 711 — Classe III — GIMA 27296;"Bilancia medica Seca 711 Classe III; portata 220 kg, precisione 100 g, uso ospedaliero. Prezzo unitario imponibile IVA esclusa.";2013.00;https://www.asforniture.it/prodotti/bilancia-professionale-seca-711-classe-iii-gima-27296--gima-27296;https://www.gimaitaly.com/images/prodotti/medium/27296.jpg;Seca;Linea Specializzata Astro Medical > Bilance professionali e pesaneonati;0.00;1;22
gima-27299;PESANEONATI SECA 725 — meccanica — GIMA 27299;"Pesaneonati meccanica Seca 725; portata 16 kg, precisione 5 g, struttura in acciaio. Prezzo unitario imponibile IVA esclusa.";485.56;https://www.asforniture.it/prodotti/pesaneonati-seca-725-meccanica-gima-27299--gima-27299;https://www.gimaitaly.com/images/prodotti/medium/27299.jpg;Seca;Linea Specializzata Astro Medical > Bilance professionali e pesaneonati;0.00;1;22
gima-27300;PESANEONATI MECCANICA GIMA — GIMA 27300;"Pesaneonati meccanica Gima; portata 20 kg, piatto ricurvo, struttura stabile. Prezzo unitario imponibile IVA esclusa.";201.30;https://www.asforniture.it/prodotti/pesaneonati-meccanica-gima-gima-27300--gima-27300;https://www.gimaitaly.com/images/prodotti/medium/27300.jpg;Gima;Linea Specializzata Astro Medical > Bilance professionali e pesaneonati;0.00;1;22
gima-27313;BILANCIA PESA NEONATI GIMA — elettronica — GIMA 27313;"Bilancia pesaneonati elettronica Gima; design pratico con ampio piatto di pesata. Prezzo unitario imponibile IVA esclusa.";274.50;https://www.asforniture.it/prodotti/bilancia-pesa-neonati-gima-elettronica-gima-27313--gima-27313;https://www.gimaitaly.com/images/prodotti/medium/27313.jpg;Gima;Linea Specializzata Astro Medical > Bilance professionali e pesaneonati;0.00;1;22
gima-27317;STADIOMETRO MOBILE SECA 213 — GIMA 27317;"Stadiometro mobile Seca 213; misurazione altezza professionale in ambulatorio. Prezzo unitario imponibile IVA esclusa.";268.40;https://www.asforniture.it/prodotti/stadiometro-mobile-seca-213-gima-27317--gima-27317;https://www.gimaitaly.com/images/prodotti/medium/27317.jpg;Seca;Linea Specializzata Astro Medical > Antropometria e misurazione;0.00;1;22
gima-27319;ELETTRODI per Analizzatore di Grasso Corporeo — GIMA 27319;"Elettrodi di ricambio per analizzatore composizione corporea; compatibili con Wunder WBA300 GIMA 25015. Prezzo unitario imponibile IVA esclusa.";37.82;https://www.asforniture.it/prodotti/elettrodi-per-analizzatore-di-grasso-corporeo-gima-27319--gima-27319;https://www.gimaitaly.com/images/prodotti/medium/27319.jpg;Gima;Linea Specializzata Astro Medical > Antropometria e misurazione;0.00;1;22
gima-27320;PLICOMETRO 0-40 mm — meccanico — GIMA 27320;"Plicometro professionale meccanico 0–40 mm; doppia scala di lettura per antropometria clinica. Prezzo unitario imponibile IVA esclusa.";738.10;https://www.asforniture.it/prodotti/plicometro-0-40-mm-meccanico-gima-27320--gima-27320;https://www.gimaitaly.com/images/prodotti/medium/27320.jpg;Gima;Linea Specializzata Astro Medical > Plicometri;0.00;1;22
gima-27325;CALIBRO PER OSSA — GIMA 27325;"Calibro per misurazione ossa; strumento antropometrico da laboratorio e studio ortopedico. Prezzo unitario imponibile IVA esclusa.";76.13;https://www.asforniture.it/prodotti/calibro-per-ossa-gima-27325--gima-27325;https://www.gimaitaly.com/images/prodotti/medium/27325.jpg;Gima;Linea Specializzata Astro Medical > Antropometria e misurazione;0.00;1;22
gima-27326;CALIBRO PER MISURA NEONATI — GIMA 27326;"Calibro per misurazioni su neonati; precisione per reparto nido e pediatria. Prezzo unitario imponibile IVA esclusa.";103.09;https://www.asforniture.it/prodotti/calibro-per-misura-neonati-gima-27326--gima-27326;https://www.gimaitaly.com/images/prodotti/medium/27326.jpg;Gima;Linea Specializzata Astro Medical > Antropometria e misurazione;0.00;1;22
gima-27329;MISURATORE BAMBINI SECA 210 — GIMA 27329;"Misuratore portatile Seca 210 per neonati e bambini; intervallo 10–99 cm, graduazione 5 mm. Prezzo unitario imponibile IVA esclusa.";129.32;https://www.asforniture.it/prodotti/misuratore-bambini-seca-210-gima-27329--gima-27329;https://www.gimaitaly.com/images/prodotti/medium/27329.jpg;Seca;Linea Specializzata Astro Medical > Antropometria e misurazione;0.00;1;22
gima-27331;MISURATORE BAMBINI GIMA — GIMA 27331;"Misuratore bambini Gima; formato compatto per altezza pediatrica. Prezzo unitario imponibile IVA esclusa.";52.46;https://www.asforniture.it/prodotti/misuratore-bambini-gima-gima-27331--gima-27331;https://www.gimaitaly.com/images/prodotti/medium/27331.jpg;Gima;Linea Specializzata Astro Medical > Antropometria e misurazione;0.00;1;22
gima-27333;STATIMETRO DIGITALE SOEHNLE — GIMA 27333;"Statimetro digitale Soehnle; misurazione altezza con display elettronico. Prezzo unitario imponibile IVA esclusa.";251.32;https://www.asforniture.it/prodotti/statimetro-digitale-soehnle-gima-27333--gima-27333;https://www.gimaitaly.com/images/prodotti/medium/27333.jpg;Soehnle;Linea Specializzata Astro Medical > Antropometria e misurazione;0.00;1;22
gima-27339;GONIOMETRO con scala soglia del dolore — GIMA 27339;Goniometro 203×45×7 mm con scala per misurazione soglia del dolore. Prezzo unitario imponibile IVA esclusa.;58.56;https://www.asforniture.it/prodotti/goniometro-con-scala-soglia-del-dolore-gima-27339--gima-27339;https://www.gimaitaly.com/images/prodotti/medium/27339.jpg;Gima;Linea Specializzata Astro Medical > Antropometria e misurazione;0.00;1;22
gima-27340;GONIOMETRO 205×45 mm — GIMA 27340;Goniometro con scala circolare per articolazioni anca e asse collo femorale ai raggi X. Prezzo unitario imponibile IVA esclusa.;51.24;https://www.asforniture.it/prodotti/goniometro-205-45-mm-gima-27340--gima-27340;https://www.gimaitaly.com/images/prodotti/medium/27340.jpg;Gima;Linea Specializzata Astro Medical > Antropometria e misurazione;0.00;1;22
gima-27344;PLICOMETRO FAT-1 — GIMA 27344;"Plicometro Harpenden-style FAT-1; misurazione spessore pliche cutanee. Prezzo unitario imponibile IVA esclusa.";35.99;https://www.asforniture.it/prodotti/plicometro-fat-1-gima-27344--gima-27344;https://www.gimaitaly.com/images/prodotti/medium/27344.jpg;Gima;Linea Specializzata Astro Medical > Plicometri;0.00;1;22
gima-27346;PLICOMETRO DIGITALE GIMA — GIMA 27346;"Plicometro digitale professionale 0–12 mm; gestione dati su PC. Prezzo unitario imponibile IVA esclusa.";1342.00;https://www.asforniture.it/prodotti/plicometro-digitale-gima-gima-27346--gima-27346;https://www.gimaitaly.com/images/prodotti/medium/27346.jpg;Gima;Linea Specializzata Astro Medical > Plicometri;0.00;1;22
gima-27349;PLICOMETRO FAT-2 — GIMA 27349;Plicometro FAT-2 per valutazione composizione corporea. Prezzo unitario imponibile IVA esclusa.;192.76;https://www.asforniture.it/prodotti/plicometro-fat-2-gima-27349--gima-27349;https://www.gimaitaly.com/images/prodotti/medium/27349.jpg;Gima;Linea Specializzata Astro Medical > Plicometri;0.00;1;22
gima-27410;LENZUOLINO MONOVELO GOFFRATO 95m x 50cm;Lenzuolino monovelo goffrato 95m x 50 cm. Codice GIMA 27410. Prezzo 6,70 € al rotolo, imponibile IVA esclusa. Acquisto minimo 6 rotoli, solo quantità multiple di 6. Sconto quantità: 5% da 5 confezioni da 6 (30 rotoli), 10% da 10 confezioni (60 rotoli). Linea: Farmacia e cura › Lenzuolini medici / Monouso.;8.17;https://www.asforniture.it/prodotti/lenzuolino-monovelo-goffrato-95m-x-50cm--gima-27410;https://www.asforniture.it/images/placeholder.jpg;Gima;Linea Specializzata Astro Medical > Farmacia e cura;0.00;1;22
gima-27411;LENZUOLINO 2 VELI - 47,5m x 59 cm;Lenzuolino 2 veli 47,5m x 59 cm. Codice GIMA 27411. Prezzo 5,45 € al rotolo, imponibile IVA esclusa. Acquisto minimo 6 rotoli, solo quantità multiple di 6. Sconto quantità: 5% da 5 confezioni da 6 (30 rotoli), 10% da 10 confezioni (60 rotoli). Linea: Farmacia e cura › Lenzuolini medici / Monouso.;6.65;https://www.asforniture.it/prodotti/lenzuolino-2-veli-47-5m-x-59-cm--gima-27411;https://www.asforniture.it/images/placeholder.jpg;Gima;Linea Specializzata Astro Medical > Farmacia e cura;0.00;1;22
gima-27412;Lactate Scout 4;Analizzatore portatile Lactate Scout 4 per lactato ematico in ambito sportivo o clinico secondo indicazioni d’uso. Richiede strisce dedicate. Prezzo unitario imponibile IVA esclusa.;904.02;https://www.asforniture.it/prodotti/lactate-scout-4--gima-27412;https://www.gimaitaly.com/images/prodotti/medium/27412.jpg;Gima;Linea Specializzata Astro Medical > Diagnostica professionale;0.00;1;22
gima-27415;LENZUOLINO POLITENATO GOFFRATO - 50m x 60 cm;Lenzuolino politenato goffrato 50m x 60 cm. Codice GIMA 27415. Prezzo 7,15 € al rotolo, imponibile IVA esclusa. Acquisto minimo 6 rotoli, solo quantità multiple di 6. Sconto quantità: 5% da 5 confezioni da 6 (30 rotoli), 10% da 10 confezioni (60 rotoli). Linea: Farmacia e cura › Lenzuolini medici / Monouso.;8.72;https://www.asforniture.it/prodotti/lenzuolino-politenato-goffrato-50m-x-60-cm--gima-27415;https://www.gimaitaly.com/images/prodotti/medium/27413.jpg;Gima;Linea Specializzata Astro Medical > Farmacia e cura;0.00;1;22
gima-27416;LETTINO DA VISITA IN LEGNO - GIMA 27416;Lettino da visita in legno. Codice GIMA 27416. Prezzo 740,00 € al pezzo, imponibile IVA esclusa. Linea: Arredo e illuminazione › Lettini da visita.;902.80;https://www.asforniture.it/prodotti/lettino-da-visita-in-legno-gima-27416--gima-27416;https://www.gimaitaly.com/images/prodotti/medium/27416.jpg;Gima;Linea Specializzata Astro Medical > Arredo e illuminazione;0.00;1;22
gima-27419;LENZUOLINO PUNTA A PUNTA 80m x 59 cm;Lenzuolino punta a punta 80m x 59 cm. Codice GIMA 27419. Prezzo 7,80 € al rotolo, imponibile IVA esclusa. Acquisto minimo 6 rotoli, solo quantità multiple di 6. Sconto quantità: 5% da 5 confezioni da 6 (30 rotoli), 10% da 10 confezioni (60 rotoli). Linea: Farmacia e cura › Lenzuolini medici / Monouso.;9.52;https://www.asforniture.it/prodotti/lenzuolino-punta-a-punta-80m-x-59-cm--gima-27419;https://www.gimaitaly.com/images/prodotti/medium/27419.jpg;Gima;Linea Specializzata Astro Medical > Farmacia e cura;0.00;1;22
gima-27427;LENZUOLINO PUNTA A PUNTA 2 VELI 100m x 50 cm;Lenzuolino punta a punta 2 veli 100m x 50 cm. Codice GIMA 27427. Prezzo 7,50 € al rotolo, imponibile IVA esclusa. Acquisto minimo 6 rotoli, solo quantità multiple di 6. Sconto quantità: 5% da 5 confezioni da 6 (30 rotoli), 10% da 10 confezioni (60 rotoli). Linea: Farmacia e cura › Lenzuolini medici / Monouso.;9.15;https://www.asforniture.it/prodotti/lenzuolino-punta-a-punta-2-veli-100m-x-50-cm--gima-27427;https://www.gimaitaly.com/images/prodotti/medium/27427.jpg;Gima;Linea Specializzata Astro Medical > Farmacia e cura;0.00;1;22
gima-27428;LENZUOLINO PUNTA A PUNTA 2 VELI 50m x 59 cm - Conf. 9 rotoli;Lenzuolino punta a punta 2 veli 50m x 59 cm. Codice GIMA 27428. Prezzo 4,80 € al rotolo, imponibile IVA esclusa. Acquisto minimo 9 rotoli, solo quantità multiple di 9. Sconto quantità: 5% da 5 confezioni da 9 (45 rotoli), 10% da 10 confezioni (90 rotoli). Linea: Farmacia e cura › Lenzuolini medici / Monouso.;5.86;https://www.asforniture.it/prodotti/lenzuolino-punta-a-punta-2-veli-50m-x-59-cm-conf-9-rotoli--gima-27428;https://www.gimaitaly.com/images/prodotti/medium/27428.jpg;Gima;Linea Specializzata Astro Medical > Farmacia e cura;0.00;1;22
gima-27496;LETTO GINECOLOGICO AD ALTEZZA VARIABILE - altri colori;Letto ginecologico ad altezza variabile, altri colori. Codice GIMA 27496. Prezzo fisso, imponibile IVA esclusa. Linea: Ginecologia › Arredo.;2074.00;https://www.asforniture.it/prodotti/letto-ginecologico-ad-altezza-variabile-altri-colori--gima-27496;https://www.gimaitaly.com/images/prodotti/medium/27496.jpg;Gima;Linea Specializzata Astro Medical > Ginecologia;0.00;1;22
gima-27506;LETTINO GINECOLOGICO ALTEZZA VAR. - verde;Lettino ginecologico ad altezza variabile, colore verde. Codice GIMA 27506. Prezzo fisso, imponibile IVA esclusa. Linea: Ginecologia › Arredo.;1586.00;https://www.asforniture.it/prodotti/lettino-ginecologico-altezza-var-verde--gima-27506;https://www.gimaitaly.com/images/prodotti/medium/27506.jpg;Gima;Linea Specializzata Astro Medical > Ginecologia;0.00;1;22
gima-27507;LETTINO GINECOLOGICO ALTEZZA VAR. - blu;Lettino ginecologico ad altezza variabile, colore blu. Codice GIMA 27507. Prezzo fisso, imponibile IVA esclusa. Linea: Ginecologia › Arredo.;1586.00;https://www.asforniture.it/prodotti/lettino-ginecologico-altezza-var-blu--gima-27507;https://www.gimaitaly.com/images/prodotti/medium/27507.jpg;Gima;Linea Specializzata Astro Medical > Ginecologia;0.00;1;22
gima-27520;POLTRONA GINECOLOGICA GYNEX - colore a richiesta;Poltrona ginecologica GYNEX, colore a richiesta. Codice GIMA 27520. Prezzo fisso, imponibile IVA esclusa. Linea: Ginecologia › Arredo.;3660.00;https://www.asforniture.it/prodotti/poltrona-ginecologica-gynex-colore-a-richiesta--gima-27520;https://www.gimaitaly.com/images/prodotti/medium/27520.jpg;Gima;Linea Specializzata Astro Medical > Ginecologia;0.00;1;22
gima-27640;Analizzatore colesterolo professionale;"Analizzatore per dosaggi lipidici in punto di cura; richiede pannelli o test compatibili indicati dal produttore. Prezzo unitario imponibile IVA esclusa.";292.80;https://www.asforniture.it/prodotti/analizzatore-colesterolo-professionale--gima-27640;https://www.gimaitaly.com/images/prodotti/medium/27640.jpg;Gima;Linea Specializzata Astro Medical > Diagnostica professionale;0.00;1;22
gima-27641;Pannello lipidico esteso (analizzatore colesterolo);Pannello reattivo per profilo lipidico esteso su analizzatore dedicato. Non intercambiabile tra strumenti non omologati. Prezzo unitario imponibile IVA esclusa.;139.08;https://www.asforniture.it/prodotti/pannello-lipidico-esteso-analizzatore-colesterolo--gima-27641;https://www.gimaitaly.com/images/prodotti/medium/27641.jpg;Gima;Linea Specializzata Astro Medical > Diagnostica professionale;0.00;1;22
gima-27642;Pannello lipidico base (analizzatore colesterolo);Pannello reattivo base per analisi lipidiche su analizzatore colesterolo compatibile. Prezzo unitario imponibile IVA esclusa.;31.72;https://www.asforniture.it/prodotti/pannello-lipidico-base-analizzatore-colesterolo--gima-27642;https://www.gimaitaly.com/images/prodotti/medium/27642.jpg;Gima;Linea Specializzata Astro Medical > Diagnostica professionale;0.00;1;22
gima-27643;Test colesterolo totale (analizzatore dedicato);Test singolo per colesterolo totale su piattaforma compatibile con analizzatore colesterolo professionale. Prezzo unitario imponibile IVA esclusa.;92.72;https://www.asforniture.it/prodotti/test-colesterolo-totale-analizzatore-dedicato--gima-27643;https://www.gimaitaly.com/images/prodotti/medium/27643.jpg;Gima;Linea Specializzata Astro Medical > Diagnostica professionale;0.00;1;22
gima-27644;Strisce Lactate Scout (ricarica);"Strisce per misurazione lactato su Lactate Scout 4; conservazione e scadenza come da confezione. Prezzo unitario imponibile IVA esclusa.";150.06;https://www.asforniture.it/prodotti/strisce-lactate-scout-ricarica--gima-27644;https://www.gimaitaly.com/images/prodotti/medium/27644.jpg;Gima;Linea Specializzata Astro Medical > Diagnostica professionale;0.00;1;22
gima-28065;AEROSOL MESH INDOSSABILE;Aerosol mesh indossabile (cod. GIMA 28065). Tecnologia a rete vibrante per nebulizzazione silenziosa e portatile, adatta a uso continuo o on-the-go. Ideale per pazienti che necessitano di terapia aerosolica senza vincoli di rete elettrica fissa (secondo autonomia batteria dichiarata). Facile da indossare e da sanificare. Prezzo unitario imponibile IVA esclusa.;67.10;https://www.asforniture.it/prodotti/aerosol-mesh-indossabile--gima-28065;https://www.gimaitaly.com/images/prodotti/medium/28065.jpg;Gima;Linea Specializzata Astro Medical > Elettromedicali;0.00;1;22
gima-28073;AEROSOL MYNEB — a pistone — GIMA 28073;Aerosol a pistone MyNeb per terapia inalatoria domiciliare e ambulatoriale. Prezzo unitario imponibile IVA esclusa.;65.88;https://www.asforniture.it/prodotti/aerosol-myneb-a-pistone-gima-28073--gima-28073;https://www.gimaitaly.com/images/prodotti/medium/28073.jpg;Gima;Linea Specializzata Astro Medical > Terapia respiratoria;0.00;1;22
gima-28123;AEROSOL SMART;Aerosol Smart (cod. GIMA 28123). Nebulizzatore compatto per terapia aerosolica domestica e ambulatoriale leggera: utilizzo intuitivo, dimensioni ridotte e manutenzione semplice. Indicato per la somministrazione di soluzioni prescritte secondo protocollo sanitario. Verificare accessori e filtri di ricambio sulla scheda prodotto. Prezzo unitario imponibile IVA esclusa.;36.60;https://www.asforniture.it/prodotti/aerosol-smart--gima-28123;https://www.gimaitaly.com/images/prodotti/medium/28123.jpg;Gima;Linea Specializzata Astro Medical > Elettromedicali;0.00;1;22
gima-28338;MAGNETOTERAPIA MAG 1000 - 2 canali;"Apparecchio di magnetoterapia MAG 1000 a 2 canali (cod. GIMA 28338). Dispositivo per trattamenti di magnetoterapia a bassa frequenza in ambito fisioterapico e riabilitativo: due uscite indipendenti per gestire più applicatori o zone. Programmi e intensità secondo manuale produttore; abbinabile ad accessori dedicati (es. materasso TAP2000). Uso professionale. Prezzo unitario imponibile IVA esclusa.";305.00;https://www.asforniture.it/prodotti/magnetoterapia-mag-1000-2-canali--gima-28338;https://www.gimaitaly.com/images/prodotti/medium/28338.jpg;Gima;Linea Specializzata Astro Medical > Elettromedicali;0.00;1;22
gima-28339;MATERASSO TAP2000 PER MAGNETOTERAPIA;Materasso TAP2000 per magnetoterapia (cod. GIMA 28339). Accessorio a grande superficie per trattamenti total body o ampi distretti, pensato per l’abbinamento con generatori di magnetoterapia della linea (es. MAG 1000). Facilita il posizionamento del paziente e l’erogazione uniforme del campo secondo configurazione. Verificare compatibilità connettore/canale sullo strumento. Prezzo unitario imponibile IVA esclusa.;195.20;https://www.asforniture.it/prodotti/materasso-tap2000-per-magnetoterapia--gima-28339;https://www.gimaitaly.com/images/prodotti/medium/28339.jpg;Gima;Linea Specializzata Astro Medical > Elettromedicali;0.00;1;22
gima-28593;THERMY GEL CALDO-FREDDO 14×18 cm — GIMA 28593;"Gel caldo/freddo atossico riutilizzabile 14×18 cm; microonde, acqua calda o freezer. Dispositivo medico Classe I. Abbinare fodera velcro GIMA 28596. Prezzo unitario imponibile IVA esclusa.";40.75;https://www.asforniture.it/prodotti/thermy-gel-caldo-freddo-14-18-cm-gima-28593--gima-28593;https://www.gimaitaly.com/images/prodotti/medium/28593.jpg;Gima;Linea Specializzata Astro Medical > Termoterapia e benessere;0.00;1;22
gima-28594;THERMY GEL CALDO-FREDDO 11×26 cm — GIMA 28594;Gel caldo/freddo 11×26 cm per lombalgia, torcicollo, traumi e distorsioni. Utilizzabile con fodera velcro GIMA 28596. Prezzo unitario imponibile IVA esclusa.;42.09;https://www.asforniture.it/prodotti/thermy-gel-caldo-freddo-11-26-cm-gima-28594--gima-28594;https://www.gimaitaly.com/images/prodotti/medium/28594.jpg;Gima;Linea Specializzata Astro Medical > Termoterapia e benessere;0.00;1;22
gima-28596;FODERA THERMY GEL con chiusura velcro 25,5×12,5 cm — GIMA 28596;"Fodera con velcro per panetti Thermy Gel; evita contatto diretto sulla pelle. Compatibile con GIMA 28593 e 28594. Prezzo unitario imponibile IVA esclusa.";15.25;https://www.asforniture.it/prodotti/fodera-thermy-gel-con-chiusura-velcro-25-5-12-5-cm-gima-28596--gima-28596;https://www.gimaitaly.com/images/prodotti/medium/28596.jpg;Gima;Linea Specializzata Astro Medical > Termoterapia e benessere;0.00;1;22
gima-28605;BORSA GHIACCIO Ø 28 cm — apertura 6 cm — GIMA 28605;"Borsa per ghiaccio, diametro 28 cm, apertura 6 cm; per crioterapia e primo soccorso. Prezzo unitario imponibile IVA esclusa.";10.74;https://www.asforniture.it/prodotti/borsa-ghiaccio-28-cm-apertura-6-cm-gima-28605--gima-28605;https://www.gimaitaly.com/images/prodotti/medium/28605.jpg;Gima;Linea Specializzata Astro Medical > Termoterapia e benessere;0.00;1;22
gima-28610;CIAMBELLA GOMMA Ø 35 cm — GIMA 28610;"Ciambella in gomma Ø 35 cm, circonferenza interna Ø 14 cm; ausilio antidecubito. Abbinare pompa GIMA 28614. Prezzo unitario imponibile IVA esclusa.";29.28;https://www.asforniture.it/prodotti/ciambella-gomma-35-cm-gima-28610--gima-28610;https://www.gimaitaly.com/images/prodotti/medium/28610.jpg;Gima;Linea Specializzata Astro Medical > Ausili per pazienti;0.00;1;22
gima-28611;CIAMBELLA GOMMA Ø 40 cm — GIMA 28611;"Ciambella in gomma Ø 40 cm; supporto seduta. Compatibile con pompa GIMA 28614. Prezzo unitario imponibile IVA esclusa.";34.16;https://www.asforniture.it/prodotti/ciambella-gomma-40-cm-gima-28611--gima-28611;https://www.gimaitaly.com/images/prodotti/medium/28611.jpg;Gima;Linea Specializzata Astro Medical > Ausili per pazienti;0.00;1;22
gima-28612;CIAMBELLA GOMMA Ø 45 cm — GIMA 28612;"Ciambella in gomma Ø 45 cm; taglia max della gamma. Pompa dedicata GIMA 28614. Prezzo unitario imponibile IVA esclusa.";39.04;https://www.asforniture.it/prodotti/ciambella-gomma-45-cm-gima-28612--gima-28612;https://www.gimaitaly.com/images/prodotti/medium/28612.jpg;Gima;Linea Specializzata Astro Medical > Ausili per pazienti;0.00;1;22
gima-28614;POMPA per ciambella gomma — GIMA 28614;Pompa per gonfiaggio ciambelle GIMA 28610, 28611 e 28612. Dispositivo medico Classe I. Prezzo unitario imponibile IVA esclusa.;19.52;https://www.asforniture.it/prodotti/pompa-per-ciambella-gomma-gima-28614--gima-28614;https://www.gimaitaly.com/images/prodotti/medium/28614.jpg;Gima;Linea Specializzata Astro Medical > Ausili per pazienti;0.00;1;22
gima-28664;PLAID RISCALDABILE — GIMA 28664;Plaid riscaldabile elettrico per benessere domestico e recupero muscolare. Prezzo unitario imponibile IVA esclusa.;82.96;https://www.asforniture.it/prodotti/plaid-riscaldabile-gima-28664--gima-28664;https://www.gimaitaly.com/images/prodotti/medium/28664.jpg;Gima;Linea Specializzata Astro Medical > Termoterapia e benessere;0.00;1;22
gima-28668;SCALDAPIEDI con massaggio — GIMA 28668;"Scaldapiedi elettrico con funzione massaggio; comfort e rilassamento. Prezzo unitario imponibile IVA esclusa.";108.58;https://www.asforniture.it/prodotti/scaldapiedi-con-massaggio-gima-28668--gima-28668;https://www.gimaitaly.com/images/prodotti/medium/28668.jpg;Gima;Linea Specializzata Astro Medical > Termoterapia e benessere;0.00;1;22
gima-28670;TERMOFORO senza copertura — GIMA 28670;"Termoforo elettrico senza copertura; 3 impostazioni di temperatura. Dimensioni circa 40×30 cm. Prezzo unitario imponibile IVA esclusa.";46.36;https://www.asforniture.it/prodotti/termoforo-senza-copertura-gima-28670--gima-28670;https://www.gimaitaly.com/images/prodotti/medium/28670.jpg;Gima;Linea Specializzata Astro Medical > Termoterapia e benessere;0.00;1;22
gima-28671;TERMOFORO con copertura — GIMA 28671;"Termoforo elettrico con copertura; 6 impostazioni. Dimensioni circa 63×42 cm. Prezzo unitario imponibile IVA esclusa.";58.56;https://www.asforniture.it/prodotti/termoforo-con-copertura-gima-28671--gima-28671;https://www.gimaitaly.com/images/prodotti/medium/28671.jpg;Gima;Linea Specializzata Astro Medical > Termoterapia e benessere;0.00;1;22
gima-28674;TERMOFORO COLLO E SPALLE — GIMA 28674;"Termoforo anatomico per collo e spalle; terapia del calore mirata. Prezzo unitario imponibile IVA esclusa.";52.46;https://www.asforniture.it/prodotti/termoforo-collo-e-spalle-gima-28674--gima-28674;https://www.gimaitaly.com/images/prodotti/medium/28674.jpg;Gima;Linea Specializzata Astro Medical > Termoterapia e benessere;0.00;1;22
gima-28675;CINTURA RISCALDANTE — GIMA 28675;Cintura riscaldante elettrica per zona lombare e addome. Prezzo unitario imponibile IVA esclusa.;63.44;https://www.asforniture.it/prodotti/cintura-riscaldante-gima-28675--gima-28675;https://www.gimaitaly.com/images/prodotti/medium/28675.jpg;Gima;Linea Specializzata Astro Medical > Termoterapia e benessere;0.00;1;22
gima-28685;SACCA URINE PEDIATRICA 100 ml;"Sacca urinaria pediatrica 100 ml; fissaggio e valvola come da confezione. Prezzo unitario imponibile IVA esclusa.";17.08;https://www.asforniture.it/prodotti/sacca-urine-pediatrica-100-ml--gima-28685;https://www.gimaitaly.com/images/prodotti/medium/28685.jpg;Gima;Linea Specializzata Astro Medical > Laboratorio e campioni;0.00;1;22
gima-28693;SACCA URINE 2000 cc - 130 cm+valvola;"Sacca urinaria 2000 cc, tubo 130 cm con valvola; uso ospedaliero o domiciliare secondo protocollo. Prezzo unitario imponibile IVA esclusa.";22.20;https://www.asforniture.it/prodotti/sacca-urine-2000-cc-130-cm-valvola--gima-28693;https://www.gimaitaly.com/images/prodotti/medium/28693.jpg;Gima;Linea Specializzata Astro Medical > Laboratorio e campioni;0.00;1;22
gima-28921;KIT POSATE MODELLABILI — GIMA 28921;"Set posate modellabili per anziani e disabili; impugnature ergonomiche adattabili. Prezzo unitario imponibile IVA esclusa.";59.78;https://www.asforniture.it/prodotti/kit-posate-modellabili-gima-28921--gima-28921;https://www.gimaitaly.com/images/prodotti/medium/28921.jpg;Gima;Linea Specializzata Astro Medical > Ausili per pazienti;0.00;1;22
gima-29585;MONITOR FETALE GIMA CMS800G;Monitor fetale Gima CMS800G (cod. GIMA 29585). Cardiotocografo per monitoraggio del battito cardiaco fetale e delle contrazioni uterine in ambulatorio ostetrico: display, stampante/tracce e sonde secondo allestimento. Strumento per personale sanitario ostetrico/ginecologico. Consultare scheda tecnica per accessori e protocolli. Prezzo unitario imponibile IVA esclusa.;915.00;https://www.asforniture.it/prodotti/monitor-fetale-gima-cms800g--gima-29585;https://www.gimaitaly.com/images/prodotti/medium/29585.jpg;Gima;Linea Specializzata Astro Medical > Elettromedicali;0.00;1;22
gima-29600;COLPOSCOPIO GIMA COLPY;Colposcopio GIMA COLPY. Codice GIMA 29600. Prezzo fisso, imponibile IVA esclusa. Linea: Ginecologia › Strumenti.;3416.00;https://www.asforniture.it/prodotti/colposcopio-gima-colpy--gima-29600;https://www.gimaitaly.com/images/prodotti/medium/29600.jpg;Gima;Linea Specializzata Astro Medical > Ginecologia;0.00;1;22
gima-29612;COLPOSCOPIO ALLTION A LED - 9X;Colposcopio ALLTION a LED con ingrandimento 9X. Codice GIMA 29612. Prezzo fisso, imponibile IVA esclusa. Linea: Ginecologia › Strumenti.;2318.00;https://www.asforniture.it/prodotti/colposcopio-alltion-a-led-9x--gima-29612;https://www.gimaitaly.com/images/prodotti/medium/29612.jpg;Gima;Linea Specializzata Astro Medical > Ginecologia;0.00;1;22
gima-29613;COLPOSCOPIO ALLTION A LED - 3,75X, 7X, 15X > 28.000 Lux;Colposcopio ALLTION a LED con ingrandimenti 3,75X, 7X, 15X e illuminazione > 28.000 Lux. Codice GIMA 29613. Prezzo fisso, imponibile IVA esclusa. Linea: Ginecologia › Strumenti.;2562.00;https://www.asforniture.it/prodotti/colposcopio-alltion-a-led-3-75x-7x-15x-28-000-lux--gima-29613;https://www.gimaitaly.com/images/prodotti/medium/29613.jpg;Gima;Linea Specializzata Astro Medical > Ginecologia;0.00;1;22
gima-29620;VIDEOCOLPOSCOPIO A LED COLPRO;Videocolposcopio a LED COLPRO. Codice GIMA 29620. Prezzo fisso, imponibile IVA esclusa. Linea: Ginecologia › Strumenti.;3172.00;https://www.asforniture.it/prodotti/videocolposcopio-a-led-colpro--gima-29620;https://www.gimaitaly.com/images/prodotti/medium/29620.jpg;Gima;Linea Specializzata Astro Medical > Ginecologia;0.00;1;22
gima-30586;DISPOSITIVO CRIOCHIRURGICO CRYOMEGA con cartuccia 16 g;Dispositivo criochirurgico CRYOMEGA con cartuccia 16 g. Codice GIMA 30586. Prezzo unitario imponibile IVA esclusa. Linea: Strumentario e chirurgia › Strumenti.;353.80;https://www.asforniture.it/prodotti/dispositivo-criochirurgico-cryomega-con-cartuccia-16-g--gima-30586;https://www.gimaitaly.com/images/prodotti/medium/30586.jpg;Gima;Linea Specializzata Astro Medical > Strumentario e chirurgia;0.00;1;22
gima-31146;DERMATOSCOPIO HEINE DELTA 30 - K-230.28.305;Dermatoscopio HEINE DELTA 30 (K-230.28.305). Codice GIMA 31146. Prezzo fisso, imponibile IVA esclusa. Linea: Diagnostica › Strumenti.;1830.00;https://www.asforniture.it/prodotti/dermatoscopio-heine-delta-30-k-230-28-305--gima-31146;https://www.gimaitaly.com/images/prodotti/medium/31146.jpg;Gima;Linea Specializzata Astro Medical > Diagnostica;0.00;1;22
gima-31158;DERMATOSCOPIO LED HEINE MINI 3000 - nero;Dermatoscopio LED HEINE MINI 3000, colore nero. Codice GIMA 31158. Prezzo fisso, imponibile IVA esclusa. Linea: Diagnostica › Strumenti.;488.00;https://www.asforniture.it/prodotti/dermatoscopio-led-heine-mini-3000-nero--gima-31158;https://www.gimaitaly.com/images/prodotti/medium/31158.jpg;Gima;Linea Specializzata Astro Medical > Diagnostica;0.00;1;22
gima-31187;DERMATOSCOPIO GIMA 2000 - 10 ingrandimenti;Dermatoscopio GIMA 2000 a 10 ingrandimenti. Codice GIMA 31187. Prezzo fisso, imponibile IVA esclusa. Linea: Diagnostica › Strumenti.;231.80;https://www.asforniture.it/prodotti/dermatoscopio-gima-2000-10-ingrandimenti--gima-31187;https://www.gimaitaly.com/images/prodotti/medium/31187.jpg;Gima;Linea Specializzata Astro Medical > Diagnostica;0.00;1;22
gima-31800;Hemo Control (analisi ematiche);"Sistema Hemo Control per controlli ematologici secondo configurazione commerciale; microcuvette dedicate. Prezzo unitario imponibile IVA esclusa.";1110.20;https://www.asforniture.it/prodotti/hemo-control-analisi-ematiche--gima-31800;https://www.gimaitaly.com/images/prodotti/medium/31800.jpg;Gima;Linea Specializzata Astro Medical > Diagnostica professionale;0.00;1;22
gima-31801;Microcuvette Hemo Control;"Microcuvette monouso per Hemo Control; esclusivamente compatibili con lo strumento omonimo. Prezzo unitario imponibile IVA esclusa.";97.60;https://www.asforniture.it/prodotti/microcuvette-hemo-control--gima-31801;https://www.gimaitaly.com/images/prodotti/medium/31801.jpg;Gima;Linea Specializzata Astro Medical > Diagnostica professionale;0.00;1;22
gima-32000;Sistema misurazione emoglobina;"Dispositivo per determinazione emoglobina in campo o ambulatorio; modalità campione e accessori secondo scheda tecnica. Prezzo unitario imponibile IVA esclusa.";236.68;https://www.asforniture.it/prodotti/sistema-misurazione-emoglobina--gima-32000;https://www.gimaitaly.com/images/prodotti/medium/32000.jpg;Gima;Linea Specializzata Astro Medical > Diagnostica professionale;0.00;1;22
gima-32010;CAMERA A RAGGI-X PORTATILE DIGITALE REMEX T-100;"Camera a raggi-X portatile digitale Remex T-100 (cod. GIMA 32010). Sistema radiografico digitale mobile per acquisizione e visualizzazione immediata delle immagini, adatto a setting clinici che richiedono mobilità. Uso riservato a personale autorizzato; requisiti di radioprotezione e formazione obbligatori. Dettagli su detector, connettività e dosi sulla scheda tecnica. Prezzo unitario imponibile IVA esclusa.";3660.00;https://www.asforniture.it/prodotti/camera-a-raggi-x-portatile-digitale-remex-t-100--gima-32010;https://www.gimaitaly.com/images/prodotti/medium/32010.jpg;Gima;Linea Specializzata Astro Medical > Elettromedicali;0.00;1;22
gima-32177;DERMATOSCOPIO A LED POLARIZZATI+UV+BIANCHI MIC Wi-Fi & USB con software;Dermatoscopio a LED polarizzati + UV + bianchi MIC Wi-Fi & USB con software. Codice GIMA 32177. Prezzo fisso, imponibile IVA esclusa. Linea: Diagnostica › Strumenti.;854.00;https://www.asforniture.it/prodotti/dermatoscopio-a-led-polarizzati-uv-bianchi-mic-wi-fi-usb-con-software--gima-32177;https://www.gimaitaly.com/images/prodotti/medium/32177.jpeg;Gima;Linea Specializzata Astro Medical > Diagnostica;0.00;1;22
gima-32524;STETOSCOPIO LINUX - lira nera;Stetoscopio LINUX con lira nera. Codice GIMA 32524. Prezzo unitario imponibile IVA esclusa. Linea: Diagnostica › Strumenti. Prezzo unitario imponibile IVA esclusa.;20.74;https://www.asforniture.it/prodotti/stetoscopio-linux-lira-nera--gima-32524;https://www.gimaitaly.com/images/prodotti/medium/32524.jpg;Gima;Linea Specializzata Astro Medical > Diagnostica;0.00;1;22
gima-32526;FONENDO REGALITE DELUXE;Fonendoscopio REGALITE DELUXE. Codice GIMA 32526. Prezzo fisso, imponibile IVA esclusa. Linea: Diagnostica › Strumenti. Prezzo unitario imponibile IVA esclusa.;67.10;https://www.asforniture.it/prodotti/fonendo-regalite-deluxe--gima-32526;https://www.gimaitaly.com/images/prodotti/medium/32526.jpg;Gima;Linea Specializzata Astro Medical > Diagnostica;0.00;1;22
gima-32550;"DUOFONO ""CLASSIC CARDIOLOGICO"" - lira blu";Duofono CLASSIC CARDIOLOGICO con lira blu. Codice GIMA 32550. Prezzo unitario imponibile IVA esclusa. Linea: Diagnostica › Strumenti. Prezzo unitario imponibile IVA esclusa.;36.60;https://www.asforniture.it/prodotti/duofono-classic-cardiologico-lira-blu--gima-32550;https://www.gimaitaly.com/images/prodotti/medium/32550.jpg;Gima;Linea Specializzata Astro Medical > Diagnostica;0.00;1;22
gima-32560;"FONENDO ""TRAD"" - lira nera";Fonendoscopio TRAD con lira nera. Codice GIMA 32560. Prezzo unitario imponibile IVA esclusa. Linea: Diagnostica › Strumenti. Prezzo unitario imponibile IVA esclusa.;5.12;https://www.asforniture.it/prodotti/fonendo-trad-lira-nera--gima-32560;https://www.gimaitaly.com/images/prodotti/medium/32555_57-64_b.jpg;Gima;Linea Specializzata Astro Medical > Diagnostica;0.00;1;22
gima-32570;"FONENDO ""WAN"" - lira blu";Fonendoscopio WAN con lira blu. Codice GIMA 32570. Prezzo unitario imponibile IVA esclusa. Linea: Diagnostica › Strumenti. Prezzo unitario imponibile IVA esclusa.;17.08;https://www.asforniture.it/prodotti/fonendo-wan-lira-blu--gima-32570;https://www.gimaitaly.com/images/prodotti/medium/32570.jpg;Gima;Linea Specializzata Astro Medical > Diagnostica;0.00;1;22
gima-32580;"DUOFONO ""JOTARAP"" - lira nera";Duofono JOTARAP con lira nera. Codice GIMA 32580. Prezzo unitario imponibile IVA esclusa. Linea: Diagnostica › Strumenti. Prezzo unitario imponibile IVA esclusa.;17.08;https://www.asforniture.it/prodotti/duofono-jotarap-lira-nera--gima-32580;https://www.gimaitaly.com/images/prodotti/medium/32580.jpg;Gima;Linea Specializzata Astro Medical > Diagnostica;0.00;1;22
gima-32690;SFIGMO PALMARE KOBE;Sfigmomanometro palmare KOBE. Codice GIMA 32690. Prezzo unitario imponibile IVA esclusa. Linea: Diagnostica › Strumenti.;23.18;https://www.asforniture.it/prodotti/sfigmo-palmare-kobe--gima-32690;https://www.gimaitaly.com/images/prodotti/medium/32690.jpg;Gima;Linea Specializzata Astro Medical > Diagnostica;0.00;1;22
gima-32714;SFIGMO MINOR-2 - bracciale a velcro;Sfigmomanometro MINOR-2 con bracciale a velcro. Codice GIMA 32714. Prezzo unitario imponibile IVA esclusa. Linea: Diagnostica › Strumenti.;42.70;https://www.asforniture.it/prodotti/sfigmo-minor-2-bracciale-a-velcro--gima-32714;https://www.gimaitaly.com/images/prodotti/medium/32714.jpg;Gima;Linea Specializzata Astro Medical > Diagnostica;0.00;1;22
gima-32725;SFIGMO LONDON nero - aneroide;Sfigmomanometro aneroide LONDON nero. Codice GIMA 32725. Prezzo unitario imponibile IVA esclusa. Linea: Diagnostica › Strumenti.;24.40;https://www.asforniture.it/prodotti/sfigmo-london-nero-aneroide--gima-32725;https://www.gimaitaly.com/images/prodotti/medium/32725.jpg;Gima;Linea Specializzata Astro Medical > Diagnostica;0.00;1;22
gima-32915;MISURATORE DI PRESSIONE GIMA BLUETOOTH;MISURATORE DI PRESSIONE GIMA BLUETOOTH Linea: Elettromedicali › Elettromedicali. Prezzo unitario imponibile IVA esclusa.;108.58;https://www.asforniture.it/prodotti/misuratore-di-pressione-gima-bluetooth--gima-32915;https://www.gimaitaly.com/images/prodotti/medium/32915.jpg;Gima;Linea Specializzata Astro Medical > Elettromedicali;0.00;1;22
gima-32921;MISURATORE DI PRESSIONE AUTOMATICO GIMA SMART;Misuratore di pressione automatico GIMA SMART. Codice GIMA 32921. Prezzo unitario imponibile IVA esclusa. Linea: Diagnostica › Strumenti.;30.50;https://www.asforniture.it/prodotti/misuratore-di-pressione-automatico-gima-smart--gima-32921;https://www.gimaitaly.com/images/prodotti/medium/32921.jpg;Gima;Linea Specializzata Astro Medical > Diagnostica;0.00;1;22
gima-32950;Carta termica ECG 215x25 mmxm - rotolo griglia arancio - Conf. 5pz;Carta termica ECG 215x25 mmxm, rotolo con griglia arancio, confezione da 5 pezzi. Codice GIMA 32950. Prezzo riferito alla confezione da 5 pz, imponibile IVA esclusa. Linea: Diagnostica › Consumabili. Prezzo unitario imponibile IVA esclusa.;36.60;https://www.asforniture.it/prodotti/carta-termica-ecg-215x25-mmxm-rotolo-griglia-arancio-conf-5pz--gima-32950;https://www.gimaitaly.com/images/prodotti/medium/32950.jpg;Gima;Linea Specializzata Astro Medical > Diagnostica;0.00;1;22
gima-32967;Carta termica ECG 210x30 mmxm - rotolo griglia arancio - Conf. 5pz;Carta termica ECG 210x30 mmxm, rotolo con griglia arancio, confezione da 5 pezzi. Codice GIMA 32967. Prezzo riferito alla confezione da 5 pz, imponibile IVA esclusa. Linea: Diagnostica › Consumabili. Prezzo unitario imponibile IVA esclusa.;35.38;https://www.asforniture.it/prodotti/carta-termica-ecg-210x30-mmxm-rotolo-griglia-arancio-conf-5pz--gima-32967;https://www.gimaitaly.com/images/prodotti/medium/33021.jpg;Gima;Linea Specializzata Astro Medical > Diagnostica;0.00;1;22
gima-32969;Carta termica ECG 80x20 mmxm - rotolo griglia arancio - Conf. 10pz;Carta termica ECG 80x20 mmxm, rotolo con griglia arancio, confezione da 10 pezzi. Codice GIMA 32969. Prezzo riferito alla confezione da 10 pz, imponibile IVA esclusa. Linea: Diagnostica › Consumabili. Prezzo unitario imponibile IVA esclusa.;30.50;https://www.asforniture.it/prodotti/carta-termica-ecg-80x20-mmxm-rotolo-griglia-arancio-conf-10pz--gima-32969;https://www.gimaitaly.com/images/prodotti/medium/32969.jpg;Gima;Linea Specializzata Astro Medical > Diagnostica;0.00;1;22
gima-32970;Carta termica ECG 110x20 mmxm - rotolo griglia arancio - Conf. 10pz;Carta termica ECG 110x20 mmxm, rotolo con griglia arancio, confezione da 10 pezzi. Codice GIMA 32970. Prezzo riferito alla confezione da 10 pz, imponibile IVA esclusa. Linea: Diagnostica › Consumabili. Prezzo unitario imponibile IVA esclusa.;36.60;https://www.asforniture.it/prodotti/carta-termica-ecg-110x20-mmxm-rotolo-griglia-arancio-conf-10pz--gima-32970;https://www.gimaitaly.com/images/prodotti/medium/32970.jpg;Gima;Linea Specializzata Astro Medical > Diagnostica;0.00;1;22
gima-32984;Carta termica ECG 210x295 mm (Pacco griglia arancio);Carta termica ECG 210x295 mm (Pacco griglia arancio) Linea: Diagnostica › Consumabili. Prezzo unitario imponibile IVA esclusa.;39.65;https://www.asforniture.it/prodotti/carta-termica-ecg-210x295-mm-pacco-griglia-arancio--gima-32984;https://www.gimaitaly.com/images/prodotti/medium/32984.jpg;Gima;Linea Specializzata Astro Medical > Diagnostica;0.00;1;22
gima-33021;Carta termica ECG 210x20 mmxm - rotolo griglia arancio - Conf. 5pz;Carta termica ECG 210x20 mmxm, rotolo con griglia arancio, confezione da 5 pezzi. Codice GIMA 33021. Prezzo riferito alla confezione da 5 pz, imponibile IVA esclusa. Linea: Diagnostica › Consumabili. Prezzo unitario imponibile IVA esclusa.;36.60;https://www.asforniture.it/prodotti/carta-termica-ecg-210x20-mmxm-rotolo-griglia-arancio-conf-5pz--gima-33021;https://www.gimaitaly.com/images/prodotti/medium/33021.jpg;Gima;Linea Specializzata Astro Medical > Diagnostica;0.00;1;22
gima-33200;Analizzatore immunologico;Piattaforma immunologica per test in cassetta (marcatori infettivologici, cardiaci, vitamine, ecc.) secondo kit omologati. Prezzo unitario imponibile IVA esclusa.;1525.00;https://www.asforniture.it/prodotti/analizzatore-immunologico--gima-33200;https://www.gimaitaly.com/images/prodotti/medium/33200.jpg;Gima;Linea Specializzata Astro Medical > Diagnostica professionale;0.00;1;22
gima-33201;Test in cassetta — PCR (compatibile analizzatore immunologico);"Test molecolare in cassetta per uso su analizzatore immunologico compatibile; interpretazione secondo IFU. Prezzo unitario imponibile IVA esclusa.";54.90;https://www.asforniture.it/prodotti/test-in-cassetta-pcr-compatibile-analizzatore-immunologico--gima-33201;https://www.gimaitaly.com/images/prodotti/medium/33201.jpg;Gima;Linea Specializzata Astro Medical > Diagnostica professionale;0.00;1;22
gima-33203;Test in cassetta — Troponina;Test rapido troponina su piattaforma a cassetta compatibile con analizzatore immunologico dedicato. Prezzo unitario imponibile IVA esclusa.;67.10;https://www.asforniture.it/prodotti/test-in-cassetta-troponina--gima-33203;https://www.gimaitaly.com/images/prodotti/medium/33203.jpg;Gima;Linea Specializzata Astro Medical > Diagnostica professionale;0.00;1;22
gima-33206;Test in cassetta — COVID-19 Ag;Test antigenico COVID-19 in cassetta per lettura su strumento compatibile. Prezzo unitario imponibile IVA esclusa.;42.70;https://www.asforniture.it/prodotti/test-in-cassetta-covid-19-ag--gima-33206;https://www.gimaitaly.com/images/prodotti/medium/33206.jpg;Gima;Linea Specializzata Astro Medical > Diagnostica professionale;0.00;1;22
gima-33208;Test in cassetta — Vitamina D;Dosaggio vitamina D su test in cassetta per analizzatore immunologico compatibile. Prezzo unitario imponibile IVA esclusa.;51.24;https://www.asforniture.it/prodotti/test-in-cassetta-vitamina-d--gima-33208;https://www.gimaitaly.com/images/prodotti/medium/33208.jpg;Gima;Linea Specializzata Astro Medical > Diagnostica professionale;0.00;1;22
gima-33209;Test in cassetta — D-Dimero;"Test D-Dimero in cassetta; utilizzo con analizzatore immunologico della stessa linea. Prezzo unitario imponibile IVA esclusa.";58.56;https://www.asforniture.it/prodotti/test-in-cassetta-d-dimero--gima-33209;https://www.gimaitaly.com/images/prodotti/medium/33209.jpg;Gima;Linea Specializzata Astro Medical > Diagnostica professionale;0.00;1;22
gima-33221;ECG CONTEC 300G - 3 canali con display;Elettrocardiografo CONTEC 300G a 3 canali con display. Codice GIMA 33221. Prezzo fisso, imponibile IVA esclusa. Linea: Diagnostica › Strumenti.;488.00;https://www.asforniture.it/prodotti/ecg-contec-300g-3-canali-con-display--gima-33221;https://www.gimaitaly.com/images/prodotti/medium/33221.jpg;Gima;Linea Specializzata Astro Medical > Diagnostica;0.00;1;22
gima-33222;ECG CONTEC 600G - 3/6 canali con display;Elettrocardiografo CONTEC 600G a 3/6 canali con display. Codice GIMA 33222. Prezzo fisso, imponibile IVA esclusa. Linea: Diagnostica › Strumenti.;730.78;https://www.asforniture.it/prodotti/ecg-contec-600g-3-6-canali-con-display--gima-33222;https://www.gimaitaly.com/images/prodotti/medium/33222.jpeg;Gima;Linea Specializzata Astro Medical > Diagnostica;0.00;1;22
gima-33224;ECG CONTEC 1200G - 12 canali con display;Elettrocardiografo CONTEC 1200G a 12 canali con display. Codice GIMA 33224. Prezzo fisso, imponibile IVA esclusa. Linea: Diagnostica › Strumenti.;902.80;https://www.asforniture.it/prodotti/ecg-contec-1200g-12-canali-con-display--gima-33224;https://www.gimaitaly.com/images/prodotti/medium/33224.jpg;Gima;Linea Specializzata Astro Medical > Diagnostica;0.00;1;22
gima-33234;ECG CARDIONICA A 1 CANALE CON AFIB e BLUETOOTH;ECG Cardionica a 1 canale con rilevazione AFib e Bluetooth (cod. GIMA 33234). Elettrocardiografo compatto per screening ambulatoriale e monitoraggio: tracciato mono-canale, algoritmo dedicato alla fibrillazione atriale e trasferimento dati via Bluetooth verso dispositivi/software compatibili. Adatto a medicina generale e controlli rapidi. Seguire istruzioni di posizionamento elettrodi e qualità del segnale. Prezzo unitario imponibile IVA esclusa.;183.00;https://www.asforniture.it/prodotti/ecg-cardionica-a-1-canale-con-afib-e-bluetooth--gima-33234;https://www.gimaitaly.com/images/prodotti/medium/33234.jpg;Gima;Linea Specializzata Astro Medical > Elettromedicali;0.00;1;22
gima-33236;MONITOR ECG TASCABILE PCECG-500;Monitor ECG tascabile PCECG-500. Codice GIMA 33236. Prezzo fisso, imponibile IVA esclusa. Linea: Diagnostica › Strumenti.;854.00;https://www.asforniture.it/prodotti/monitor-ecg-tascabile-pcecg-500--gima-33236;https://www.gimaitaly.com/images/prodotti/medium/33236_b.jpg;Gima;Linea Specializzata Astro Medical > Diagnostica;0.00;1;22
gima-33314;ELETTRODI MONOUSO FOAM 36-40 mm - Conf. 100 pz.;Elettrodi monouso foam diametro 36-40 mm, confezione da 100 pezzi. Codice GIMA 33314. Prezzo 11,00 € per confezione da 100 pz, imponibile IVA esclusa. Linea: Diagnostica › Elettrodi.;13.42;https://www.asforniture.it/prodotti/elettrodi-monouso-foam-36-40-mm-conf-100-pz--gima-33314;https://www.asforniture.it/images/gima-33314-100pz.png;Gima;Linea Specializzata Astro Medical > Diagnostica;0.00;1;22
gima-33315;Strisce Mission PT (confezione standard);"Strisce reattive Mission per sistema PT/INR; confezione standard. Solo per analizzatori compatibili della stessa linea. Prezzo unitario imponibile IVA esclusa.";154.94;https://www.asforniture.it/prodotti/strisce-mission-pt-confezione-standard--gima-33315;https://www.gimaitaly.com/images/prodotti/medium/33315.jpg;Mission;Linea Specializzata Astro Medical > Diagnostica professionale;0.00;1;22
gima-33316;Strisce Mission PT (confezione professionale);Strisce reattive Mission per PT/INR, formato professionale ad alto utilizzo. Abbinare all’analizzatore Mission PT/INR. Prezzo unitario imponibile IVA esclusa.;490.44;https://www.asforniture.it/prodotti/strisce-mission-pt-confezione-professionale--gima-33316;https://www.gimaitaly.com/images/prodotti/medium/33316.jpg;Mission;Linea Specializzata Astro Medical > Diagnostica professionale;0.00;1;22
gima-33319;CAVO ECG VETERINARIA 5 derivazioni per 33305/6;Cavo ECG veterinaria 5 derivazioni, compatibile con elettrocardiografo GIMA 33305/33306. Codice GIMA 33319. Prezzo fisso, imponibile IVA esclusa. Linea: Elettromedicali.;158.60;https://www.asforniture.it/prodotti/cavo-ecg-veterinaria-5-derivazioni-per-33305-6--gima-33319;https://www.gimaitaly.com/images/prodotti/medium/33319.jpg;Gima;Linea Specializzata Astro Medical > Elettromedicali;0.00;1;22
gima-33344;ELETTRODI FOAM MONOUSO 48-50mm - gel - Conf. 50 pz.;Elettrodi foam monouso diametro 48-50 mm con gel, confezione da 50 pezzi. Codice GIMA 33344. Prezzo riferito alla confezione da 50 pz, imponibile IVA esclusa. Linea: Diagnostica › Consumabili. Prezzo unitario imponibile IVA esclusa.;8.72;https://www.asforniture.it/prodotti/elettrodi-foam-monouso-48-50mm-gel-conf-50-pz--gima-33344;https://www.gimaitaly.com/images/prodotti/medium/33344.jpg;Gima;Linea Specializzata Astro Medical > Diagnostica;0.00;1;22
gima-33364;SET 4 ELETTRODI PERIFERICI (PINZE);SET 4 ELETTRODI PERIFERICI (PINZE) Linea: Elettromedicali › Elettromedicali. Prezzo unitario imponibile IVA esclusa.;78.08;https://www.asforniture.it/prodotti/set-4-elettrodi-periferici-pinze--gima-33364;https://www.gimaitaly.com/images/prodotti/medium/33364.jpeg;Gima;Linea Specializzata Astro Medical > Elettromedicali;0.00;1;22
gima-33371;ELETTRODI PE-FOAM MONOUSO 48-50 mm - Conf. 50 pz.;Elettrodi PE-Foam monouso diametro 48-50 mm, confezione da 50 pezzi. Codice GIMA 33371. Prezzo fisso per confezione da 50 pz, imponibile IVA esclusa. Linea: Diagnostica › Consumabili. Prezzo unitario imponibile IVA esclusa.;8.17;https://www.asforniture.it/prodotti/elettrodi-pe-foam-monouso-48-50-mm-conf-50-pz--gima-33371;https://www.gimaitaly.com/images/prodotti/medium/33371.jpg;Gima;Linea Specializzata Astro Medical > Diagnostica;0.00;1;22
gima-33864;ECOGRAFO B/N CHISON ECO3;ECOGRAFO B/N CHISON ECO3 Linea: Diagnostica › Diagnostica per immagini. Prezzo unitario imponibile IVA esclusa.;5221.60;https://www.asforniture.it/prodotti/ecografo-b-n-chison-eco3--gima-33864;https://www.gimaitaly.com/images/prodotti/medium/33864.jpg;Gima;Linea Specializzata Astro Medical > Diagnostica;0.00;1;22
gima-34193;KIT GRANDE MULTIRED - valigetta;KIT GRANDE MULTIRED - valigetta Linea: Emergenza e pronto soccorso › Pronto soccorso. Prezzo unitario imponibile IVA esclusa.;237.90;https://www.asforniture.it/prodotti/kit-grande-multired-valigetta--gima-34193;https://www.gimaitaly.com/images/prodotti/medium/34193.jpg;Gima;Linea Specializzata Astro Medical > Emergenza e pronto soccorso;0.00;1;22
gima-34502;BOMBOLA OSSIGENO 2 l - riduttore UNI;Bombola ossigeno da 2 litri con riduttore UNI (cod. GIMA 34502). Kit per ossigenoterapia o backup di emergenza in ambito sanitario: capacità 2 L e riduttore conforme attacco UNI. Gestione, ricarica e stoccaggio secondo normative gas medicali e istruzioni del fornitore. Verificare stato di riempimento e scadenze collaudo. Prezzo unitario imponibile IVA esclusa.;329.40;https://www.asforniture.it/prodotti/bombola-ossigeno-2-l-riduttore-uni--gima-34502;https://www.gimaitaly.com/images/prodotti/medium/picture_nd.jpg;Gima;Linea Specializzata Astro Medical > Elettromedicali;0.00;1;22
gima-34589;CONCENTRATORE DI OSSIGENO PORTATILE SPIRIT 1l;Concentratore di ossigeno portatile Spirit 1 L (cod. GIMA 34589). Soluzione mobile per pazienti che necessitano di ossigenoterapia fuori casa: autonomia a batteria, peso contenuto e modalità di erogazione secondo scheda produttore. Indicato per mobilità quotidiana sotto supervisione sanitaria. Verificare autonomia dichiarata, ricariche e accessori (cannule, borse). Prezzo unitario imponibile IVA esclusa.;2196.00;https://www.asforniture.it/prodotti/concentratore-di-ossigeno-portatile-spirit-1l--gima-34589;https://www.gimaitaly.com/images/prodotti/medium/34589.jpg;Gima;Linea Specializzata Astro Medical > Elettromedicali;0.00;1;22
gima-34606;CONCENTRATORE DI OSSIGENO SILENT 5 litri;Concentratore di ossigeno Silent 5 litri (cod. GIMA 34606). Unità stazionaria a basso rumore per ossigenoterapia a lungo termine in ambito domiciliare o ambulatoriale: portata fino a 5 L/min secondo specifiche, funzionamento continuo da rete elettrica. Ideale dove è richiesta continuità terapeutica con comfort acustico. Consultare la scheda tecnica per purezza O₂, allarmi e manutenzione filtri. Prezzo unitario imponibile IVA esclusa.;732.00;https://www.asforniture.it/prodotti/concentratore-di-ossigeno-silent-5-litri--gima-34606;https://www.gimaitaly.com/images/prodotti/medium/34606.jpg;Gima;Linea Specializzata Astro Medical > Elettromedicali;0.00;1;22
gima-34773b;COMPRESSE GARZA COTONE 10x20 cm (12 strati);COMPRESSE GARZA COTONE 10x20 cm (12 strati) Linea: Emergenza e pronto soccorso › Consumabili. Prezzo unitario imponibile IVA esclusa.;15.13;https://www.asforniture.it/prodotti/compresse-garza-cotone-10x20-cm-12-strati--gima-34773b;https://www.gimaitaly.com/images/prodotti/medium/34773b.jpg;Gima;Linea Specializzata Astro Medical > Emergenza e pronto soccorso;0.00;1;22
gima-34842;BENDE DI GARZA 3,5 m x 10 cm;BENDE DI GARZA 3,5 m x 10 cm Linea: Emergenza e pronto soccorso › Consumabili. Prezzo unitario imponibile IVA esclusa.;14.03;https://www.asforniture.it/prodotti/bende-di-garza-3-5-m-x-10-cm--gima-34842;https://www.gimaitaly.com/images/prodotti/medium/34842.jpg;Gima;Linea Specializzata Astro Medical > Emergenza e pronto soccorso;0.00;1;22
gima-35010;Test Helicobacter pylori — Self (autodiagnostica);"Test rapido H. pylori per uso self; seguire IFU. Prezzo unitario imponibile IVA esclusa.";6.65;https://www.asforniture.it/prodotti/test-helicobacter-pylori-self-autodiagnostica--gima-35010;https://www.gimaitaly.com/images/prodotti/medium/35010.jpg;Gima;Linea Specializzata Astro Medical > Diagnostica professionale;0.00;1;22
gima-35011;Test Helicobacter pylori — Professionale;"Test H. pylori professionale; lettura secondo protocollo. Prezzo unitario imponibile IVA esclusa.";62.22;https://www.asforniture.it/prodotti/test-helicobacter-pylori-professionale--gima-35011;https://www.gimaitaly.com/images/prodotti/medium/35011.jpg;Gima;Linea Specializzata Astro Medical > Diagnostica professionale;0.00;1;22
gima-35012;COVID-19 — Test antigene rapido;"Test antigenico COVID-19; linea self e professionale secondo confezione. Prezzo unitario imponibile IVA esclusa.";10.37;https://www.asforniture.it/prodotti/covid-19-test-antigene-rapido--gima-35012;https://www.gimaitaly.com/images/prodotti/medium/35012.jpg;Gima;Linea Specializzata Astro Medical > Diagnostica professionale;0.00;1;22
gima-35024;COVID-19 — Test salivare;Test COVID-19 su campione salivare ove disponibile in listino. Prezzo unitario imponibile IVA esclusa.;14.64;https://www.asforniture.it/prodotti/covid-19-test-salivare--gima-35024;https://www.gimaitaly.com/images/prodotti/medium/35024.jpg;Gima;Linea Specializzata Astro Medical > Diagnostica professionale;0.00;1;22
gima-35025;COVID-19 — Test professionale;Test COVID-19 uso professionale / laboratorio leggero. Prezzo unitario imponibile IVA esclusa.;51.24;https://www.asforniture.it/prodotti/covid-19-test-professionale--gima-35025;https://www.gimaitaly.com/images/prodotti/medium/35025.jpg;Gima;Linea Specializzata Astro Medical > Diagnostica professionale;0.00;1;22
gima-35026;Streptococco A — Test striscia;Test rapido Strep-A su striscia. Prezzo unitario imponibile IVA esclusa.;8.42;https://www.asforniture.it/prodotti/streptococco-a-test-striscia--gima-35026;https://www.gimaitaly.com/images/prodotti/medium/35026.jpg;Gima;Linea Specializzata Astro Medical > Diagnostica professionale;0.00;1;22
gima-35027;Streptococco A — Test cassetta;Test rapido Strep-A in cassetta. Prezzo unitario imponibile IVA esclusa.;34.16;https://www.asforniture.it/prodotti/streptococco-a-test-cassetta--gima-35027;https://www.gimaitaly.com/images/prodotti/medium/35027.jpg;Gima;Linea Specializzata Astro Medical > Diagnostica professionale;0.00;1;22
gima-35028;Diagnostica avanzata — Marker cardiaco;"Dosaggio marcatore cardiaco secondo kit omologato; uso professionale. Prezzo unitario imponibile IVA esclusa.";336.72;https://www.asforniture.it/prodotti/diagnostica-avanzata-marker-cardiaco--gima-35028;https://www.gimaitaly.com/images/prodotti/medium/35028.jpg;Gima;Linea Specializzata Astro Medical > Diagnostica professionale;0.00;1;22
gima-35029;Diagnostica avanzata — Proteina C reattiva (PCR);"Test proteina C reattiva; listino Gima. Prezzo unitario imponibile IVA esclusa.";173.24;https://www.asforniture.it/prodotti/diagnostica-avanzata-proteina-c-reattiva-pcr--gima-35029;https://www.gimaitaly.com/images/prodotti/medium/35029.jpg;Gima;Linea Specializzata Astro Medical > Diagnostica professionale;0.00;1;22
gima-35035;Diagnostica avanzata — Test FOB (occulto);Test sangue occulto feci (FOB). Prezzo unitario imponibile IVA esclusa.;50.02;https://www.asforniture.it/prodotti/diagnostica-avanzata-test-fob-occulto--gima-35035;https://www.gimaitaly.com/images/prodotti/medium/35035.jpg;Gima;Linea Specializzata Astro Medical > Diagnostica professionale;0.00;1;22
gima-35039;COMPRESSE COTONE STERILI 10x10 cm;COMPRESSE COTONE STERILI 10x10 cm Linea: Emergenza e pronto soccorso › Consumabili. Prezzo unitario imponibile IVA esclusa.;9.52;https://www.asforniture.it/prodotti/compresse-cotone-sterili-10x10-cm--gima-35039;https://www.gimaitaly.com/images/prodotti/medium/35039.jpg;Gima;Linea Specializzata Astro Medical > Emergenza e pronto soccorso;0.00;1;22
gima-35100;Diagnostica avanzata — Malaria (test rapido);"Test rapido malaria; uso professionale. Prezzo unitario imponibile IVA esclusa.";63.44;https://www.asforniture.it/prodotti/diagnostica-avanzata-malaria-test-rapido--gima-35100;https://www.gimaitaly.com/images/prodotti/medium/35100.jpg;Gima;Linea Specializzata Astro Medical > Diagnostica professionale;0.00;1;22
gima-35130;HOLTER ECG + SOFTWARE;Holter ECG con software. Codice GIMA 35130. Prezzo fisso, imponibile IVA esclusa. Linea: Diagnostica › Strumenti.;732.00;https://www.asforniture.it/prodotti/holter-ecg-software--gima-35130;https://www.gimaitaly.com/images/prodotti/medium/35130.jpeg;Gima;Linea Specializzata Astro Medical > Diagnostica;0.00;1;22
gima-35200;Salute donna — Test gravidanza (singolo);Test di gravidanza singolo. Prezzo unitario imponibile IVA esclusa.;3.90;https://www.asforniture.it/prodotti/salute-donna-test-gravidanza-singolo--gima-35200;https://www.gimaitaly.com/images/prodotti/medium/35200.jpg;Gima;Linea Specializzata Astro Medical > Diagnostica professionale;0.00;1;22
gima-35202;Salute donna — Test gravidanza (doppio);Test di gravidanza doppia sensibilità. Prezzo unitario imponibile IVA esclusa.;7.08;https://www.asforniture.it/prodotti/salute-donna-test-gravidanza-doppio--gima-35202;https://www.gimaitaly.com/images/prodotti/medium/35202.jpg;Gima;Linea Specializzata Astro Medical > Diagnostica professionale;0.00;1;22
gima-35205;Salute donna — Test pH vaginale;Test pH vaginale. Prezzo unitario imponibile IVA esclusa.;14.03;https://www.asforniture.it/prodotti/salute-donna-test-ph-vaginale--gima-35205;https://www.gimaitaly.com/images/prodotti/medium/35205.jpg;Gima;Linea Specializzata Astro Medical > Diagnostica professionale;0.00;1;22
gima-35213;Salute donna — Vaginite (pannello multiplo);Test vaginite multiparametrico. Prezzo unitario imponibile IVA esclusa.;21.96;https://www.asforniture.it/prodotti/salute-donna-vaginite-pannello-multiplo--gima-35213;https://www.gimaitaly.com/images/prodotti/medium/35213.jpg;Gima;Linea Specializzata Astro Medical > Diagnostica professionale;0.00;1;22
gima-35215;Salute donna — Clamidia (test rapido);Test rapido Clamidia. Prezzo unitario imponibile IVA esclusa.;26.84;https://www.asforniture.it/prodotti/salute-donna-clamidia-test-rapido--gima-35215;https://www.gimaitaly.com/images/prodotti/medium/35215.jpg;Gima;Linea Specializzata Astro Medical > Diagnostica professionale;0.00;1;22
gima-35216;Tossicologia — Multitest urine 7 droghe;"Screening urine 7 analiti; uso professionale. Prezzo unitario imponibile IVA esclusa.";26.84;https://www.asforniture.it/prodotti/tossicologia-multitest-urine-7-droghe--gima-35216;https://www.gimaitaly.com/images/prodotti/medium/35216.jpg;Gima;Linea Specializzata Astro Medical > Diagnostica professionale;0.00;1;22
gima-35221;Tossicologia — Multitest urine 10 droghe;Screening urine 10 analiti. Prezzo unitario imponibile IVA esclusa.;41.48;https://www.asforniture.it/prodotti/tossicologia-multitest-urine-10-droghe--gima-35221;https://www.gimaitaly.com/images/prodotti/medium/35221.jpg;Gima;Linea Specializzata Astro Medical > Diagnostica professionale;0.00;1;22
gima-35222;Tossicologia — Multitest urine 16 droghe;Screening urine 16 analiti. Prezzo unitario imponibile IVA esclusa.;70.76;https://www.asforniture.it/prodotti/tossicologia-multitest-urine-16-droghe--gima-35222;https://www.gimaitaly.com/images/prodotti/medium/35222.jpg;Gima;Linea Specializzata Astro Medical > Diagnostica professionale;0.00;1;22
gima-35306;Tossicologia — Test salivare 6 droghe + alcol;Test salivare multipanel 6 droghe e alcol. Prezzo unitario imponibile IVA esclusa.;35.38;https://www.asforniture.it/prodotti/tossicologia-test-salivare-6-droghe-alcol--gima-35306;https://www.gimaitaly.com/images/prodotti/medium/35306.jpg;Gima;Linea Specializzata Astro Medical > Diagnostica professionale;0.00;1;22
gima-35307;Tossicologia — Test alcolimetrico;Test / rilevazione alcolimetrica secondo confezione. Prezzo unitario imponibile IVA esclusa.;46.36;https://www.asforniture.it/prodotti/tossicologia-test-alcolimetrico--gima-35307;https://www.gimaitaly.com/images/prodotti/medium/35307.jpg;Gima;Linea Specializzata Astro Medical > Diagnostica professionale;0.00;1;22
gima-35340;DEFIBRILLATORE iPad CU-SP1 AED - GB,FR,IT,ES,DE,PL,US, JP, KR, Arabo;Defibrillatore iPad CU-SP1 AED multilingua (GB, FR, IT, ES, DE, PL, US, JP, KR, Arabo). Codice GIMA 35340. Prezzo fisso, imponibile IVA esclusa. Linea: Emergenza e pronto soccorso › Pronto soccorso.;1098.00;https://www.asforniture.it/prodotti/defibrillatore-ipad-cu-sp1-aed-gb-fr-it-es-de-pl-us-jp-kr-arabo--gima-35340;https://www.gimaitaly.com/images/prodotti/medium/35340.jpg;Gima;Linea Specializzata Astro Medical > Emergenza e pronto soccorso;0.00;1;22
gima-35400;Veterinaria — Strisce urina 11 parametri;Strisce urinarie veterinarie 11 parametri. Prezzo unitario imponibile IVA esclusa.;39.04;https://www.asforniture.it/prodotti/veterinaria-strisce-urina-11-parametri--gima-35400;https://www.gimaitaly.com/images/prodotti/medium/35400.jpg;Gima;Linea Specializzata Astro Medical > Diagnostica professionale;0.00;1;22
gima-35562;LAVASTRUMENTI TUTTNAUER senza sistema di asciugatura;Lavastrumenti Tuttnauer senza sistema di asciugatura (cod. GIMA 35562). Macchina per il lavaggio/disinfezione termica dello strumentario in CSSD e ambulatori chirurgici: cicli validabili e gestione carico secondo specifiche produttore. Versione senza modulo di asciugatura integrato (asciugatura esterna o processo successivo). Ideale per centrali di sterilizzazione di medie dimensioni. Prezzo unitario imponibile IVA esclusa.;7320.00;https://www.asforniture.it/prodotti/lavastrumenti-tuttnauer-senza-sistema-di-asciugatura--gima-35562;https://www.gimaitaly.com/images/prodotti/medium/35562.jpg;Tuttnauer;Linea Specializzata Astro Medical > Elettromedicali;0.00;1;22
gima-35563;LAVASTRUMENTI TUTTNAUER con sistema di asciugatura;Lavastrumenti Tuttnauer con sistema di asciugatura (cod. GIMA 35563). Versione completa con asciugatura integrata per ottimizzare il flusso lavaggio–asciugatura dello strumentario prima della sterilizzazione. Destinata a CSSD e strutture chirurgiche. Consultare scheda tecnica per capacità camera, consumi e cicli. Prezzo unitario imponibile IVA esclusa.;8540.00;https://www.asforniture.it/prodotti/lavastrumenti-tuttnauer-con-sistema-di-asciugatura--gima-35563;https://www.gimaitaly.com/images/prodotti/medium/35563.jpg;Tuttnauer;Linea Specializzata Astro Medical > Elettromedicali;0.00;1;22
gima-36565;POVI-IODINE 100 ANTISETTICO - 500 ml;POVI-IODINE 100 ANTISETTICO - 500 ml Linea: Farmacia e cura › Disinfezione. Prezzo unitario imponibile IVA esclusa.;26.84;https://www.asforniture.it/prodotti/povi-iodine-100-antisettico-500-ml--gima-36565;https://www.gimaitaly.com/images/prodotti/medium/36565.jpg;Gima;Linea Specializzata Astro Medical > Farmacia e cura;0.00;1;22
gima-36620;DISINFETTANTE SPRAY - 400 ml;DISINFETTANTE SPRAY - 400 ml Linea: Farmacia e cura › Disinfezione. Prezzo unitario imponibile IVA esclusa.;20.13;https://www.asforniture.it/prodotti/disinfettante-spray-400-ml--gima-36620;https://www.gimaitaly.com/images/prodotti/medium/36620.jpg;Gima;Linea Specializzata Astro Medical > Farmacia e cura;0.00;1;22
gima-36630;MEDICAL SOAP sapone disinfettante - 1L;MEDICAL SOAP sapone disinfettante - 1L Linea: Farmacia e cura › Disinfezione. Prezzo unitario imponibile IVA esclusa.;24.16;https://www.asforniture.it/prodotti/medical-soap-sapone-disinfettante-1l--gima-36630;https://www.gimaitaly.com/images/prodotti/medium/36630.jpg;Gima;Linea Specializzata Astro Medical > Farmacia e cura;0.00;1;22
gima-36633;SALVIETTINE DISINFETTANTI ALLA CLOREXIDINA;SALVIETTINE DISINFETTANTI ALLA CLOREXIDINA Linea: Farmacia e cura › Disinfezione. Prezzo unitario imponibile IVA esclusa.;15.74;https://www.asforniture.it/prodotti/salviettine-disinfettanti-alla-clorexidina--gima-36633;https://www.gimaitaly.com/images/prodotti/medium/36633.jpg;Gima;Linea Specializzata Astro Medical > Farmacia e cura;0.00;1;22
gima-36635;GERMOXID LIQUIDO DISINFETTANTE CUTE (250 ml);GERMOXID LIQUIDO DISINFETTANTE CUTE (250 ml) Linea: Farmacia e cura › Disinfezione. Prezzo unitario imponibile IVA esclusa.;17.32;https://www.asforniture.it/prodotti/germoxid-liquido-disinfettante-cute-250-ml--gima-36635;https://www.gimaitaly.com/images/prodotti/medium/36635.jpg;Gima;Linea Specializzata Astro Medical > Farmacia e cura;0.00;1;22
gima-37918;PROVETTA 5 ml — cilindrica 12×86 mm — PP sterile — GIMA 37918;"Provetta cilindrica 5 ml in polipropilene, 12×86 mm, sterile; per campioni e laboratorio. Compatibile con rastrelliera diam. 12–13 mm. Prezzo unitario imponibile IVA esclusa.";363.56;https://www.asforniture.it/prodotti/provetta-5-ml-cilindrica-12-86-mm-pp-sterile-gima-37918--gima-37918;https://www.gimaitaly.com/images/prodotti/medium/37918.jpg;Gima;Linea Specializzata Astro Medical > Materiale da laboratorio;0.00;1;22
gima-37919;PROVETTA 10 ml — cilindrica 16×100 mm — PP sterile — GIMA 37919;Provetta cilindrica 10 ml in polipropilene, 16×100 mm, sterile. Compatibile con rastrelliera diam. 16 mm. Prezzo unitario imponibile IVA esclusa.;225.70;https://www.asforniture.it/prodotti/provetta-10-ml-cilindrica-16-100-mm-pp-sterile-gima-37919--gima-37919;https://www.gimaitaly.com/images/prodotti/medium/37919.jpg;Gima;Linea Specializzata Astro Medical > Materiale da laboratorio;0.00;1;22
gima-37920;PROVETTA 5 ml — sterile — variante — GIMA 37920;"Provetta 5 ml sterile, variante listino Gima; polipropilene per uso di laboratorio. Compatibile con rastrelliera diam. 12–13 mm. Prezzo unitario imponibile IVA esclusa.";180.56;https://www.asforniture.it/prodotti/provetta-5-ml-sterile-variante-gima-37920--gima-37920;https://www.gimaitaly.com/images/prodotti/medium/37920.jpg;Gima;Linea Specializzata Astro Medical > Materiale da laboratorio;0.00;1;22
gima-37935;RASTRELLIERA PER PROVETTE — diam. 12 o 13 mm — 90 posti — GIMA 37935;"Rastrelliera per provette, fori diam. 12 o 13 mm, 90 posti; per organizzazione banco laboratorio. Abbinare alle provette 5 ml GIMA 37918 e 37920. Prezzo unitario imponibile IVA esclusa.";39.04;https://www.asforniture.it/prodotti/rastrelliera-per-provette-diam-12-o-13-mm-90-posti-gima-37935--gima-37935;https://www.gimaitaly.com/images/prodotti/medium/37935.jpg;Gima;Linea Specializzata Astro Medical > Materiale da laboratorio;0.00;1;22
gima-37936;RASTRELLIERA PER PROVETTE — diam. 16 mm — 60 posti — GIMA 37936;Rastrelliera per provette, fori diam. 16 mm, 60 posti. Abbinare alla provetta 10 ml GIMA 37919. Prezzo unitario imponibile IVA esclusa.;39.04;https://www.asforniture.it/prodotti/rastrelliera-per-provette-diam-16-mm-60-posti-gima-37936--gima-37936;https://www.gimaitaly.com/images/prodotti/medium/37936.jpg;Gima;Linea Specializzata Astro Medical > Materiale da laboratorio;0.00;1;22
gima-37950;PIPETTA PASTEUR 1 ml — GIMA 37950;Pipetta Pasteur monouso 1 ml per prelievi e dosaggi in laboratorio. Prezzo unitario imponibile IVA esclusa.;262.30;https://www.asforniture.it/prodotti/pipetta-pasteur-1-ml-gima-37950--gima-37950;https://www.gimaitaly.com/images/prodotti/medium/37950.jpg;Gima;Linea Specializzata Astro Medical > Materiale da laboratorio;0.00;1;22
gima-37951;PIPETTA PASTEUR 3 ml — GIMA 37951;Pipetta Pasteur monouso 3 ml per prelievi e dosaggi in laboratorio. Prezzo unitario imponibile IVA esclusa.;262.30;https://www.asforniture.it/prodotti/pipetta-pasteur-3-ml-gima-37951--gima-37951;https://www.gimaitaly.com/images/prodotti/medium/37951.jpg;Gima;Linea Specializzata Astro Medical > Materiale da laboratorio;0.00;1;22
gima-39101;FORBICI IRIS SOTTILI AESCULAP BC110R — 11 cm — GIMA 39101;"Forbici Iris sottili Aesculap, rette, punte acute/acute, 11 cm, codice BC110R. Dispositivo medico classe I; prezzo unitario imponibile IVA esclusa.";100.04;https://www.asforniture.it/prodotti/forbici-iris-sottili-aesculap-bc110r-11-cm-gima-39101--gima-39101;https://www.gimaitaly.com/images/prodotti/medium/39101.jpg;Aesculap;Linea Specializzata Astro Medical > Strumentario chirurgico;0.00;1;22
gima-39102;FORBICI IRIDECTOMIA E LEGATURE AESCULAP BC111R — 11 cm — GIMA 39102;Forbici per iridectomia e legature Aesculap, curve, punte acute/acute, 11 cm, codice BC111R. Prezzo unitario imponibile IVA esclusa.;100.04;https://www.asforniture.it/prodotti/forbici-iridectomia-e-legature-aesculap-bc111r-11-cm-gima-39102--gima-39102;https://www.gimaitaly.com/images/prodotti/medium/39102.jpg;Aesculap;Linea Specializzata Astro Medical > Strumentario chirurgico;0.00;1;22
gima-39110;FORBICI CHIRURGICHE AESCULAP BC314R — smusse 14,5 cm — GIMA 39110;Forbici chirurgiche Aesculap, rette, punte smusse/smusse, 14,5 cm, codice BC314R. Prezzo unitario imponibile IVA esclusa.;86.62;https://www.asforniture.it/prodotti/forbici-chirurgiche-aesculap-bc314r-smusse-14-5-cm-gima-39110--gima-39110;https://www.gimaitaly.com/images/prodotti/medium/39110.jpg;Aesculap;Linea Specializzata Astro Medical > Strumentario chirurgico;0.00;1;22
gima-39111;FORBICI CHIRURGICHE AESCULAP BC315R — smusse 15 cm — GIMA 39111;Forbici chirurgiche Aesculap, rette, punte smusse/smusse, 15 cm, codice BC315R. Prezzo unitario imponibile IVA esclusa.;87.84;https://www.asforniture.it/prodotti/forbici-chirurgiche-aesculap-bc315r-smusse-15-cm-gima-39111--gima-39111;https://www.gimaitaly.com/images/prodotti/medium/39111.jpg;Aesculap;Linea Specializzata Astro Medical > Strumentario chirurgico;0.00;1;22
gima-39114;FORBICI CHIRURGICHE AESCULAP BC324R — alterne 14,5 cm — GIMA 39114;Forbici chirurgiche Aesculap, rette, punte acute/smusse, 14,5 cm, codice BC324R. Prezzo unitario imponibile IVA esclusa.;90.28;https://www.asforniture.it/prodotti/forbici-chirurgiche-aesculap-bc324r-alterne-14-5-cm-gima-39114--gima-39114;https://www.gimaitaly.com/images/prodotti/medium/39114.jpg;Aesculap;Linea Specializzata Astro Medical > Strumentario chirurgico;0.00;1;22
gima-39115;FORBICI CHIRURGICHE AESCULAP BC326R — alterne 16,5 cm — GIMA 39115;Forbici chirurgiche Aesculap, rette, punte acute/smusse, 16,5 cm, codice BC326R. Prezzo unitario imponibile IVA esclusa.;96.38;https://www.asforniture.it/prodotti/forbici-chirurgiche-aesculap-bc326r-alterne-16-5-cm-gima-39115--gima-39115;https://www.gimaitaly.com/images/prodotti/medium/39115.jpg;Aesculap;Linea Specializzata Astro Medical > Strumentario chirurgico;0.00;1;22
gima-39120;FORBICI MAYO AESCULAP BC545R — 15,5 cm — GIMA 39120;Forbici Mayo Aesculap, rette, punte smusse/smusse, 15,5 cm, codice BC545R. Prezzo unitario imponibile IVA esclusa.;90.28;https://www.asforniture.it/prodotti/forbici-mayo-aesculap-bc545r-15-5-cm-gima-39120--gima-39120;https://www.gimaitaly.com/images/prodotti/medium/39120.jpg;Aesculap;Linea Specializzata Astro Medical > Strumentario chirurgico;0.00;1;22
gima-39121;FORBICI MAYO AESCULAP BC555R — curve 15,5 cm — GIMA 39121;Forbici Mayo Aesculap, curve, punte smusse/smusse, 15,5 cm, codice BC555R. Prezzo unitario imponibile IVA esclusa.;91.50;https://www.asforniture.it/prodotti/forbici-mayo-aesculap-bc555r-curve-15-5-cm-gima-39121--gima-39121;https://www.gimaitaly.com/images/prodotti/medium/39121.jpg;Aesculap;Linea Specializzata Astro Medical > Strumentario chirurgico;0.00;1;22
gima-39122;FORBICI MAYO AESCULAP BC584R — 16,5 cm — GIMA 39122;Forbici Mayo Aesculap, rette, punte smusse/smusse, 16,5 cm, codice BC584R. Prezzo unitario imponibile IVA esclusa.;93.94;https://www.asforniture.it/prodotti/forbici-mayo-aesculap-bc584r-16-5-cm-gima-39122--gima-39122;https://www.gimaitaly.com/images/prodotti/medium/39122.jpg;Aesculap;Linea Specializzata Astro Medical > Strumentario chirurgico;0.00;1;22
gima-39123;FORBICI MAYO DISSEZIONE AESCULAP BC587R — curve 16,5 cm — GIMA 39123;Forbici Mayo da dissezione Aesculap, curve, punte smusse/smusse, 16,5 cm, codice BC587R. Prezzo unitario imponibile IVA esclusa.;95.16;https://www.asforniture.it/prodotti/forbici-mayo-dissezione-aesculap-bc587r-curve-16-5-cm-gima-39123--gima-39123;https://www.gimaitaly.com/images/prodotti/medium/39123.jpg;Aesculap;Linea Specializzata Astro Medical > Strumentario chirurgico;0.00;1;22
gima-39130;FORBICI METZENBAUM AESCULAP BC601R — 14,5 cm — GIMA 39130;Forbici Metzenbaum Aesculap, rette, punte smusse/smusse, 14,5 cm, codice BC601R. Prezzo unitario imponibile IVA esclusa.;92.72;https://www.asforniture.it/prodotti/forbici-metzenbaum-aesculap-bc601r-14-5-cm-gima-39130--gima-39130;https://www.gimaitaly.com/images/prodotti/medium/39130.jpg;Aesculap;Linea Specializzata Astro Medical > Strumentario chirurgico;0.00;1;22
gima-39131;FORBICI METZENBAUM AESCULAP BC602R — 18 cm — GIMA 39131;Forbici Metzenbaum Aesculap, rette, punte smusse/smusse, 18 cm, codice BC602R. Prezzo unitario imponibile IVA esclusa.;98.82;https://www.asforniture.it/prodotti/forbici-metzenbaum-aesculap-bc602r-18-cm-gima-39131--gima-39131;https://www.gimaitaly.com/images/prodotti/medium/39131.jpg;Aesculap;Linea Specializzata Astro Medical > Strumentario chirurgico;0.00;1;22
gima-39132;FORBICI METZENBAUM AESCULAP BC605R — curve 14,5 cm — GIMA 39132;Forbici Metzenbaum Aesculap, curve, punte smusse/smusse, 14,5 cm, codice BC605R. Prezzo unitario imponibile IVA esclusa.;95.16;https://www.asforniture.it/prodotti/forbici-metzenbaum-aesculap-bc605r-curve-14-5-cm-gima-39132--gima-39132;https://www.gimaitaly.com/images/prodotti/medium/39132.jpg;Aesculap;Linea Specializzata Astro Medical > Strumentario chirurgico;0.00;1;22
gima-39133;FORBICI METZENBAUM AESCULAP BC606R — curve 18 cm — GIMA 39133;Forbici Metzenbaum Aesculap, curve, punte smusse/smusse, 18 cm, codice BC606R. Prezzo unitario imponibile IVA esclusa.;101.26;https://www.asforniture.it/prodotti/forbici-metzenbaum-aesculap-bc606r-curve-18-cm-gima-39133--gima-39133;https://www.gimaitaly.com/images/prodotti/medium/39133.jpg;Aesculap;Linea Specializzata Astro Medical > Strumentario chirurgico;0.00;1;22
gima-41700;TIRALATTE MANUALE;"Tiralatte manuale; modalità d’uso e manutenzione secondo istruzioni in confezione. Prezzo unitario imponibile IVA esclusa.";23.55;https://www.asforniture.it/prodotti/tiralatte-manuale--gima-41700;https://www.gimaitaly.com/images/prodotti/medium/41700.jpg;Gima;Linea Specializzata Astro Medical > Maternità e specialistica;0.00;1;22
gima-41701;TIRALATTE ELETTRICO;"Tiralatte elettrico; alimentazione e ricambi come da kit produttore. Prezzo unitario imponibile IVA esclusa.";75.15;https://www.asforniture.it/prodotti/tiralatte-elettrico--gima-41701;https://www.gimaitaly.com/images/prodotti/medium/41701.jpg;Gima;Linea Specializzata Astro Medical > Maternità e specialistica;0.00;1;22
gima-49501;FONENDOSCOPIO YTON - lira blu scuro;Fonendoscopio YTON con lira blu scuro. Codice GIMA 49501. Prezzo unitario imponibile IVA esclusa. Linea: Diagnostica › Strumenti. Prezzo unitario imponibile IVA esclusa.;15.86;https://www.asforniture.it/prodotti/fonendoscopio-yton-lira-blu-scuro--gima-49501;https://www.gimaitaly.com/images/prodotti/medium/49501.jpg;Gima;Linea Specializzata Astro Medical > Diagnostica;0.00;1;22
gima-49511;DUOFONO YTON - lira blu scuro;Duofono YTON con lira blu scuro. Codice GIMA 49511. Prezzo unitario imponibile IVA esclusa. Linea: Diagnostica › Strumenti. Prezzo unitario imponibile IVA esclusa.;18.30;https://www.asforniture.it/prodotti/duofono-yton-lira-blu-scuro--gima-49511;https://www.gimaitaly.com/images/prodotti/medium/49511.jpg;Gima;Linea Specializzata Astro Medical > Diagnostica;0.00;1;22
gima-49880;MISURATORE DI PRESSIONE AUTOMATICO EASYCHECK GIMA;Misuratore di pressione automatico EASYCHECK GIMA. Codice GIMA 49880. Prezzo unitario imponibile IVA esclusa. Linea: Diagnostica › Strumenti.;24.40;https://www.asforniture.it/prodotti/misuratore-di-pressione-automatico-easycheck-gima--gima-49880;https://www.gimaitaly.com/images/prodotti/medium/49880.jpg;Gima;Linea Specializzata Astro Medical > Diagnostica;0.00;1;22
gima-49898;MISURATORE DI PRESSIONE DIGITALE OMRON M2+ HEM-7188-LE;Misuratore di pressione digitale OMRON M2+ HEM-7188-LE. Codice GIMA 49898. Prezzo fisso, imponibile IVA esclusa. Linea: Diagnostica › Strumenti.;48.80;https://www.asforniture.it/prodotti/misuratore-di-pressione-digitale-omron-m2-hem-7188-le--gima-49898;https://www.gimaitaly.com/images/prodotti/medium/49898.jpeg;Gima;Linea Specializzata Astro Medical > Diagnostica;0.00;1;22
gima-49907;MISURATORE DI PRESSIONE DIGITALE OMRON M3 COMFORT AFIB HEM-7196-FLE;Misuratore di pressione digitale OMRON M3 COMFORT AFIB HEM-7196-FLE. Codice GIMA 49907. Prezzo fisso, imponibile IVA esclusa. Linea: Diagnostica › Strumenti.;73.20;https://www.asforniture.it/prodotti/misuratore-di-pressione-digitale-omron-m3-comfort-afib-hem-7196-fle--gima-49907;https://www.gimaitaly.com/images/prodotti/medium/49907.jpeg;Gima;Linea Specializzata Astro Medical > Diagnostica;0.00;1;22
gima-54205;CARDIOLINE ECG200L FULL (Glasgow + EasyApp) - schermo a colori touch da 7;"Cardioline ECG200L FULL (Glasgow + EasyApp) con schermo a colori touch da 7"". Codice GIMA 54205. Prezzo fisso, imponibile IVA esclusa. Linea: Diagnostica › Strumenti.";1952.00;https://www.asforniture.it/prodotti/cardioline-ecg200l-full-glasgow-easyapp-schermo-a-colori-touch-da-7--gima-54205;https://www.gimaitaly.com/images/prodotti/medium/54205.jpg;Gima;Linea Specializzata Astro Medical > Diagnostica;0.00;1;22
gima-54231;NEO ECG T180 TABLET ECG con stampante;NEO ECG T180 tablet ECG con stampante. Codice GIMA 54231. Prezzo fisso, imponibile IVA esclusa. Linea: Diagnostica › Strumenti.;1830.00;https://www.asforniture.it/prodotti/neo-ecg-t180-tablet-ecg-con-stampante--gima-54231;https://www.gimaitaly.com/images/prodotti/medium/54231.jpg;Gima;Linea Specializzata Astro Medical > Diagnostica;0.00;1;22
gima-54300;SISTEMA DI MONITORAGGIO HOLTER M12 - 12 derivazioni;Sistema di monitoraggio Holter M12 a 12 derivazioni. Codice GIMA 54300. Prezzo fisso, imponibile IVA esclusa. Linea: Diagnostica › Strumenti.;1159.00;https://www.asforniture.it/prodotti/sistema-di-monitoraggio-holter-m12-12-derivazioni--gima-54300;https://www.gimaitaly.com/images/prodotti/medium/54300.jpg;Gima;Linea Specializzata Astro Medical > Diagnostica;0.00;1;22
gima-56600;VENTILATORE DI EMERGENZA SHANGRILA 510S;Ventilatore di emergenza Shangrila 510S (cod. GIMA 56600). Ventilatore portatile per supporto respiratorio in emergenza, trasporto e scenari pre-ospedalieri: modalità ventilative e allarmi secondo configurazione CE del produttore. Destinato a personale sanitario formato. Consultare la scheda tecnica per circuiti paziente, alimentazione e autonomia. Prezzo unitario imponibile IVA esclusa.;4758.00;https://www.asforniture.it/prodotti/ventilatore-di-emergenza-shangrila-510s--gima-56600;https://www.gimaitaly.com/images/prodotti/medium/56600.jpg;Gima;Linea Specializzata Astro Medical > Elettromedicali;0.00;1;22
gima-56800;DENSITOMETRO OSSEO AD ULTRASUONI SUNLIGHT MINIOMNI PER LA VALUTAZIONE DELL'OSTEOPOROSI con sonda CM + software - adulti;Densitometro osseo a ultrasuoni Sunlight MiniOmni (cod. GIMA 56800) per valutazione dell’osteoporosi negli adulti, completo di sonda CM e software. Soluzione non invasiva per screening della densità ossea in ambulatorio e centri diagnostici, senza radiazioni ionizzanti. Include gestione dati paziente e reportistica secondo configurazione produttore. Consultare la scheda tecnica ufficiale per protocolli d’uso e requisiti di installazione. Prezzo unitario imponibile IVA esclusa.;14640.00;https://www.asforniture.it/prodotti/densitometro-osseo-ad-ultrasuoni-sunlight-miniomni-per-la-valutazione-dell-osteo--gima-56800;https://www.gimaitaly.com/images/prodotti/medium/56800.jpg;Gima;Linea Specializzata Astro Medical > Elettromedicali;0.00;1;22
IMPULSE75-A4;Carta fotocopie - A4 - 75 gr - bianco - Impulse 75;Carta bianca formato A4 (21x29,7cm), grammatura 75gr. Ideale per grandi volumi di stampa.;5.49;https://www.asforniture.it/prodotti/carta-fotocopie-a4-75-gr-bianco-impulse-75--IMPULSE75-A4;https://odmultimedia.eu/immagini/HD/103379.jpg;Astro Forniture;Carta > Formato Carta A4;0.00;1;22
STL2005;Carta fotocopie - A3 - 80 gr - 500 fogli - bianca - Starline;Carta fotocopie di alta qualità Starline, ideale per uffici e usi professionali.;12.87;https://www.asforniture.it/prodotti/carta-fotocopie-a3-80-gr-500-fogli-bianca-starline--STL2005;https://odmultimedia.eu/immagini/HD/STL2005.jpg;Astro Forniture;Carta > Formato Carta A3;0.00;1;22
STL4001;Raccoglitore Registratore Starbox - dorso 8 cm - Rosso;Raccoglitore Registratore Starbox - dorso 8 cm - Rosso;4.27;https://www.asforniture.it/prodotti/raccoglitore-registratore-starbox-dorso-8-cm-rosso--STL4001;https://odmultimedia.eu/immagini/HD/STL4001.jpg;Astro Forniture;Archivio > Raccoglitori Archivio;0.00;1;22
STL4008;Raccoglitore Registratore Starbox - dorso 8 cm - Blu;Raccoglitore Registratore Starbox - dorso 8 cm - Blu;4.27;https://www.asforniture.it/prodotti/raccoglitore-registratore-starbox-dorso-8-cm-blu--STL4008;https://odmultimedia.eu/immagini/HD/STL4008.jpg;Astro Forniture;Archivio > Raccoglitori Archivio;0.00;1;22
STL4010;Raccoglitore Registratore Starbox - dorso 8 cm - Verde;Raccoglitore Registratore Starbox - dorso 8 cm - Verde;4.27;https://www.asforniture.it/prodotti/raccoglitore-registratore-starbox-dorso-8-cm-verde--STL4010;https://odmultimedia.eu/immagini/HD/STL4010.jpg;Astro Forniture;Archivio > Raccoglitori Archivio;0.00;1;22
STL4011;Raccoglitore Registratore Starbox - dorso 8 cm - Giallo;Raccoglitore Registratore Starbox - dorso 8 cm - Giallo;4.27;https://www.asforniture.it/prodotti/raccoglitore-registratore-starbox-dorso-8-cm-giallo--STL4011;https://odmultimedia.eu/immagini/HD/STL4011.jpg;Astro Forniture;Archivio > Raccoglitori Archivio;0.00;1;22
STL4013;Raccoglitore Registratore Starbox - dorso 8 cm - Arancio;Raccoglitore Registratore Starbox - dorso 8 cm - Arancio;4.27;https://www.asforniture.it/prodotti/raccoglitore-registratore-starbox-dorso-8-cm-arancio--STL4013;https://odmultimedia.eu/immagini/HD/STL4013.jpg;Astro Forniture;Archivio > Raccoglitori Archivio;0.00;1;22
STL4014;Raccoglitore Registratore Starbox - dorso 8 cm - Lilla;Raccoglitore Registratore Starbox - dorso 8 cm - Lilla;4.27;https://www.asforniture.it/prodotti/raccoglitore-registratore-starbox-dorso-8-cm-lilla--STL4014;https://odmultimedia.eu/immagini/HD/STL4014.jpg;Astro Forniture;Archivio > Raccoglitori Archivio;0.00;1;22
STL4017;Raccoglitore Registratore Starbox - dorso 8 cm - Nero;Raccoglitore Registratore Starbox - dorso 8 cm - Nero;4.27;https://www.asforniture.it/prodotti/raccoglitore-registratore-starbox-dorso-8-cm-nero--STL4017;https://odmultimedia.eu/immagini/HD/STL4017.jpg;Astro Forniture;Archivio > Raccoglitori Archivio;0.00;1;22
STL7412;Buste forate Medium - buccia - 22 x 30 cm - trasparente - Starline - conf. 50 pezzi;Buste forate in polipropilene (PP) con finitura goffrata antiriflesso (buccia d'arancia). Formato 22x30 cm, ideali per evitare ditate e riflessi fastidiosi durante la lettura.;2.93;https://www.asforniture.it/prodotti/buste-forate-medium-buccia-22-x-30-cm-trasparente-starline-conf-50-pezzi--STL7412;https://odmultimedia.eu/immagini/HD/STL7412.jpg;Astro Forniture;Archivio > Buste Trasparenti;0.00;1;22
STL7413;Buste forate Medium - liscio - 22 x 30 cm - trasparente - Starline - conf. 50 pezzi;Buste forate in polipropilene (PP) con finitura liscia superiore. Formato 22x30 cm, ideali per l'archiviazione universale grazie alla foratura laterale rinforzata.;3.05;https://www.asforniture.it/prodotti/buste-forate-medium-liscio-22-x-30-cm-trasparente-starline-conf-50-pezzi--STL7413;https://odmultimedia.eu/immagini/HD/STL7413.jpg;Astro Forniture;Archivio > Buste Trasparenti;0.00;1;22
STL7414;Buste forate Top - buccia - 22 x 30 cm - trasparente - Starline - conf. 50 pezzi;Buste forate di qualità superiore con finitura a buccia d'arancia (antiriflesso). Realizzate in robusto polipropilene (PP), formato 22x30 cm. Ideali per consultazione frequente sotto luce diretta.;3.78;https://www.asforniture.it/prodotti/buste-forate-top-buccia-22-x-30-cm-trasparente-starline-conf-50-pezzi--STL7414;https://odmultimedia.eu/immagini/HD/STL7414.jpg;Astro Forniture;Archivio > Buste Trasparenti;0.00;1;22
STL7415;Buste forate Top - liscio - 22 x 30 cm - trasparente - Starline - conf. 50 pezzi;Buste forate di qualità superiore (Top) in polipropilene (PP) liscio. Formato 22x30 cm, massima trasparenza e resistenza per uso intensivo.;3.90;https://www.asforniture.it/prodotti/buste-forate-top-liscio-22-x-30-cm-trasparente-starline-conf-50-pezzi--STL7415;https://odmultimedia.eu/immagini/HD/STL7415.jpg;Astro Forniture;Archivio > Buste Trasparenti;0.00;1;22